timestamp,demand_kwh,pv_kwh,soc_kwh,grid_import_kwh,grid_export_kwh,charge_kwh,discharge_kwh
2024-01-01 00:00:00,47.87721098553098,0.09644750328453737,549.634653018101,0.0,0.0,0.0,47.78076348224644
2024-01-01 01:00:00,47.87721098553098,0.3269155817901297,499.51224072154866,0.0,0.0,0.0,47.55029540374085
2024-01-01 02:00:00,47.87721098553098,1.0050060625922688,450.10459855133416,0.0,0.0,0.0,46.872204922938714
2024-01-01 03:00:00,47.87721098553098,2.8021422079333953,402.5913042093508,0.0,0.0,0.0,45.075068777597586
2024-01-01 04:00:00,47.87721098553098,7.08598276318199,359.5935742965628,0.0,0.0,0.0,40.79122822234899
2024-01-01 05:00:00,47.87721098553098,16.25168667742099,326.2573446263467,0.0,0.0,0.0,31.625524308109988
2024-01-01 06:00:00,179.53954119574118,33.8053330951628,172.64000109341714,0.0,0.0,0.0,145.73420810057837
2024-01-01 07:00:00,598.4651373191373,63.77646268970744,60.0,427.8289868997134,0.0,0.0,106.85968772971646
2024-01-01 08:00:00,598.4651373191373,109.12495195916932,60.0,489.34018535996796,0.0,0.0,0.0
2024-01-01 09:00:00,598.4651373191373,169.34646395119947,60.0,429.11867336793784,0.0,0.0,0.0
2024-01-01 10:00:00,478.77210985530985,238.35080854943297,60.0,240.42130130587688,0.0,0.0,0.0
2024-01-01 11:00:00,478.77210985530985,304.2604867823061,60.0,174.51162307300376,0.0,0.0,0.0
2024-01-01 12:00:00,478.77210985530985,352.25965993498704,60.0,126.51244992032281,0.0,0.0,0.0
2024-01-01 13:00:00,478.77210985530985,369.88668387096766,60.0,108.88542598434219,0.0,0.0,0.0
2024-01-01 14:00:00,478.77210985530985,352.25965993498704,60.0,126.51244992032281,0.0,0.0,0.0
2024-01-01 15:00:00,478.77210985530985,304.2604867823061,60.0,174.51162307300376,0.0,0.0,0.0
2024-01-01 16:00:00,478.77210985530985,238.35080854943297,60.0,240.42130130587688,0.0,0.0,0.0
2024-01-01 17:00:00,478.77210985530985,169.34646395119947,60.0,309.4256459041104,0.0,0.0,0.0
2024-01-01 18:00:00,359.07908239148236,109.12495195916932,60.0,249.95413043231304,0.0,0.0,0.0
2024-01-01 19:00:00,359.07908239148236,63.77646268970744,60.0,295.3026197017749,0.0,0.0,0.0
2024-01-01 20:00:00,149.61628432978432,33.8053330951628,60.0,115.81095123462151,0.0,0.0,0.0
2024-01-01 21:00:00,149.61628432978432,16.25168667742099,60.0,133.36459765236333,0.0,0.0,0.0
2024-01-01 22:00:00,149.61628432978432,7.08598276318199,60.0,142.53030156660233,0.0,0.0,0.0
2024-01-01 23:00:00,47.87721098553098,2.8021422079333953,60.0,45.075068777597586,0.0,0.0,0.0
2024-01-02 00:00:00,47.87721098553098,0.09644750328453737,60.0,47.78076348224644,0.0,0.0,0.0
2024-01-02 01:00:00,47.87721098553098,0.3269155817901297,60.0,47.55029540374085,0.0,0.0,0.0
2024-01-02 02:00:00,47.87721098553098,1.0050060625922688,60.0,46.872204922938714,0.0,0.0,0.0
2024-01-02 03:00:00,47.87721098553098,2.8021422079333953,60.0,45.075068777597586,0.0,0.0,0.0
2024-01-02 04:00:00,47.87721098553098,7.08598276318199,60.0,40.79122822234899,0.0,0.0,0.0
2024-01-02 05:00:00,47.87721098553098,16.25168667742099,60.0,31.625524308109988,0.0,0.0,0.0
2024-01-02 06:00:00,179.53954119574118,33.8053330951628,60.0,145.73420810057837,0.0,0.0,0.0
2024-01-02 07:00:00,598.4651373191373,63.77646268970744,60.0,534.6886746294299,0.0,0.0,0.0
2024-01-02 08:00:00,598.4651373191373,109.12495195916932,60.0,489.34018535996796,0.0,0.0,0.0
2024-01-02 09:00:00,598.4651373191373,169.34646395119947,60.0,429.11867336793784,0.0,0.0,0.0
2024-01-02 10:00:00,478.77210985530985,238.35080854943297,60.0,240.42130130587688,0.0,0.0,0.0
2024-01-02 11:00:00,478.77210985530985,304.2604867823061,60.0,174.51162307300376,0.0,0.0,0.0
2024-01-02 12:00:00,478.77210985530985,352.25965993498704,60.0,126.51244992032281,0.0,0.0,0.0
2024-01-02 13:00:00,478.77210985530985,369.88668387096766,60.0,108.88542598434219,0.0,0.0,0.0
2024-01-02 14:00:00,478.77210985530985,352.25965993498704,60.0,126.51244992032281,0.0,0.0,0.0
2024-01-02 15:00:00,478.77210985530985,304.2604867823061,60.0,174.51162307300376,0.0,0.0,0.0
2024-01-02 16:00:00,478.77210985530985,238.35080854943297,60.0,240.42130130587688,0.0,0.0,0.0
2024-01-02 17:00:00,478.77210985530985,169.34646395119947,60.0,309.4256459041104,0.0,0.0,0.0
2024-01-02 18:00:00,359.07908239148236,109.12495195916932,60.0,249.95413043231304,0.0,0.0,0.0
2024-01-02 19:00:00,359.07908239148236,63.77646268970744,60.0,295.3026197017749,0.0,0.0,0.0
2024-01-02 20:00:00,149.61628432978432,33.8053330951628,60.0,115.81095123462151,0.0,0.0,0.0
2024-01-02 21:00:00,149.61628432978432,16.25168667742099,60.0,133.36459765236333,0.0,0.0,0.0
2024-01-02 22:00:00,149.61628432978432,7.08598276318199,60.0,142.53030156660233,0.0,0.0,0.0
2024-01-02 23:00:00,47.87721098553098,2.8021422079333953,60.0,45.075068777597586,0.0,0.0,0.0
2024-01-03 00:00:00,47.87721098553098,0.09644750328453737,60.0,47.78076348224644,0.0,0.0,0.0
2024-01-03 01:00:00,47.87721098553098,0.3269155817901297,60.0,47.55029540374085,0.0,0.0,0.0
2024-01-03 02:00:00,47.87721098553098,1.0050060625922688,60.0,46.872204922938714,0.0,0.0,0.0
2024-01-03 03:00:00,47.87721098553098,2.8021422079333953,60.0,45.075068777597586,0.0,0.0,0.0
2024-01-03 04:00:00,47.87721098553098,7.08598276318199,60.0,40.79122822234899,0.0,0.0,0.0
2024-01-03 05:00:00,47.87721098553098,16.25168667742099,60.0,31.625524308109988,0.0,0.0,0.0
2024-01-03 06:00:00,179.53954119574118,33.8053330951628,60.0,145.73420810057837,0.0,0.0,0.0
2024-01-03 07:00:00,598.4651373191373,63.77646268970744,60.0,534.6886746294299,0.0,0.0,0.0
2024-01-03 08:00:00,598.4651373191373,109.12495195916932,60.0,489.34018535996796,0.0,0.0,0.0
2024-01-03 09:00:00,598.4651373191373,169.34646395119947,60.0,429.11867336793784,0.0,0.0,0.0
2024-01-03 10:00:00,478.77210985530985,238.35080854943297,60.0,240.42130130587688,0.0,0.0,0.0
2024-01-03 11:00:00,478.77210985530985,304.2604867823061,60.0,174.51162307300376,0.0,0.0,0.0
2024-01-03 12:00:00,478.77210985530985,352.25965993498704,60.0,126.51244992032281,0.0,0.0,0.0
2024-01-03 13:00:00,478.77210985530985,369.88668387096766,60.0,108.88542598434219,0.0,0.0,0.0
2024-01-03 14:00:00,478.77210985530985,352.25965993498704,60.0,126.51244992032281,0.0,0.0,0.0
2024-01-03 15:00:00,478.77210985530985,304.2604867823061,60.0,174.51162307300376,0.0,0.0,0.0
2024-01-03 16:00:00,478.77210985530985,238.35080854943297,60.0,240.42130130587688,0.0,0.0,0.0
2024-01-03 17:00:00,478.77210985530985,169.34646395119947,60.0,309.4256459041104,0.0,0.0,0.0
2024-01-03 18:00:00,359.07908239148236,109.12495195916932,60.0,249.95413043231304,0.0,0.0,0.0
2024-01-03 19:00:00,359.07908239148236,63.77646268970744,60.0,295.3026197017749,0.0,0.0,0.0
2024-01-03 20:00:00,149.61628432978432,33.8053330951628,60.0,115.81095123462151,0.0,0.0,0.0
2024-01-03 21:00:00,149.61628432978432,16.25168667742099,60.0,133.36459765236333,0.0,0.0,0.0
2024-01-03 22:00:00,149.61628432978432,7.08598276318199,60.0,142.53030156660233,0.0,0.0,0.0
2024-01-03 23:00:00,47.87721098553098,2.8021422079333953,60.0,45.075068777597586,0.0,0.0,0.0
2024-01-04 00:00:00,47.87721098553098,0.09644750328453737,60.0,47.78076348224644,0.0,0.0,0.0
2024-01-04 01:00:00,47.87721098553098,0.3269155817901297,60.0,47.55029540374085,0.0,0.0,0.0
2024-01-04 02:00:00,47.87721098553098,1.0050060625922688,60.0,46.872204922938714,0.0,0.0,0.0
2024-01-04 03:00:00,47.87721098553098,2.8021422079333953,60.0,45.075068777597586,0.0,0.0,0.0
2024-01-04 04:00:00,47.87721098553098,7.08598276318199,60.0,40.79122822234899,0.0,0.0,0.0
2024-01-04 05:00:00,47.87721098553098,16.25168667742099,60.0,31.625524308109988,0.0,0.0,0.0
2024-01-04 06:00:00,179.53954119574118,33.8053330951628,60.0,145.73420810057837,0.0,0.0,0.0
2024-01-04 07:00:00,598.4651373191373,63.77646268970744,60.0,534.6886746294299,0.0,0.0,0.0
2024-01-04 08:00:00,598.4651373191373,109.12495195916932,60.0,489.34018535996796,0.0,0.0,0.0
2024-01-04 09:00:00,598.4651373191373,169.34646395119947,60.0,429.11867336793784,0.0,0.0,0.0
2024-01-04 10:00:00,478.77210985530985,238.35080854943297,60.0,240.42130130587688,0.0,0.0,0.0
2024-01-04 11:00:00,478.77210985530985,304.2604867823061,60.0,174.51162307300376,0.0,0.0,0.0
2024-01-04 12:00:00,478.77210985530985,352.25965993498704,60.0,126.51244992032281,0.0,0.0,0.0
2024-01-04 13:00:00,478.77210985530985,369.88668387096766,60.0,108.88542598434219,0.0,0.0,0.0
2024-01-04 14:00:00,478.77210985530985,352.25965993498704,60.0,126.51244992032281,0.0,0.0,0.0
2024-01-04 15:00:00,478.77210985530985,304.2604867823061,60.0,174.51162307300376,0.0,0.0,0.0
2024-01-04 16:00:00,478.77210985530985,238.35080854943297,60.0,240.42130130587688,0.0,0.0,0.0
2024-01-04 17:00:00,478.77210985530985,169.34646395119947,60.0,309.4256459041104,0.0,0.0,0.0
2024-01-04 18:00:00,359.07908239148236,109.12495195916932,60.0,249.95413043231304,0.0,0.0,0.0
2024-01-04 19:00:00,359.07908239148236,63.77646268970744,60.0,295.3026197017749,0.0,0.0,0.0
2024-01-04 20:00:00,149.61628432978432,33.8053330951628,60.0,115.81095123462151,0.0,0.0,0.0
2024-01-04 21:00:00,149.61628432978432,16.25168667742099,60.0,133.36459765236333,0.0,0.0,0.0
2024-01-04 22:00:00,149.61628432978432,7.08598276318199,60.0,142.53030156660233,0.0,0.0,0.0
2024-01-04 23:00:00,47.87721098553098,2.8021422079333953,60.0,45.075068777597586,0.0,0.0,0.0
2024-01-05 00:00:00,47.87721098553098,0.09644750328453737,60.0,47.78076348224644,0.0,0.0,0.0
2024-01-05 01:00:00,47.87721098553098,0.3269155817901297,60.0,47.55029540374085,0.0,0.0,0.0
2024-01-05 02:00:00,47.87721098553098,1.0050060625922688,60.0,46.872204922938714,0.0,0.0,0.0
2024-01-05 03:00:00,47.87721098553098,2.8021422079333953,60.0,45.075068777597586,0.0,0.0,0.0
2024-01-05 04:00:00,47.87721098553098,7.08598276318199,60.0,40.79122822234899,0.0,0.0,0.0
2024-01-05 05:00:00,47.87721098553098,16.25168667742099,60.0,31.625524308109988,0.0,0.0,0.0
2024-01-05 06:00:00,179.53954119574118,33.8053330951628,60.0,145.73420810057837,0.0,0.0,0.0
2024-01-05 07:00:00,598.4651373191373,63.77646268970744,60.0,534.6886746294299,0.0,0.0,0.0
2024-01-05 08:00:00,598.4651373191373,109.12495195916932,60.0,489.34018535996796,0.0,0.0,0.0
2024-01-05 09:00:00,598.4651373191373,169.34646395119947,60.0,429.11867336793784,0.0,0.0,0.0
2024-01-05 10:00:00,478.77210985530985,238.35080854943297,60.0,240.42130130587688,0.0,0.0,0.0
2024-01-05 11:00:00,478.77210985530985,304.2604867823061,60.0,174.51162307300376,0.0,0.0,0.0
2024-01-05 12:00:00,478.77210985530985,352.25965993498704,60.0,126.51244992032281,0.0,0.0,0.0
2024-01-05 13:00:00,478.77210985530985,369.88668387096766,60.0,108.88542598434219,0.0,0.0,0.0
2024-01-05 14:00:00,478.77210985530985,352.25965993498704,60.0,126.51244992032281,0.0,0.0,0.0
2024-01-05 15:00:00,478.77210985530985,304.2604867823061,60.0,174.51162307300376,0.0,0.0,0.0
2024-01-05 16:00:00,478.77210985530985,238.35080854943297,60.0,240.42130130587688,0.0,0.0,0.0
2024-01-05 17:00:00,478.77210985530985,169.34646395119947,60.0,309.4256459041104,0.0,0.0,0.0
2024-01-05 18:00:00,359.07908239148236,109.12495195916932,60.0,249.95413043231304,0.0,0.0,0.0
2024-01-05 19:00:00,359.07908239148236,63.77646268970744,60.0,295.3026197017749,0.0,0.0,0.0
2024-01-05 20:00:00,149.61628432978432,33.8053330951628,60.0,115.81095123462151,0.0,0.0,0.0
2024-01-05 21:00:00,149.61628432978432,16.25168667742099,60.0,133.36459765236333,0.0,0.0,0.0
2024-01-05 22:00:00,149.61628432978432,7.08598276318199,60.0,142.53030156660233,0.0,0.0,0.0
2024-01-05 23:00:00,47.87721098553098,2.8021422079333953,60.0,45.075068777597586,0.0,0.0,0.0
2024-01-06 00:00:00,47.877210985530986,0.09644750328453737,60.0,47.78076348224645,0.0,0.0,0.0
2024-01-06 01:00:00,47.877210985530986,0.3269155817901297,60.0,47.550295403740854,0.0,0.0,0.0
2024-01-06 02:00:00,47.877210985530986,1.0050060625922688,60.0,46.87220492293872,0.0,0.0,0.0
2024-01-06 03:00:00,47.877210985530986,2.8021422079333953,60.0,45.07506877759759,0.0,0.0,0.0
2024-01-06 04:00:00,47.877210985530986,7.08598276318199,60.0,40.791228222349,0.0,0.0,0.0
2024-01-06 05:00:00,47.877210985530986,16.25168667742099,60.0,31.625524308109995,0.0,0.0,0.0
2024-01-06 06:00:00,179.53954119574118,33.8053330951628,60.0,145.73420810057837,0.0,0.0,0.0
2024-01-06 07:00:00,598.4651373191373,63.77646268970744,60.0,534.6886746294299,0.0,0.0,0.0
2024-01-06 08:00:00,598.4651373191373,109.12495195916932,60.0,489.34018535996796,0.0,0.0,0.0
2024-01-06 09:00:00,598.4651373191373,169.34646395119947,60.0,429.11867336793784,0.0,0.0,0.0
2024-01-06 10:00:00,478.77210985530985,238.35080854943297,60.0,240.42130130587688,0.0,0.0,0.0
2024-01-06 11:00:00,478.77210985530985,304.2604867823061,60.0,174.51162307300376,0.0,0.0,0.0
2024-01-06 12:00:00,478.77210985530985,352.25965993498704,60.0,126.51244992032281,0.0,0.0,0.0
2024-01-06 13:00:00,478.77210985530985,369.88668387096766,60.0,108.88542598434219,0.0,0.0,0.0
2024-01-06 14:00:00,478.77210985530985,352.25965993498704,60.0,126.51244992032281,0.0,0.0,0.0
2024-01-06 15:00:00,478.77210985530985,304.2604867823061,60.0,174.51162307300376,0.0,0.0,0.0
2024-01-06 16:00:00,478.77210985530985,238.35080854943297,60.0,240.42130130587688,0.0,0.0,0.0
2024-01-06 17:00:00,478.77210985530985,169.34646395119947,60.0,309.4256459041104,0.0,0.0,0.0
2024-01-06 18:00:00,359.07908239148236,109.12495195916932,60.0,249.95413043231304,0.0,0.0,0.0
2024-01-06 19:00:00,359.07908239148236,63.77646268970744,60.0,295.3026197017749,0.0,0.0,0.0
2024-01-06 20:00:00,149.61628432978432,33.8053330951628,60.0,115.81095123462151,0.0,0.0,0.0
2024-01-06 21:00:00,149.61628432978432,16.25168667742099,60.0,133.36459765236333,0.0,0.0,0.0
2024-01-06 22:00:00,149.61628432978432,7.08598276318199,60.0,142.53030156660233,0.0,0.0,0.0
2024-01-06 23:00:00,47.877210985530986,2.8021422079333953,60.0,45.07506877759759,0.0,0.0,0.0
2024-01-07 00:00:00,47.877210985530986,0.09644750328453737,60.0,47.78076348224645,0.0,0.0,0.0
2024-01-07 01:00:00,47.877210985530986,0.3269155817901297,60.0,47.550295403740854,0.0,0.0,0.0
2024-01-07 02:00:00,47.877210985530986,1.0050060625922688,60.0,46.87220492293872,0.0,0.0,0.0
2024-01-07 03:00:00,47.877210985530986,2.8021422079333953,60.0,45.07506877759759,0.0,0.0,0.0
2024-01-07 04:00:00,47.877210985530986,7.08598276318199,60.0,40.791228222349,0.0,0.0,0.0
2024-01-07 05:00:00,47.877210985530986,16.25168667742099,60.0,31.625524308109995,0.0,0.0,0.0
2024-01-07 06:00:00,179.53954119574118,33.8053330951628,60.0,145.73420810057837,0.0,0.0,0.0
2024-01-07 07:00:00,598.4651373191373,63.77646268970744,60.0,534.6886746294299,0.0,0.0,0.0
2024-01-07 08:00:00,598.4651373191373,109.12495195916932,60.0,489.34018535996796,0.0,0.0,0.0
2024-01-07 09:00:00,598.4651373191373,169.34646395119947,60.0,429.11867336793784,0.0,0.0,0.0
2024-01-07 10:00:00,478.77210985530985,238.35080854943297,60.0,240.42130130587688,0.0,0.0,0.0
2024-01-07 11:00:00,478.77210985530985,304.2604867823061,60.0,174.51162307300376,0.0,0.0,0.0
2024-01-07 12:00:00,478.77210985530985,352.25965993498704,60.0,126.51244992032281,0.0,0.0,0.0
2024-01-07 13:00:00,478.77210985530985,369.88668387096766,60.0,108.88542598434219,0.0,0.0,0.0
2024-01-07 14:00:00,478.77210985530985,352.25965993498704,60.0,126.51244992032281,0.0,0.0,0.0
2024-01-07 15:00:00,478.77210985530985,304.2604867823061,60.0,174.51162307300376,0.0,0.0,0.0
2024-01-07 16:00:00,478.77210985530985,238.35080854943297,60.0,240.42130130587688,0.0,0.0,0.0
2024-01-07 17:00:00,478.77210985530985,169.34646395119947,60.0,309.4256459041104,0.0,0.0,0.0
2024-01-07 18:00:00,359.07908239148236,109.12495195916932,60.0,249.95413043231304,0.0,0.0,0.0
2024-01-07 19:00:00,359.07908239148236,63.77646268970744,60.0,295.3026197017749,0.0,0.0,0.0
2024-01-07 20:00:00,149.61628432978432,33.8053330951628,60.0,115.81095123462151,0.0,0.0,0.0
2024-01-07 21:00:00,149.61628432978432,16.25168667742099,60.0,133.36459765236333,0.0,0.0,0.0
2024-01-07 22:00:00,149.61628432978432,7.08598276318199,60.0,142.53030156660233,0.0,0.0,0.0
2024-01-07 23:00:00,47.877210985530986,2.8021422079333953,60.0,45.07506877759759,0.0,0.0,0.0
2024-01-08 00:00:00,47.87721098553098,0.09644750328453737,60.0,47.78076348224644,0.0,0.0,0.0
2024-01-08 01:00:00,47.87721098553098,0.3269155817901297,60.0,47.55029540374085,0.0,0.0,0.0
2024-01-08 02:00:00,47.87721098553098,1.0050060625922688,60.0,46.872204922938714,0.0,0.0,0.0
2024-01-08 03:00:00,47.87721098553098,2.8021422079333953,60.0,45.075068777597586,0.0,0.0,0.0
2024-01-08 04:00:00,47.87721098553098,7.08598276318199,60.0,40.79122822234899,0.0,0.0,0.0
2024-01-08 05:00:00,47.87721098553098,16.25168667742099,60.0,31.625524308109988,0.0,0.0,0.0
2024-01-08 06:00:00,179.53954119574118,33.8053330951628,60.0,145.73420810057837,0.0,0.0,0.0
2024-01-08 07:00:00,598.4651373191373,63.77646268970744,60.0,534.6886746294299,0.0,0.0,0.0
2024-01-08 08:00:00,598.4651373191373,109.12495195916932,60.0,489.34018535996796,0.0,0.0,0.0
2024-01-08 09:00:00,598.4651373191373,169.34646395119947,60.0,429.11867336793784,0.0,0.0,0.0
2024-01-08 10:00:00,478.77210985530985,238.35080854943297,60.0,240.42130130587688,0.0,0.0,0.0
2024-01-08 11:00:00,478.77210985530985,304.2604867823061,60.0,174.51162307300376,0.0,0.0,0.0
2024-01-08 12:00:00,478.77210985530985,352.25965993498704,60.0,126.51244992032281,0.0,0.0,0.0
2024-01-08 13:00:00,478.77210985530985,369.88668387096766,60.0,108.88542598434219,0.0,0.0,0.0
2024-01-08 14:00:00,478.77210985530985,352.25965993498704,60.0,126.51244992032281,0.0,0.0,0.0
2024-01-08 15:00:00,478.77210985530985,304.2604867823061,60.0,174.51162307300376,0.0,0.0,0.0
2024-01-08 16:00:00,478.77210985530985,238.35080854943297,60.0,240.42130130587688,0.0,0.0,0.0
2024-01-08 17:00:00,478.77210985530985,169.34646395119947,60.0,309.4256459041104,0.0,0.0,0.0
2024-01-08 18:00:00,359.07908239148236,109.12495195916932,60.0,249.95413043231304,0.0,0.0,0.0
2024-01-08 19:00:00,359.07908239148236,63.77646268970744,60.0,295.3026197017749,0.0,0.0,0.0
2024-01-08 20:00:00,149.61628432978432,33.8053330951628,60.0,115.81095123462151,0.0,0.0,0.0
2024-01-08 21:00:00,149.61628432978432,16.25168667742099,60.0,133.36459765236333,0.0,0.0,0.0
2024-01-08 22:00:00,149.61628432978432,7.08598276318199,60.0,142.53030156660233,0.0,0.0,0.0
2024-01-08 23:00:00,47.87721098553098,2.8021422079333953,60.0,45.075068777597586,0.0,0.0,0.0
2024-01-09 00:00:00,47.87721098553098,0.09644750328453737,60.0,47.78076348224644,0.0,0.0,0.0
2024-01-09 01:00:00,47.87721098553098,0.3269155817901297,60.0,47.55029540374085,0.0,0.0,0.0
2024-01-09 02:00:00,47.87721098553098,1.0050060625922688,60.0,46.872204922938714,0.0,0.0,0.0
2024-01-09 03:00:00,47.87721098553098,2.8021422079333953,60.0,45.075068777597586,0.0,0.0,0.0
2024-01-09 04:00:00,47.87721098553098,7.08598276318199,60.0,40.79122822234899,0.0,0.0,0.0
2024-01-09 05:00:00,47.87721098553098,16.25168667742099,60.0,31.625524308109988,0.0,0.0,0.0
2024-01-09 06:00:00,179.53954119574118,33.8053330951628,60.0,145.73420810057837,0.0,0.0,0.0
2024-01-09 07:00:00,598.4651373191373,63.77646268970744,60.0,534.6886746294299,0.0,0.0,0.0
2024-01-09 08:00:00,598.4651373191373,109.12495195916932,60.0,489.34018535996796,0.0,0.0,0.0
2024-01-09 09:00:00,598.4651373191373,169.34646395119947,60.0,429.11867336793784,0.0,0.0,0.0
2024-01-09 10:00:00,478.77210985530985,238.35080854943297,60.0,240.42130130587688,0.0,0.0,0.0
2024-01-09 11:00:00,478.77210985530985,304.2604867823061,60.0,174.51162307300376,0.0,0.0,0.0
2024-01-09 12:00:00,478.77210985530985,352.25965993498704,60.0,126.51244992032281,0.0,0.0,0.0
2024-01-09 13:00:00,478.77210985530985,369.88668387096766,60.0,108.88542598434219,0.0,0.0,0.0
2024-01-09 14:00:00,478.77210985530985,352.25965993498704,60.0,126.51244992032281,0.0,0.0,0.0
2024-01-09 15:00:00,478.77210985530985,304.2604867823061,60.0,174.51162307300376,0.0,0.0,0.0
2024-01-09 16:00:00,478.77210985530985,238.35080854943297,60.0,240.42130130587688,0.0,0.0,0.0
2024-01-09 17:00:00,478.77210985530985,169.34646395119947,60.0,309.4256459041104,0.0,0.0,0.0
2024-01-09 18:00:00,359.07908239148236,109.12495195916932,60.0,249.95413043231304,0.0,0.0,0.0
2024-01-09 19:00:00,359.07908239148236,63.77646268970744,60.0,295.3026197017749,0.0,0.0,0.0
2024-01-09 20:00:00,149.61628432978432,33.8053330951628,60.0,115.81095123462151,0.0,0.0,0.0
2024-01-09 21:00:00,149.61628432978432,16.25168667742099,60.0,133.36459765236333,0.0,0.0,0.0
2024-01-09 22:00:00,149.61628432978432,7.08598276318199,60.0,142.53030156660233,0.0,0.0,0.0
2024-01-09 23:00:00,47.87721098553098,2.8021422079333953,60.0,45.075068777597586,0.0,0.0,0.0
2024-01-10 00:00:00,47.87721098553098,0.09644750328453737,60.0,47.78076348224644,0.0,0.0,0.0
2024-01-10 01:00:00,47.87721098553098,0.3269155817901297,60.0,47.55029540374085,0.0,0.0,0.0
2024-01-10 02:00:00,47.87721098553098,1.0050060625922688,60.0,46.872204922938714,0.0,0.0,0.0
2024-01-10 03:00:00,47.87721098553098,2.8021422079333953,60.0,45.075068777597586,0.0,0.0,0.0
2024-01-10 04:00:00,47.87721098553098,7.08598276318199,60.0,40.79122822234899,0.0,0.0,0.0
2024-01-10 05:00:00,47.87721098553098,16.25168667742099,60.0,31.625524308109988,0.0,0.0,0.0
2024-01-10 06:00:00,179.53954119574118,33.8053330951628,60.0,145.73420810057837,0.0,0.0,0.0
2024-01-10 07:00:00,598.4651373191373,63.77646268970744,60.0,534.6886746294299,0.0,0.0,0.0
2024-01-10 08:00:00,598.4651373191373,109.12495195916932,60.0,489.34018535996796,0.0,0.0,0.0
2024-01-10 09:00:00,598.4651373191373,169.34646395119947,60.0,429.11867336793784,0.0,0.0,0.0
2024-01-10 10:00:00,478.77210985530985,238.35080854943297,60.0,240.42130130587688,0.0,0.0,0.0
2024-01-10 11:00:00,478.77210985530985,304.2604867823061,60.0,174.51162307300376,0.0,0.0,0.0
2024-01-10 12:00:00,478.77210985530985,352.25965993498704,60.0,126.51244992032281,0.0,0.0,0.0
2024-01-10 13:00:00,478.77210985530985,369.88668387096766,60.0,108.88542598434219,0.0,0.0,0.0
2024-01-10 14:00:00,478.77210985530985,352.25965993498704,60.0,126.51244992032281,0.0,0.0,0.0
2024-01-10 15:00:00,478.77210985530985,304.2604867823061,60.0,174.51162307300376,0.0,0.0,0.0
2024-01-10 16:00:00,478.77210985530985,238.35080854943297,60.0,240.42130130587688,0.0,0.0,0.0
2024-01-10 17:00:00,478.77210985530985,169.34646395119947,60.0,309.4256459041104,0.0,0.0,0.0
2024-01-10 18:00:00,359.07908239148236,109.12495195916932,60.0,249.95413043231304,0.0,0.0,0.0
2024-01-10 19:00:00,359.07908239148236,63.77646268970744,60.0,295.3026197017749,0.0,0.0,0.0
2024-01-10 20:00:00,149.61628432978432,33.8053330951628,60.0,115.81095123462151,0.0,0.0,0.0
2024-01-10 21:00:00,149.61628432978432,16.25168667742099,60.0,133.36459765236333,0.0,0.0,0.0
2024-01-10 22:00:00,149.61628432978432,7.08598276318199,60.0,142.53030156660233,0.0,0.0,0.0
2024-01-10 23:00:00,47.87721098553098,2.8021422079333953,60.0,45.075068777597586,0.0,0.0,0.0
2024-01-11 00:00:00,47.87721098553098,0.09644750328453737,60.0,47.78076348224644,0.0,0.0,0.0
2024-01-11 01:00:00,47.87721098553098,0.3269155817901297,60.0,47.55029540374085,0.0,0.0,0.0
2024-01-11 02:00:00,47.87721098553098,1.0050060625922688,60.0,46.872204922938714,0.0,0.0,0.0
2024-01-11 03:00:00,47.87721098553098,2.8021422079333953,60.0,45.075068777597586,0.0,0.0,0.0
2024-01-11 04:00:00,47.87721098553098,7.08598276318199,60.0,40.79122822234899,0.0,0.0,0.0
2024-01-11 05:00:00,47.87721098553098,16.25168667742099,60.0,31.625524308109988,0.0,0.0,0.0
2024-01-11 06:00:00,179.53954119574118,33.8053330951628,60.0,145.73420810057837,0.0,0.0,0.0
2024-01-11 07:00:00,598.4651373191373,63.77646268970744,60.0,534.6886746294299,0.0,0.0,0.0
2024-01-11 08:00:00,598.4651373191373,109.12495195916932,60.0,489.34018535996796,0.0,0.0,0.0
2024-01-11 09:00:00,598.4651373191373,169.34646395119947,60.0,429.11867336793784,0.0,0.0,0.0
2024-01-11 10:00:00,478.77210985530985,238.35080854943297,60.0,240.42130130587688,0.0,0.0,0.0
2024-01-11 11:00:00,478.77210985530985,304.2604867823061,60.0,174.51162307300376,0.0,0.0,0.0
2024-01-11 12:00:00,478.77210985530985,352.25965993498704,60.0,126.51244992032281,0.0,0.0,0.0
2024-01-11 13:00:00,478.77210985530985,369.88668387096766,60.0,108.88542598434219,0.0,0.0,0.0
2024-01-11 14:00:00,478.77210985530985,352.25965993498704,60.0,126.51244992032281,0.0,0.0,0.0
2024-01-11 15:00:00,478.77210985530985,304.2604867823061,60.0,174.51162307300376,0.0,0.0,0.0
2024-01-11 16:00:00,478.77210985530985,238.35080854943297,60.0,240.42130130587688,0.0,0.0,0.0
2024-01-11 17:00:00,478.77210985530985,169.34646395119947,60.0,309.4256459041104,0.0,0.0,0.0
2024-01-11 18:00:00,359.07908239148236,109.12495195916932,60.0,249.95413043231304,0.0,0.0,0.0
2024-01-11 19:00:00,359.07908239148236,63.77646268970744,60.0,295.3026197017749,0.0,0.0,0.0
2024-01-11 20:00:00,149.61628432978432,33.8053330951628,60.0,115.81095123462151,0.0,0.0,0.0
2024-01-11 21:00:00,149.61628432978432,16.25168667742099,60.0,133.36459765236333,0.0,0.0,0.0
2024-01-11 22:00:00,149.61628432978432,7.08598276318199,60.0,142.53030156660233,0.0,0.0,0.0
2024-01-11 23:00:00,47.87721098553098,2.8021422079333953,60.0,45.075068777597586,0.0,0.0,0.0
2024-01-12 00:00:00,47.87721098553098,0.09644750328453737,60.0,47.78076348224644,0.0,0.0,0.0
2024-01-12 01:00:00,47.87721098553098,0.3269155817901297,60.0,47.55029540374085,0.0,0.0,0.0
2024-01-12 02:00:00,47.87721098553098,1.0050060625922688,60.0,46.872204922938714,0.0,0.0,0.0
2024-01-12 03:00:00,47.87721098553098,2.8021422079333953,60.0,45.075068777597586,0.0,0.0,0.0
2024-01-12 04:00:00,47.87721098553098,7.08598276318199,60.0,40.79122822234899,0.0,0.0,0.0
2024-01-12 05:00:00,47.87721098553098,16.25168667742099,60.0,31.625524308109988,0.0,0.0,0.0
2024-01-12 06:00:00,179.53954119574118,33.8053330951628,60.0,145.73420810057837,0.0,0.0,0.0
2024-01-12 07:00:00,598.4651373191373,63.77646268970744,60.0,534.6886746294299,0.0,0.0,0.0
2024-01-12 08:00:00,598.4651373191373,109.12495195916932,60.0,489.34018535996796,0.0,0.0,0.0
2024-01-12 09:00:00,598.4651373191373,169.34646395119947,60.0,429.11867336793784,0.0,0.0,0.0
2024-01-12 10:00:00,478.77210985530985,238.35080854943297,60.0,240.42130130587688,0.0,0.0,0.0
2024-01-12 11:00:00,478.77210985530985,304.2604867823061,60.0,174.51162307300376,0.0,0.0,0.0
2024-01-12 12:00:00,478.77210985530985,352.25965993498704,60.0,126.51244992032281,0.0,0.0,0.0
2024-01-12 13:00:00,478.77210985530985,369.88668387096766,60.0,108.88542598434219,0.0,0.0,0.0
2024-01-12 14:00:00,478.77210985530985,352.25965993498704,60.0,126.51244992032281,0.0,0.0,0.0
2024-01-12 15:00:00,478.77210985530985,304.2604867823061,60.0,174.51162307300376,0.0,0.0,0.0
2024-01-12 16:00:00,478.77210985530985,238.35080854943297,60.0,240.42130130587688,0.0,0.0,0.0
2024-01-12 17:00:00,478.77210985530985,169.34646395119947,60.0,309.4256459041104,0.0,0.0,0.0
2024-01-12 18:00:00,359.07908239148236,109.12495195916932,60.0,249.95413043231304,0.0,0.0,0.0
2024-01-12 19:00:00,359.07908239148236,63.77646268970744,60.0,295.3026197017749,0.0,0.0,0.0
2024-01-12 20:00:00,149.61628432978432,33.8053330951628,60.0,115.81095123462151,0.0,0.0,0.0
2024-01-12 21:00:00,149.61628432978432,16.25168667742099,60.0,133.36459765236333,0.0,0.0,0.0
2024-01-12 22:00:00,149.61628432978432,7.08598276318199,60.0,142.53030156660233,0.0,0.0,0.0
2024-01-12 23:00:00,47.87721098553098,2.8021422079333953,60.0,45.075068777597586,0.0,0.0,0.0
2024-01-13 00:00:00,47.877210985530986,0.09644750328453737,60.0,47.78076348224645,0.0,0.0,0.0
2024-01-13 01:00:00,47.877210985530986,0.3269155817901297,60.0,47.550295403740854,0.0,0.0,0.0
2024-01-13 02:00:00,47.877210985530986,1.0050060625922688,60.0,46.87220492293872,0.0,0.0,0.0
2024-01-13 03:00:00,47.877210985530986,2.8021422079333953,60.0,45.07506877759759,0.0,0.0,0.0
2024-01-13 04:00:00,47.877210985530986,7.08598276318199,60.0,40.791228222349,0.0,0.0,0.0
2024-01-13 05:00:00,47.877210985530986,16.25168667742099,60.0,31.625524308109995,0.0,0.0,0.0
2024-01-13 06:00:00,179.53954119574118,33.8053330951628,60.0,145.73420810057837,0.0,0.0,0.0
2024-01-13 07:00:00,598.4651373191373,63.77646268970744,60.0,534.6886746294299,0.0,0.0,0.0
2024-01-13 08:00:00,598.4651373191373,109.12495195916932,60.0,489.34018535996796,0.0,0.0,0.0
2024-01-13 09:00:00,598.4651373191373,169.34646395119947,60.0,429.11867336793784,0.0,0.0,0.0
2024-01-13 10:00:00,478.77210985530985,238.35080854943297,60.0,240.42130130587688,0.0,0.0,0.0
2024-01-13 11:00:00,478.77210985530985,304.2604867823061,60.0,174.51162307300376,0.0,0.0,0.0
2024-01-13 12:00:00,478.77210985530985,352.25965993498704,60.0,126.51244992032281,0.0,0.0,0.0
2024-01-13 13:00:00,478.77210985530985,369.88668387096766,60.0,108.88542598434219,0.0,0.0,0.0
2024-01-13 14:00:00,478.77210985530985,352.25965993498704,60.0,126.51244992032281,0.0,0.0,0.0
2024-01-13 15:00:00,478.77210985530985,304.2604867823061,60.0,174.51162307300376,0.0,0.0,0.0
2024-01-13 16:00:00,478.77210985530985,238.35080854943297,60.0,240.42130130587688,0.0,0.0,0.0
2024-01-13 17:00:00,478.77210985530985,169.34646395119947,60.0,309.4256459041104,0.0,0.0,0.0
2024-01-13 18:00:00,359.07908239148236,109.12495195916932,60.0,249.95413043231304,0.0,0.0,0.0
2024-01-13 19:00:00,359.07908239148236,63.77646268970744,60.0,295.3026197017749,0.0,0.0,0.0
2024-01-13 20:00:00,149.61628432978432,33.8053330951628,60.0,115.81095123462151,0.0,0.0,0.0
2024-01-13 21:00:00,149.61628432978432,16.25168667742099,60.0,133.36459765236333,0.0,0.0,0.0
2024-01-13 22:00:00,149.61628432978432,7.08598276318199,60.0,142.53030156660233,0.0,0.0,0.0
2024-01-13 23:00:00,47.877210985530986,2.8021422079333953,60.0,45.07506877759759,0.0,0.0,0.0
2024-01-14 00:00:00,47.877210985530986,0.09644750328453737,60.0,47.78076348224645,0.0,0.0,0.0
2024-01-14 01:00:00,47.877210985530986,0.3269155817901297,60.0,47.550295403740854,0.0,0.0,0.0
2024-01-14 02:00:00,47.877210985530986,1.0050060625922688,60.0,46.87220492293872,0.0,0.0,0.0
2024-01-14 03:00:00,47.877210985530986,2.8021422079333953,60.0,45.07506877759759,0.0,0.0,0.0
2024-01-14 04:00:00,47.877210985530986,7.08598276318199,60.0,40.791228222349,0.0,0.0,0.0
2024-01-14 05:00:00,47.877210985530986,16.25168667742099,60.0,31.625524308109995,0.0,0.0,0.0
2024-01-14 06:00:00,179.53954119574118,33.8053330951628,60.0,145.73420810057837,0.0,0.0,0.0
2024-01-14 07:00:00,598.4651373191373,63.77646268970744,60.0,534.6886746294299,0.0,0.0,0.0
2024-01-14 08:00:00,598.4651373191373,109.12495195916932,60.0,489.34018535996796,0.0,0.0,0.0
2024-01-14 09:00:00,598.4651373191373,169.34646395119947,60.0,429.11867336793784,0.0,0.0,0.0
2024-01-14 10:00:00,478.77210985530985,238.35080854943297,60.0,240.42130130587688,0.0,0.0,0.0
2024-01-14 11:00:00,478.77210985530985,304.2604867823061,60.0,174.51162307300376,0.0,0.0,0.0
2024-01-14 12:00:00,478.77210985530985,352.25965993498704,60.0,126.51244992032281,0.0,0.0,0.0
2024-01-14 13:00:00,478.77210985530985,369.88668387096766,60.0,108.88542598434219,0.0,0.0,0.0
2024-01-14 14:00:00,478.77210985530985,352.25965993498704,60.0,126.51244992032281,0.0,0.0,0.0
2024-01-14 15:00:00,478.77210985530985,304.2604867823061,60.0,174.51162307300376,0.0,0.0,0.0
2024-01-14 16:00:00,478.77210985530985,238.35080854943297,60.0,240.42130130587688,0.0,0.0,0.0
2024-01-14 17:00:00,478.77210985530985,169.34646395119947,60.0,309.4256459041104,0.0,0.0,0.0
2024-01-14 18:00:00,359.07908239148236,109.12495195916932,60.0,249.95413043231304,0.0,0.0,0.0
2024-01-14 19:00:00,359.07908239148236,63.77646268970744,60.0,295.3026197017749,0.0,0.0,0.0
2024-01-14 20:00:00,149.61628432978432,33.8053330951628,60.0,115.81095123462151,0.0,0.0,0.0
2024-01-14 21:00:00,149.61628432978432,16.25168667742099,60.0,133.36459765236333,0.0,0.0,0.0
2024-01-14 22:00:00,149.61628432978432,7.08598276318199,60.0,142.53030156660233,0.0,0.0,0.0
2024-01-14 23:00:00,47.877210985530986,2.8021422079333953,60.0,45.07506877759759,0.0,0.0,0.0
2024-01-15 00:00:00,47.87721098553098,0.09644750328453737,60.0,47.78076348224644,0.0,0.0,0.0
2024-01-15 01:00:00,47.87721098553098,0.3269155817901297,60.0,47.55029540374085,0.0,0.0,0.0
2024-01-15 02:00:00,47.87721098553098,1.0050060625922688,60.0,46.872204922938714,0.0,0.0,0.0
2024-01-15 03:00:00,47.87721098553098,2.8021422079333953,60.0,45.075068777597586,0.0,0.0,0.0
2024-01-15 04:00:00,47.87721098553098,7.08598276318199,60.0,40.79122822234899,0.0,0.0,0.0
2024-01-15 05:00:00,47.87721098553098,16.25168667742099,60.0,31.625524308109988,0.0,0.0,0.0
2024-01-15 06:00:00,179.53954119574118,33.8053330951628,60.0,145.73420810057837,0.0,0.0,0.0
2024-01-15 07:00:00,598.4651373191373,63.77646268970744,60.0,534.6886746294299,0.0,0.0,0.0
2024-01-15 08:00:00,598.4651373191373,109.12495195916932,60.0,489.34018535996796,0.0,0.0,0.0
2024-01-15 09:00:00,598.4651373191373,169.34646395119947,60.0,429.11867336793784,0.0,0.0,0.0
2024-01-15 10:00:00,478.77210985530985,238.35080854943297,60.0,240.42130130587688,0.0,0.0,0.0
2024-01-15 11:00:00,478.77210985530985,304.2604867823061,60.0,174.51162307300376,0.0,0.0,0.0
2024-01-15 12:00:00,478.77210985530985,352.25965993498704,60.0,126.51244992032281,0.0,0.0,0.0
2024-01-15 13:00:00,478.77210985530985,369.88668387096766,60.0,108.88542598434219,0.0,0.0,0.0
2024-01-15 14:00:00,478.77210985530985,352.25965993498704,60.0,126.51244992032281,0.0,0.0,0.0
2024-01-15 15:00:00,478.77210985530985,304.2604867823061,60.0,174.51162307300376,0.0,0.0,0.0
2024-01-15 16:00:00,478.77210985530985,238.35080854943297,60.0,240.42130130587688,0.0,0.0,0.0
2024-01-15 17:00:00,478.77210985530985,169.34646395119947,60.0,309.4256459041104,0.0,0.0,0.0
2024-01-15 18:00:00,359.07908239148236,109.12495195916932,60.0,249.95413043231304,0.0,0.0,0.0
2024-01-15 19:00:00,359.07908239148236,63.77646268970744,60.0,295.3026197017749,0.0,0.0,0.0
2024-01-15 20:00:00,149.61628432978432,33.8053330951628,60.0,115.81095123462151,0.0,0.0,0.0
2024-01-15 21:00:00,149.61628432978432,16.25168667742099,60.0,133.36459765236333,0.0,0.0,0.0
2024-01-15 22:00:00,149.61628432978432,7.08598276318199,60.0,142.53030156660233,0.0,0.0,0.0
2024-01-15 23:00:00,47.87721098553098,2.8021422079333953,60.0,45.075068777597586,0.0,0.0,0.0
2024-01-16 00:00:00,47.87721098553098,0.09644750328453737,60.0,47.78076348224644,0.0,0.0,0.0
2024-01-16 01:00:00,47.87721098553098,0.3269155817901297,60.0,47.55029540374085,0.0,0.0,0.0
2024-01-16 02:00:00,47.87721098553098,1.0050060625922688,60.0,46.872204922938714,0.0,0.0,0.0
2024-01-16 03:00:00,47.87721098553098,2.8021422079333953,60.0,45.075068777597586,0.0,0.0,0.0
2024-01-16 04:00:00,47.87721098553098,7.08598276318199,60.0,40.79122822234899,0.0,0.0,0.0
2024-01-16 05:00:00,47.87721098553098,16.25168667742099,60.0,31.625524308109988,0.0,0.0,0.0
2024-01-16 06:00:00,179.53954119574118,33.8053330951628,60.0,145.73420810057837,0.0,0.0,0.0
2024-01-16 07:00:00,598.4651373191373,63.77646268970744,60.0,534.6886746294299,0.0,0.0,0.0
2024-01-16 08:00:00,598.4651373191373,109.12495195916932,60.0,489.34018535996796,0.0,0.0,0.0
2024-01-16 09:00:00,598.4651373191373,169.34646395119947,60.0,429.11867336793784,0.0,0.0,0.0
2024-01-16 10:00:00,478.77210985530985,238.35080854943297,60.0,240.42130130587688,0.0,0.0,0.0
2024-01-16 11:00:00,478.77210985530985,304.2604867823061,60.0,174.51162307300376,0.0,0.0,0.0
2024-01-16 12:00:00,478.77210985530985,352.25965993498704,60.0,126.51244992032281,0.0,0.0,0.0
2024-01-16 13:00:00,478.77210985530985,369.88668387096766,60.0,108.88542598434219,0.0,0.0,0.0
2024-01-16 14:00:00,478.77210985530985,352.25965993498704,60.0,126.51244992032281,0.0,0.0,0.0
2024-01-16 15:00:00,478.77210985530985,304.2604867823061,60.0,174.51162307300376,0.0,0.0,0.0
2024-01-16 16:00:00,478.77210985530985,238.35080854943297,60.0,240.42130130587688,0.0,0.0,0.0
2024-01-16 17:00:00,478.77210985530985,169.34646395119947,60.0,309.4256459041104,0.0,0.0,0.0
2024-01-16 18:00:00,359.07908239148236,109.12495195916932,60.0,249.95413043231304,0.0,0.0,0.0
2024-01-16 19:00:00,359.07908239148236,63.77646268970744,60.0,295.3026197017749,0.0,0.0,0.0
2024-01-16 20:00:00,149.61628432978432,33.8053330951628,60.0,115.81095123462151,0.0,0.0,0.0
2024-01-16 21:00:00,149.61628432978432,16.25168667742099,60.0,133.36459765236333,0.0,0.0,0.0
2024-01-16 22:00:00,149.61628432978432,7.08598276318199,60.0,142.53030156660233,0.0,0.0,0.0
2024-01-16 23:00:00,47.87721098553098,2.8021422079333953,60.0,45.075068777597586,0.0,0.0,0.0
2024-01-17 00:00:00,47.87721098553098,0.09644750328453737,60.0,47.78076348224644,0.0,0.0,0.0
2024-01-17 01:00:00,47.87721098553098,0.3269155817901297,60.0,47.55029540374085,0.0,0.0,0.0
2024-01-17 02:00:00,47.87721098553098,1.0050060625922688,60.0,46.872204922938714,0.0,0.0,0.0
2024-01-17 03:00:00,47.87721098553098,2.8021422079333953,60.0,45.075068777597586,0.0,0.0,0.0
2024-01-17 04:00:00,47.87721098553098,7.08598276318199,60.0,40.79122822234899,0.0,0.0,0.0
2024-01-17 05:00:00,47.87721098553098,16.25168667742099,60.0,31.625524308109988,0.0,0.0,0.0
2024-01-17 06:00:00,179.53954119574118,33.8053330951628,60.0,145.73420810057837,0.0,0.0,0.0
2024-01-17 07:00:00,598.4651373191373,63.77646268970744,60.0,534.6886746294299,0.0,0.0,0.0
2024-01-17 08:00:00,598.4651373191373,109.12495195916932,60.0,489.34018535996796,0.0,0.0,0.0
2024-01-17 09:00:00,598.4651373191373,169.34646395119947,60.0,429.11867336793784,0.0,0.0,0.0
2024-01-17 10:00:00,478.77210985530985,238.35080854943297,60.0,240.42130130587688,0.0,0.0,0.0
2024-01-17 11:00:00,478.77210985530985,304.2604867823061,60.0,174.51162307300376,0.0,0.0,0.0
2024-01-17 12:00:00,478.77210985530985,352.25965993498704,60.0,126.51244992032281,0.0,0.0,0.0
2024-01-17 13:00:00,478.77210985530985,369.88668387096766,60.0,108.88542598434219,0.0,0.0,0.0
2024-01-17 14:00:00,478.77210985530985,352.25965993498704,60.0,126.51244992032281,0.0,0.0,0.0
2024-01-17 15:00:00,478.77210985530985,304.2604867823061,60.0,174.51162307300376,0.0,0.0,0.0
2024-01-17 16:00:00,478.77210985530985,238.35080854943297,60.0,240.42130130587688,0.0,0.0,0.0
2024-01-17 17:00:00,478.77210985530985,169.34646395119947,60.0,309.4256459041104,0.0,0.0,0.0
2024-01-17 18:00:00,359.07908239148236,109.12495195916932,60.0,249.95413043231304,0.0,0.0,0.0
2024-01-17 19:00:00,359.07908239148236,63.77646268970744,60.0,295.3026197017749,0.0,0.0,0.0
2024-01-17 20:00:00,149.61628432978432,33.8053330951628,60.0,115.81095123462151,0.0,0.0,0.0
2024-01-17 21:00:00,149.61628432978432,16.25168667742099,60.0,133.36459765236333,0.0,0.0,0.0
2024-01-17 22:00:00,149.61628432978432,7.08598276318199,60.0,142.53030156660233,0.0,0.0,0.0
2024-01-17 23:00:00,47.87721098553098,2.8021422079333953,60.0,45.075068777597586,0.0,0.0,0.0
2024-01-18 00:00:00,47.87721098553098,0.09644750328453737,60.0,47.78076348224644,0.0,0.0,0.0
2024-01-18 01:00:00,47.87721098553098,0.3269155817901297,60.0,47.55029540374085,0.0,0.0,0.0
2024-01-18 02:00:00,47.87721098553098,1.0050060625922688,60.0,46.872204922938714,0.0,0.0,0.0
2024-01-18 03:00:00,47.87721098553098,2.8021422079333953,60.0,45.075068777597586,0.0,0.0,0.0
2024-01-18 04:00:00,47.87721098553098,7.08598276318199,60.0,40.79122822234899,0.0,0.0,0.0
2024-01-18 05:00:00,47.87721098553098,16.25168667742099,60.0,31.625524308109988,0.0,0.0,0.0
2024-01-18 06:00:00,179.53954119574118,33.8053330951628,60.0,145.73420810057837,0.0,0.0,0.0
2024-01-18 07:00:00,598.4651373191373,63.77646268970744,60.0,534.6886746294299,0.0,0.0,0.0
2024-01-18 08:00:00,598.4651373191373,109.12495195916932,60.0,489.34018535996796,0.0,0.0,0.0
2024-01-18 09:00:00,598.4651373191373,169.34646395119947,60.0,429.11867336793784,0.0,0.0,0.0
2024-01-18 10:00:00,478.77210985530985,238.35080854943297,60.0,240.42130130587688,0.0,0.0,0.0
2024-01-18 11:00:00,478.77210985530985,304.2604867823061,60.0,174.51162307300376,0.0,0.0,0.0
2024-01-18 12:00:00,478.77210985530985,352.25965993498704,60.0,126.51244992032281,0.0,0.0,0.0
2024-01-18 13:00:00,478.77210985530985,369.88668387096766,60.0,108.88542598434219,0.0,0.0,0.0
2024-01-18 14:00:00,478.77210985530985,352.25965993498704,60.0,126.51244992032281,0.0,0.0,0.0
2024-01-18 15:00:00,478.77210985530985,304.2604867823061,60.0,174.51162307300376,0.0,0.0,0.0
2024-01-18 16:00:00,478.77210985530985,238.35080854943297,60.0,240.42130130587688,0.0,0.0,0.0
2024-01-18 17:00:00,478.77210985530985,169.34646395119947,60.0,309.4256459041104,0.0,0.0,0.0
2024-01-18 18:00:00,359.07908239148236,109.12495195916932,60.0,249.95413043231304,0.0,0.0,0.0
2024-01-18 19:00:00,359.07908239148236,63.77646268970744,60.0,295.3026197017749,0.0,0.0,0.0
2024-01-18 20:00:00,149.61628432978432,33.8053330951628,60.0,115.81095123462151,0.0,0.0,0.0
2024-01-18 21:00:00,149.61628432978432,16.25168667742099,60.0,133.36459765236333,0.0,0.0,0.0
2024-01-18 22:00:00,149.61628432978432,7.08598276318199,60.0,142.53030156660233,0.0,0.0,0.0
2024-01-18 23:00:00,47.87721098553098,2.8021422079333953,60.0,45.075068777597586,0.0,0.0,0.0
2024-01-19 00:00:00,47.87721098553098,0.09644750328453737,60.0,47.78076348224644,0.0,0.0,0.0
2024-01-19 01:00:00,47.87721098553098,0.3269155817901297,60.0,47.55029540374085,0.0,0.0,0.0
2024-01-19 02:00:00,47.87721098553098,1.0050060625922688,60.0,46.872204922938714,0.0,0.0,0.0
2024-01-19 03:00:00,47.87721098553098,2.8021422079333953,60.0,45.075068777597586,0.0,0.0,0.0
2024-01-19 04:00:00,47.87721098553098,7.08598276318199,60.0,40.79122822234899,0.0,0.0,0.0
2024-01-19 05:00:00,47.87721098553098,16.25168667742099,60.0,31.625524308109988,0.0,0.0,0.0
2024-01-19 06:00:00,179.53954119574118,33.8053330951628,60.0,145.73420810057837,0.0,0.0,0.0
2024-01-19 07:00:00,598.4651373191373,63.77646268970744,60.0,534.6886746294299,0.0,0.0,0.0
2024-01-19 08:00:00,598.4651373191373,109.12495195916932,60.0,489.34018535996796,0.0,0.0,0.0
2024-01-19 09:00:00,598.4651373191373,169.34646395119947,60.0,429.11867336793784,0.0,0.0,0.0
2024-01-19 10:00:00,478.77210985530985,238.35080854943297,60.0,240.42130130587688,0.0,0.0,0.0
2024-01-19 11:00:00,478.77210985530985,304.2604867823061,60.0,174.51162307300376,0.0,0.0,0.0
2024-01-19 12:00:00,478.77210985530985,352.25965993498704,60.0,126.51244992032281,0.0,0.0,0.0
2024-01-19 13:00:00,478.77210985530985,369.88668387096766,60.0,108.88542598434219,0.0,0.0,0.0
2024-01-19 14:00:00,478.77210985530985,352.25965993498704,60.0,126.51244992032281,0.0,0.0,0.0
2024-01-19 15:00:00,478.77210985530985,304.2604867823061,60.0,174.51162307300376,0.0,0.0,0.0
2024-01-19 16:00:00,478.77210985530985,238.35080854943297,60.0,240.42130130587688,0.0,0.0,0.0
2024-01-19 17:00:00,478.77210985530985,169.34646395119947,60.0,309.4256459041104,0.0,0.0,0.0
2024-01-19 18:00:00,359.07908239148236,109.12495195916932,60.0,249.95413043231304,0.0,0.0,0.0
2024-01-19 19:00:00,359.07908239148236,63.77646268970744,60.0,295.3026197017749,0.0,0.0,0.0
2024-01-19 20:00:00,149.61628432978432,33.8053330951628,60.0,115.81095123462151,0.0,0.0,0.0
2024-01-19 21:00:00,149.61628432978432,16.25168667742099,60.0,133.36459765236333,0.0,0.0,0.0
2024-01-19 22:00:00,149.61628432978432,7.08598276318199,60.0,142.53030156660233,0.0,0.0,0.0
2024-01-19 23:00:00,47.87721098553098,2.8021422079333953,60.0,45.075068777597586,0.0,0.0,0.0
2024-01-20 00:00:00,47.877210985530986,0.09644750328453737,60.0,47.78076348224645,0.0,0.0,0.0
2024-01-20 01:00:00,47.877210985530986,0.3269155817901297,60.0,47.550295403740854,0.0,0.0,0.0
2024-01-20 02:00:00,47.877210985530986,1.0050060625922688,60.0,46.87220492293872,0.0,0.0,0.0
2024-01-20 03:00:00,47.877210985530986,2.8021422079333953,60.0,45.07506877759759,0.0,0.0,0.0
2024-01-20 04:00:00,47.877210985530986,7.08598276318199,60.0,40.791228222349,0.0,0.0,0.0
2024-01-20 05:00:00,47.877210985530986,16.25168667742099,60.0,31.625524308109995,0.0,0.0,0.0
2024-01-20 06:00:00,179.53954119574118,33.8053330951628,60.0,145.73420810057837,0.0,0.0,0.0
2024-01-20 07:00:00,598.4651373191373,63.77646268970744,60.0,534.6886746294299,0.0,0.0,0.0
2024-01-20 08:00:00,598.4651373191373,109.12495195916932,60.0,489.34018535996796,0.0,0.0,0.0
2024-01-20 09:00:00,598.4651373191373,169.34646395119947,60.0,429.11867336793784,0.0,0.0,0.0
2024-01-20 10:00:00,478.77210985530985,238.35080854943297,60.0,240.42130130587688,0.0,0.0,0.0
2024-01-20 11:00:00,478.77210985530985,304.2604867823061,60.0,174.51162307300376,0.0,0.0,0.0
2024-01-20 12:00:00,478.77210985530985,352.25965993498704,60.0,126.51244992032281,0.0,0.0,0.0
2024-01-20 13:00:00,478.77210985530985,369.88668387096766,60.0,108.88542598434219,0.0,0.0,0.0
2024-01-20 14:00:00,478.77210985530985,352.25965993498704,60.0,126.51244992032281,0.0,0.0,0.0
2024-01-20 15:00:00,478.77210985530985,304.2604867823061,60.0,174.51162307300376,0.0,0.0,0.0
2024-01-20 16:00:00,478.77210985530985,238.35080854943297,60.0,240.42130130587688,0.0,0.0,0.0
2024-01-20 17:00:00,478.77210985530985,169.34646395119947,60.0,309.4256459041104,0.0,0.0,0.0
2024-01-20 18:00:00,359.07908239148236,109.12495195916932,60.0,249.95413043231304,0.0,0.0,0.0
2024-01-20 19:00:00,359.07908239148236,63.77646268970744,60.0,295.3026197017749,0.0,0.0,0.0
2024-01-20 20:00:00,149.61628432978432,33.8053330951628,60.0,115.81095123462151,0.0,0.0,0.0
2024-01-20 21:00:00,149.61628432978432,16.25168667742099,60.0,133.36459765236333,0.0,0.0,0.0
2024-01-20 22:00:00,149.61628432978432,7.08598276318199,60.0,142.53030156660233,0.0,0.0,0.0
2024-01-20 23:00:00,47.877210985530986,2.8021422079333953,60.0,45.07506877759759,0.0,0.0,0.0
2024-01-21 00:00:00,47.877210985530986,0.09644750328453737,60.0,47.78076348224645,0.0,0.0,0.0
2024-01-21 01:00:00,47.877210985530986,0.3269155817901297,60.0,47.550295403740854,0.0,0.0,0.0
2024-01-21 02:00:00,47.877210985530986,1.0050060625922688,60.0,46.87220492293872,0.0,0.0,0.0
2024-01-21 03:00:00,47.877210985530986,2.8021422079333953,60.0,45.07506877759759,0.0,0.0,0.0
2024-01-21 04:00:00,47.877210985530986,7.08598276318199,60.0,40.791228222349,0.0,0.0,0.0
2024-01-21 05:00:00,47.877210985530986,16.25168667742099,60.0,31.625524308109995,0.0,0.0,0.0
2024-01-21 06:00:00,179.53954119574118,33.8053330951628,60.0,145.73420810057837,0.0,0.0,0.0
2024-01-21 07:00:00,598.4651373191373,63.77646268970744,60.0,534.6886746294299,0.0,0.0,0.0
2024-01-21 08:00:00,598.4651373191373,109.12495195916932,60.0,489.34018535996796,0.0,0.0,0.0
2024-01-21 09:00:00,598.4651373191373,169.34646395119947,60.0,429.11867336793784,0.0,0.0,0.0
2024-01-21 10:00:00,478.77210985530985,238.35080854943297,60.0,240.42130130587688,0.0,0.0,0.0
2024-01-21 11:00:00,478.77210985530985,304.2604867823061,60.0,174.51162307300376,0.0,0.0,0.0
2024-01-21 12:00:00,478.77210985530985,352.25965993498704,60.0,126.51244992032281,0.0,0.0,0.0
2024-01-21 13:00:00,478.77210985530985,369.88668387096766,60.0,108.88542598434219,0.0,0.0,0.0
2024-01-21 14:00:00,478.77210985530985,352.25965993498704,60.0,126.51244992032281,0.0,0.0,0.0
2024-01-21 15:00:00,478.77210985530985,304.2604867823061,60.0,174.51162307300376,0.0,0.0,0.0
2024-01-21 16:00:00,478.77210985530985,238.35080854943297,60.0,240.42130130587688,0.0,0.0,0.0
2024-01-21 17:00:00,478.77210985530985,169.34646395119947,60.0,309.4256459041104,0.0,0.0,0.0
2024-01-21 18:00:00,359.07908239148236,109.12495195916932,60.0,249.95413043231304,0.0,0.0,0.0
2024-01-21 19:00:00,359.07908239148236,63.77646268970744,60.0,295.3026197017749,0.0,0.0,0.0
2024-01-21 20:00:00,149.61628432978432,33.8053330951628,60.0,115.81095123462151,0.0,0.0,0.0
2024-01-21 21:00:00,149.61628432978432,16.25168667742099,60.0,133.36459765236333,0.0,0.0,0.0
2024-01-21 22:00:00,149.61628432978432,7.08598276318199,60.0,142.53030156660233,0.0,0.0,0.0
2024-01-21 23:00:00,47.877210985530986,2.8021422079333953,60.0,45.07506877759759,0.0,0.0,0.0
2024-01-22 00:00:00,47.87721098553098,0.09644750328453737,60.0,47.78076348224644,0.0,0.0,0.0
2024-01-22 01:00:00,47.87721098553098,0.3269155817901297,60.0,47.55029540374085,0.0,0.0,0.0
2024-01-22 02:00:00,47.87721098553098,1.0050060625922688,60.0,46.872204922938714,0.0,0.0,0.0
2024-01-22 03:00:00,47.87721098553098,2.8021422079333953,60.0,45.075068777597586,0.0,0.0,0.0
2024-01-22 04:00:00,47.87721098553098,7.08598276318199,60.0,40.79122822234899,0.0,0.0,0.0
2024-01-22 05:00:00,47.87721098553098,16.25168667742099,60.0,31.625524308109988,0.0,0.0,0.0
2024-01-22 06:00:00,179.53954119574118,33.8053330951628,60.0,145.73420810057837,0.0,0.0,0.0
2024-01-22 07:00:00,598.4651373191373,63.77646268970744,60.0,534.6886746294299,0.0,0.0,0.0
2024-01-22 08:00:00,598.4651373191373,109.12495195916932,60.0,489.34018535996796,0.0,0.0,0.0
2024-01-22 09:00:00,598.4651373191373,169.34646395119947,60.0,429.11867336793784,0.0,0.0,0.0
2024-01-22 10:00:00,478.77210985530985,238.35080854943297,60.0,240.42130130587688,0.0,0.0,0.0
2024-01-22 11:00:00,478.77210985530985,304.2604867823061,60.0,174.51162307300376,0.0,0.0,0.0
2024-01-22 12:00:00,478.77210985530985,352.25965993498704,60.0,126.51244992032281,0.0,0.0,0.0
2024-01-22 13:00:00,478.77210985530985,369.88668387096766,60.0,108.88542598434219,0.0,0.0,0.0
2024-01-22 14:00:00,478.77210985530985,352.25965993498704,60.0,126.51244992032281,0.0,0.0,0.0
2024-01-22 15:00:00,478.77210985530985,304.2604867823061,60.0,174.51162307300376,0.0,0.0,0.0
2024-01-22 16:00:00,478.77210985530985,238.35080854943297,60.0,240.42130130587688,0.0,0.0,0.0
2024-01-22 17:00:00,478.77210985530985,169.34646395119947,60.0,309.4256459041104,0.0,0.0,0.0
2024-01-22 18:00:00,359.07908239148236,109.12495195916932,60.0,249.95413043231304,0.0,0.0,0.0
2024-01-22 19:00:00,359.07908239148236,63.77646268970744,60.0,295.3026197017749,0.0,0.0,0.0
2024-01-22 20:00:00,149.61628432978432,33.8053330951628,60.0,115.81095123462151,0.0,0.0,0.0
2024-01-22 21:00:00,149.61628432978432,16.25168667742099,60.0,133.36459765236333,0.0,0.0,0.0
2024-01-22 22:00:00,149.61628432978432,7.08598276318199,60.0,142.53030156660233,0.0,0.0,0.0
2024-01-22 23:00:00,47.87721098553098,2.8021422079333953,60.0,45.075068777597586,0.0,0.0,0.0
2024-01-23 00:00:00,47.87721098553098,0.09644750328453737,60.0,47.78076348224644,0.0,0.0,0.0
2024-01-23 01:00:00,47.87721098553098,0.3269155817901297,60.0,47.55029540374085,0.0,0.0,0.0
2024-01-23 02:00:00,47.87721098553098,1.0050060625922688,60.0,46.872204922938714,0.0,0.0,0.0
2024-01-23 03:00:00,47.87721098553098,2.8021422079333953,60.0,45.075068777597586,0.0,0.0,0.0
2024-01-23 04:00:00,47.87721098553098,7.08598276318199,60.0,40.79122822234899,0.0,0.0,0.0
2024-01-23 05:00:00,47.87721098553098,16.25168667742099,60.0,31.625524308109988,0.0,0.0,0.0
2024-01-23 06:00:00,179.53954119574118,33.8053330951628,60.0,145.73420810057837,0.0,0.0,0.0
2024-01-23 07:00:00,598.4651373191373,63.77646268970744,60.0,534.6886746294299,0.0,0.0,0.0
2024-01-23 08:00:00,598.4651373191373,109.12495195916932,60.0,489.34018535996796,0.0,0.0,0.0
2024-01-23 09:00:00,598.4651373191373,169.34646395119947,60.0,429.11867336793784,0.0,0.0,0.0
2024-01-23 10:00:00,478.77210985530985,238.35080854943297,60.0,240.42130130587688,0.0,0.0,0.0
2024-01-23 11:00:00,478.77210985530985,304.2604867823061,60.0,174.51162307300376,0.0,0.0,0.0
2024-01-23 12:00:00,478.77210985530985,352.25965993498704,60.0,126.51244992032281,0.0,0.0,0.0
2024-01-23 13:00:00,478.77210985530985,369.88668387096766,60.0,108.88542598434219,0.0,0.0,0.0
2024-01-23 14:00:00,478.77210985530985,352.25965993498704,60.0,126.51244992032281,0.0,0.0,0.0
2024-01-23 15:00:00,478.77210985530985,304.2604867823061,60.0,174.51162307300376,0.0,0.0,0.0
2024-01-23 16:00:00,478.77210985530985,238.35080854943297,60.0,240.42130130587688,0.0,0.0,0.0
2024-01-23 17:00:00,478.77210985530985,169.34646395119947,60.0,309.4256459041104,0.0,0.0,0.0
2024-01-23 18:00:00,359.07908239148236,109.12495195916932,60.0,249.95413043231304,0.0,0.0,0.0
2024-01-23 19:00:00,359.07908239148236,63.77646268970744,60.0,295.3026197017749,0.0,0.0,0.0
2024-01-23 20:00:00,149.61628432978432,33.8053330951628,60.0,115.81095123462151,0.0,0.0,0.0
2024-01-23 21:00:00,149.61628432978432,16.25168667742099,60.0,133.36459765236333,0.0,0.0,0.0
2024-01-23 22:00:00,149.61628432978432,7.08598276318199,60.0,142.53030156660233,0.0,0.0,0.0
2024-01-23 23:00:00,47.87721098553098,2.8021422079333953,60.0,45.075068777597586,0.0,0.0,0.0
2024-01-24 00:00:00,47.87721098553098,0.09644750328453737,60.0,47.78076348224644,0.0,0.0,0.0
2024-01-24 01:00:00,47.87721098553098,0.3269155817901297,60.0,47.55029540374085,0.0,0.0,0.0
2024-01-24 02:00:00,47.87721098553098,1.0050060625922688,60.0,46.872204922938714,0.0,0.0,0.0
2024-01-24 03:00:00,47.87721098553098,2.8021422079333953,60.0,45.075068777597586,0.0,0.0,0.0
2024-01-24 04:00:00,47.87721098553098,7.08598276318199,60.0,40.79122822234899,0.0,0.0,0.0
2024-01-24 05:00:00,47.87721098553098,16.25168667742099,60.0,31.625524308109988,0.0,0.0,0.0
2024-01-24 06:00:00,179.53954119574118,33.8053330951628,60.0,145.73420810057837,0.0,0.0,0.0
2024-01-24 07:00:00,598.4651373191373,63.77646268970744,60.0,534.6886746294299,0.0,0.0,0.0
2024-01-24 08:00:00,598.4651373191373,109.12495195916932,60.0,489.34018535996796,0.0,0.0,0.0
2024-01-24 09:00:00,598.4651373191373,169.34646395119947,60.0,429.11867336793784,0.0,0.0,0.0
2024-01-24 10:00:00,478.77210985530985,238.35080854943297,60.0,240.42130130587688,0.0,0.0,0.0
2024-01-24 11:00:00,478.77210985530985,304.2604867823061,60.0,174.51162307300376,0.0,0.0,0.0
2024-01-24 12:00:00,478.77210985530985,352.25965993498704,60.0,126.51244992032281,0.0,0.0,0.0
2024-01-24 13:00:00,478.77210985530985,369.88668387096766,60.0,108.88542598434219,0.0,0.0,0.0
2024-01-24 14:00:00,478.77210985530985,352.25965993498704,60.0,126.51244992032281,0.0,0.0,0.0
2024-01-24 15:00:00,478.77210985530985,304.2604867823061,60.0,174.51162307300376,0.0,0.0,0.0
2024-01-24 16:00:00,478.77210985530985,238.35080854943297,60.0,240.42130130587688,0.0,0.0,0.0
2024-01-24 17:00:00,478.77210985530985,169.34646395119947,60.0,309.4256459041104,0.0,0.0,0.0
2024-01-24 18:00:00,359.07908239148236,109.12495195916932,60.0,249.95413043231304,0.0,0.0,0.0
2024-01-24 19:00:00,359.07908239148236,63.77646268970744,60.0,295.3026197017749,0.0,0.0,0.0
2024-01-24 20:00:00,149.61628432978432,33.8053330951628,60.0,115.81095123462151,0.0,0.0,0.0
2024-01-24 21:00:00,149.61628432978432,16.25168667742099,60.0,133.36459765236333,0.0,0.0,0.0
2024-01-24 22:00:00,149.61628432978432,7.08598276318199,60.0,142.53030156660233,0.0,0.0,0.0
2024-01-24 23:00:00,47.87721098553098,2.8021422079333953,60.0,45.075068777597586,0.0,0.0,0.0
2024-01-25 00:00:00,47.87721098553098,0.09644750328453737,60.0,47.78076348224644,0.0,0.0,0.0
2024-01-25 01:00:00,47.87721098553098,0.3269155817901297,60.0,47.55029540374085,0.0,0.0,0.0
2024-01-25 02:00:00,47.87721098553098,1.0050060625922688,60.0,46.872204922938714,0.0,0.0,0.0
2024-01-25 03:00:00,47.87721098553098,2.8021422079333953,60.0,45.075068777597586,0.0,0.0,0.0
2024-01-25 04:00:00,47.87721098553098,7.08598276318199,60.0,40.79122822234899,0.0,0.0,0.0
2024-01-25 05:00:00,47.87721098553098,16.25168667742099,60.0,31.625524308109988,0.0,0.0,0.0
2024-01-25 06:00:00,179.53954119574118,33.8053330951628,60.0,145.73420810057837,0.0,0.0,0.0
2024-01-25 07:00:00,598.4651373191373,63.77646268970744,60.0,534.6886746294299,0.0,0.0,0.0
2024-01-25 08:00:00,598.4651373191373,109.12495195916932,60.0,489.34018535996796,0.0,0.0,0.0
2024-01-25 09:00:00,598.4651373191373,169.34646395119947,60.0,429.11867336793784,0.0,0.0,0.0
2024-01-25 10:00:00,478.77210985530985,238.35080854943297,60.0,240.42130130587688,0.0,0.0,0.0
2024-01-25 11:00:00,478.77210985530985,304.2604867823061,60.0,174.51162307300376,0.0,0.0,0.0
2024-01-25 12:00:00,478.77210985530985,352.25965993498704,60.0,126.51244992032281,0.0,0.0,0.0
2024-01-25 13:00:00,478.77210985530985,369.88668387096766,60.0,108.88542598434219,0.0,0.0,0.0
2024-01-25 14:00:00,478.77210985530985,352.25965993498704,60.0,126.51244992032281,0.0,0.0,0.0
2024-01-25 15:00:00,478.77210985530985,304.2604867823061,60.0,174.51162307300376,0.0,0.0,0.0
2024-01-25 16:00:00,478.77210985530985,238.35080854943297,60.0,240.42130130587688,0.0,0.0,0.0
2024-01-25 17:00:00,478.77210985530985,169.34646395119947,60.0,309.4256459041104,0.0,0.0,0.0
2024-01-25 18:00:00,359.07908239148236,109.12495195916932,60.0,249.95413043231304,0.0,0.0,0.0
2024-01-25 19:00:00,359.07908239148236,63.77646268970744,60.0,295.3026197017749,0.0,0.0,0.0
2024-01-25 20:00:00,149.61628432978432,33.8053330951628,60.0,115.81095123462151,0.0,0.0,0.0
2024-01-25 21:00:00,149.61628432978432,16.25168667742099,60.0,133.36459765236333,0.0,0.0,0.0
2024-01-25 22:00:00,149.61628432978432,7.08598276318199,60.0,142.53030156660233,0.0,0.0,0.0
2024-01-25 23:00:00,47.87721098553098,2.8021422079333953,60.0,45.075068777597586,0.0,0.0,0.0
2024-01-26 00:00:00,47.87721098553098,0.09644750328453737,60.0,47.78076348224644,0.0,0.0,0.0
2024-01-26 01:00:00,47.87721098553098,0.3269155817901297,60.0,47.55029540374085,0.0,0.0,0.0
2024-01-26 02:00:00,47.87721098553098,1.0050060625922688,60.0,46.872204922938714,0.0,0.0,0.0
2024-01-26 03:00:00,47.87721098553098,2.8021422079333953,60.0,45.075068777597586,0.0,0.0,0.0
2024-01-26 04:00:00,47.87721098553098,7.08598276318199,60.0,40.79122822234899,0.0,0.0,0.0
2024-01-26 05:00:00,47.87721098553098,16.25168667742099,60.0,31.625524308109988,0.0,0.0,0.0
2024-01-26 06:00:00,179.53954119574118,33.8053330951628,60.0,145.73420810057837,0.0,0.0,0.0
2024-01-26 07:00:00,598.4651373191373,63.77646268970744,60.0,534.6886746294299,0.0,0.0,0.0
2024-01-26 08:00:00,598.4651373191373,109.12495195916932,60.0,489.34018535996796,0.0,0.0,0.0
2024-01-26 09:00:00,598.4651373191373,169.34646395119947,60.0,429.11867336793784,0.0,0.0,0.0
2024-01-26 10:00:00,478.77210985530985,238.35080854943297,60.0,240.42130130587688,0.0,0.0,0.0
2024-01-26 11:00:00,478.77210985530985,304.2604867823061,60.0,174.51162307300376,0.0,0.0,0.0
2024-01-26 12:00:00,478.77210985530985,352.25965993498704,60.0,126.51244992032281,0.0,0.0,0.0
2024-01-26 13:00:00,478.77210985530985,369.88668387096766,60.0,108.88542598434219,0.0,0.0,0.0
2024-01-26 14:00:00,478.77210985530985,352.25965993498704,60.0,126.51244992032281,0.0,0.0,0.0
2024-01-26 15:00:00,478.77210985530985,304.2604867823061,60.0,174.51162307300376,0.0,0.0,0.0
2024-01-26 16:00:00,478.77210985530985,238.35080854943297,60.0,240.42130130587688,0.0,0.0,0.0
2024-01-26 17:00:00,478.77210985530985,169.34646395119947,60.0,309.4256459041104,0.0,0.0,0.0
2024-01-26 18:00:00,359.07908239148236,109.12495195916932,60.0,249.95413043231304,0.0,0.0,0.0
2024-01-26 19:00:00,359.07908239148236,63.77646268970744,60.0,295.3026197017749,0.0,0.0,0.0
2024-01-26 20:00:00,149.61628432978432,33.8053330951628,60.0,115.81095123462151,0.0,0.0,0.0
2024-01-26 21:00:00,149.61628432978432,16.25168667742099,60.0,133.36459765236333,0.0,0.0,0.0
2024-01-26 22:00:00,149.61628432978432,7.08598276318199,60.0,142.53030156660233,0.0,0.0,0.0
2024-01-26 23:00:00,47.87721098553098,2.8021422079333953,60.0,45.075068777597586,0.0,0.0,0.0
2024-01-27 00:00:00,47.877210985530986,0.09644750328453737,60.0,47.78076348224645,0.0,0.0,0.0
2024-01-27 01:00:00,47.877210985530986,0.3269155817901297,60.0,47.550295403740854,0.0,0.0,0.0
2024-01-27 02:00:00,47.877210985530986,1.0050060625922688,60.0,46.87220492293872,0.0,0.0,0.0
2024-01-27 03:00:00,47.877210985530986,2.8021422079333953,60.0,45.07506877759759,0.0,0.0,0.0
2024-01-27 04:00:00,47.877210985530986,7.08598276318199,60.0,40.791228222349,0.0,0.0,0.0
2024-01-27 05:00:00,47.877210985530986,16.25168667742099,60.0,31.625524308109995,0.0,0.0,0.0
2024-01-27 06:00:00,179.53954119574118,33.8053330951628,60.0,145.73420810057837,0.0,0.0,0.0
2024-01-27 07:00:00,598.4651373191373,63.77646268970744,60.0,534.6886746294299,0.0,0.0,0.0
2024-01-27 08:00:00,598.4651373191373,109.12495195916932,60.0,489.34018535996796,0.0,0.0,0.0
2024-01-27 09:00:00,598.4651373191373,169.34646395119947,60.0,429.11867336793784,0.0,0.0,0.0
2024-01-27 10:00:00,478.77210985530985,238.35080854943297,60.0,240.42130130587688,0.0,0.0,0.0
2024-01-27 11:00:00,478.77210985530985,304.2604867823061,60.0,174.51162307300376,0.0,0.0,0.0
2024-01-27 12:00:00,478.77210985530985,352.25965993498704,60.0,126.51244992032281,0.0,0.0,0.0
2024-01-27 13:00:00,478.77210985530985,369.88668387096766,60.0,108.88542598434219,0.0,0.0,0.0
2024-01-27 14:00:00,478.77210985530985,352.25965993498704,60.0,126.51244992032281,0.0,0.0,0.0
2024-01-27 15:00:00,478.77210985530985,304.2604867823061,60.0,174.51162307300376,0.0,0.0,0.0
2024-01-27 16:00:00,478.77210985530985,238.35080854943297,60.0,240.42130130587688,0.0,0.0,0.0
2024-01-27 17:00:00,478.77210985530985,169.34646395119947,60.0,309.4256459041104,0.0,0.0,0.0
2024-01-27 18:00:00,359.07908239148236,109.12495195916932,60.0,249.95413043231304,0.0,0.0,0.0
2024-01-27 19:00:00,359.07908239148236,63.77646268970744,60.0,295.3026197017749,0.0,0.0,0.0
2024-01-27 20:00:00,149.61628432978432,33.8053330951628,60.0,115.81095123462151,0.0,0.0,0.0
2024-01-27 21:00:00,149.61628432978432,16.25168667742099,60.0,133.36459765236333,0.0,0.0,0.0
2024-01-27 22:00:00,149.61628432978432,7.08598276318199,60.0,142.53030156660233,0.0,0.0,0.0
2024-01-27 23:00:00,47.877210985530986,2.8021422079333953,60.0,45.07506877759759,0.0,0.0,0.0
2024-01-28 00:00:00,47.877210985530986,0.09644750328453737,60.0,47.78076348224645,0.0,0.0,0.0
2024-01-28 01:00:00,47.877210985530986,0.3269155817901297,60.0,47.550295403740854,0.0,0.0,0.0
2024-01-28 02:00:00,47.877210985530986,1.0050060625922688,60.0,46.87220492293872,0.0,0.0,0.0
2024-01-28 03:00:00,47.877210985530986,2.8021422079333953,60.0,45.07506877759759,0.0,0.0,0.0
2024-01-28 04:00:00,47.877210985530986,7.08598276318199,60.0,40.791228222349,0.0,0.0,0.0
2024-01-28 05:00:00,47.877210985530986,16.25168667742099,60.0,31.625524308109995,0.0,0.0,0.0
2024-01-28 06:00:00,179.53954119574118,33.8053330951628,60.0,145.73420810057837,0.0,0.0,0.0
2024-01-28 07:00:00,598.4651373191373,63.77646268970744,60.0,534.6886746294299,0.0,0.0,0.0
2024-01-28 08:00:00,598.4651373191373,109.12495195916932,60.0,489.34018535996796,0.0,0.0,0.0
2024-01-28 09:00:00,598.4651373191373,169.34646395119947,60.0,429.11867336793784,0.0,0.0,0.0
2024-01-28 10:00:00,478.77210985530985,238.35080854943297,60.0,240.42130130587688,0.0,0.0,0.0
2024-01-28 11:00:00,478.77210985530985,304.2604867823061,60.0,174.51162307300376,0.0,0.0,0.0
2024-01-28 12:00:00,478.77210985530985,352.25965993498704,60.0,126.51244992032281,0.0,0.0,0.0
2024-01-28 13:00:00,478.77210985530985,369.88668387096766,60.0,108.88542598434219,0.0,0.0,0.0
2024-01-28 14:00:00,478.77210985530985,352.25965993498704,60.0,126.51244992032281,0.0,0.0,0.0
2024-01-28 15:00:00,478.77210985530985,304.2604867823061,60.0,174.51162307300376,0.0,0.0,0.0
2024-01-28 16:00:00,478.77210985530985,238.35080854943297,60.0,240.42130130587688,0.0,0.0,0.0
2024-01-28 17:00:00,478.77210985530985,169.34646395119947,60.0,309.4256459041104,0.0,0.0,0.0
2024-01-28 18:00:00,359.07908239148236,109.12495195916932,60.0,249.95413043231304,0.0,0.0,0.0
2024-01-28 19:00:00,359.07908239148236,63.77646268970744,60.0,295.3026197017749,0.0,0.0,0.0
2024-01-28 20:00:00,149.61628432978432,33.8053330951628,60.0,115.81095123462151,0.0,0.0,0.0
2024-01-28 21:00:00,149.61628432978432,16.25168667742099,60.0,133.36459765236333,0.0,0.0,0.0
2024-01-28 22:00:00,149.61628432978432,7.08598276318199,60.0,142.53030156660233,0.0,0.0,0.0
2024-01-28 23:00:00,47.877210985530986,2.8021422079333953,60.0,45.07506877759759,0.0,0.0,0.0
2024-01-29 00:00:00,47.87721098553098,0.09644750328453737,60.0,47.78076348224644,0.0,0.0,0.0
2024-01-29 01:00:00,47.87721098553098,0.3269155817901297,60.0,47.55029540374085,0.0,0.0,0.0
2024-01-29 02:00:00,47.87721098553098,1.0050060625922688,60.0,46.872204922938714,0.0,0.0,0.0
2024-01-29 03:00:00,47.87721098553098,2.8021422079333953,60.0,45.075068777597586,0.0,0.0,0.0
2024-01-29 04:00:00,47.87721098553098,7.08598276318199,60.0,40.79122822234899,0.0,0.0,0.0
2024-01-29 05:00:00,47.87721098553098,16.25168667742099,60.0,31.625524308109988,0.0,0.0,0.0
2024-01-29 06:00:00,179.53954119574118,33.8053330951628,60.0,145.73420810057837,0.0,0.0,0.0
2024-01-29 07:00:00,598.4651373191373,63.77646268970744,60.0,534.6886746294299,0.0,0.0,0.0
2024-01-29 08:00:00,598.4651373191373,109.12495195916932,60.0,489.34018535996796,0.0,0.0,0.0
2024-01-29 09:00:00,598.4651373191373,169.34646395119947,60.0,429.11867336793784,0.0,0.0,0.0
2024-01-29 10:00:00,478.77210985530985,238.35080854943297,60.0,240.42130130587688,0.0,0.0,0.0
2024-01-29 11:00:00,478.77210985530985,304.2604867823061,60.0,174.51162307300376,0.0,0.0,0.0
2024-01-29 12:00:00,478.77210985530985,352.25965993498704,60.0,126.51244992032281,0.0,0.0,0.0
2024-01-29 13:00:00,478.77210985530985,369.88668387096766,60.0,108.88542598434219,0.0,0.0,0.0
2024-01-29 14:00:00,478.77210985530985,352.25965993498704,60.0,126.51244992032281,0.0,0.0,0.0
2024-01-29 15:00:00,478.77210985530985,304.2604867823061,60.0,174.51162307300376,0.0,0.0,0.0
2024-01-29 16:00:00,478.77210985530985,238.35080854943297,60.0,240.42130130587688,0.0,0.0,0.0
2024-01-29 17:00:00,478.77210985530985,169.34646395119947,60.0,309.4256459041104,0.0,0.0,0.0
2024-01-29 18:00:00,359.07908239148236,109.12495195916932,60.0,249.95413043231304,0.0,0.0,0.0
2024-01-29 19:00:00,359.07908239148236,63.77646268970744,60.0,295.3026197017749,0.0,0.0,0.0
2024-01-29 20:00:00,149.61628432978432,33.8053330951628,60.0,115.81095123462151,0.0,0.0,0.0
2024-01-29 21:00:00,149.61628432978432,16.25168667742099,60.0,133.36459765236333,0.0,0.0,0.0
2024-01-29 22:00:00,149.61628432978432,7.08598276318199,60.0,142.53030156660233,0.0,0.0,0.0
2024-01-29 23:00:00,47.87721098553098,2.8021422079333953,60.0,45.075068777597586,0.0,0.0,0.0
2024-01-30 00:00:00,47.87721098553098,0.09644750328453737,60.0,47.78076348224644,0.0,0.0,0.0
2024-01-30 01:00:00,47.87721098553098,0.3269155817901297,60.0,47.55029540374085,0.0,0.0,0.0
2024-01-30 02:00:00,47.87721098553098,1.0050060625922688,60.0,46.872204922938714,0.0,0.0,0.0
2024-01-30 03:00:00,47.87721098553098,2.8021422079333953,60.0,45.075068777597586,0.0,0.0,0.0
2024-01-30 04:00:00,47.87721098553098,7.08598276318199,60.0,40.79122822234899,0.0,0.0,0.0
2024-01-30 05:00:00,47.87721098553098,16.25168667742099,60.0,31.625524308109988,0.0,0.0,0.0
2024-01-30 06:00:00,179.53954119574118,33.8053330951628,60.0,145.73420810057837,0.0,0.0,0.0
2024-01-30 07:00:00,598.4651373191373,63.77646268970744,60.0,534.6886746294299,0.0,0.0,0.0
2024-01-30 08:00:00,598.4651373191373,109.12495195916932,60.0,489.34018535996796,0.0,0.0,0.0
2024-01-30 09:00:00,598.4651373191373,169.34646395119947,60.0,429.11867336793784,0.0,0.0,0.0
2024-01-30 10:00:00,478.77210985530985,238.35080854943297,60.0,240.42130130587688,0.0,0.0,0.0
2024-01-30 11:00:00,478.77210985530985,304.2604867823061,60.0,174.51162307300376,0.0,0.0,0.0
2024-01-30 12:00:00,478.77210985530985,352.25965993498704,60.0,126.51244992032281,0.0,0.0,0.0
2024-01-30 13:00:00,478.77210985530985,369.88668387096766,60.0,108.88542598434219,0.0,0.0,0.0
2024-01-30 14:00:00,478.77210985530985,352.25965993498704,60.0,126.51244992032281,0.0,0.0,0.0
2024-01-30 15:00:00,478.77210985530985,304.2604867823061,60.0,174.51162307300376,0.0,0.0,0.0
2024-01-30 16:00:00,478.77210985530985,238.35080854943297,60.0,240.42130130587688,0.0,0.0,0.0
2024-01-30 17:00:00,478.77210985530985,169.34646395119947,60.0,309.4256459041104,0.0,0.0,0.0
2024-01-30 18:00:00,359.07908239148236,109.12495195916932,60.0,249.95413043231304,0.0,0.0,0.0
2024-01-30 19:00:00,359.07908239148236,63.77646268970744,60.0,295.3026197017749,0.0,0.0,0.0
2024-01-30 20:00:00,149.61628432978432,33.8053330951628,60.0,115.81095123462151,0.0,0.0,0.0
2024-01-30 21:00:00,149.61628432978432,16.25168667742099,60.0,133.36459765236333,0.0,0.0,0.0
2024-01-30 22:00:00,149.61628432978432,7.08598276318199,60.0,142.53030156660233,0.0,0.0,0.0
2024-01-30 23:00:00,47.87721098553098,2.8021422079333953,60.0,45.075068777597586,0.0,0.0,0.0
2024-01-31 00:00:00,46.13675005680167,0.09644750328453737,60.0,46.04030255351713,0.0,0.0,0.0
2024-01-31 01:00:00,46.13675005680167,0.3269155817901297,60.0,45.809834475011534,0.0,0.0,0.0
2024-01-31 02:00:00,46.13675005680167,1.0050060625922688,60.0,45.1317439942094,0.0,0.0,0.0
2024-01-31 03:00:00,46.13675005680167,2.8021422079333953,60.0,43.33460784886827,0.0,0.0,0.0
2024-01-31 04:00:00,46.13675005680167,7.08598276318199,60.0,39.05076729361968,0.0,0.0,0.0
2024-01-31 05:00:00,46.13675005680167,16.25168667742099,60.0,29.885063379380675,0.0,0.0,0.0
2024-01-31 06:00:00,173.01281271300624,33.8053330951628,60.0,139.20747961784343,0.0,0.0,0.0
2024-01-31 07:00:00,576.7093757100208,63.77646268970744,60.0,512.9329130203134,0.0,0.0,0.0
2024-01-31 08:00:00,576.7093757100208,109.12495195916932,60.0,467.5844237508515,0.0,0.0,0.0
2024-01-31 09:00:00,576.7093757100208,169.34646395119947,60.0,407.3629117588214,0.0,0.0,0.0
2024-01-31 10:00:00,461.36750056801674,238.35080854943297,60.0,223.01669201858377,0.0,0.0,0.0
2024-01-31 11:00:00,461.36750056801674,304.2604867823061,60.0,157.10701378571065,0.0,0.0,0.0
2024-01-31 12:00:00,461.36750056801674,352.25965993498704,60.0,109.1078406330297,0.0,0.0,0.0
2024-01-31 13:00:00,461.36750056801674,369.88668387096766,60.0,91.48081669704908,0.0,0.0,0.0
2024-01-31 14:00:00,461.36750056801674,352.25965993498704,60.0,109.1078406330297,0.0,0.0,0.0
2024-01-31 15:00:00,461.36750056801674,304.2604867823061,60.0,157.10701378571065,0.0,0.0,0.0
2024-01-31 16:00:00,461.36750056801674,238.35080854943297,60.0,223.01669201858377,0.0,0.0,0.0
2024-01-31 17:00:00,461.36750056801674,169.34646395119947,60.0,292.02103661681724,0.0,0.0,0.0
2024-01-31 18:00:00,346.0256254260125,109.12495195916932,60.0,236.90067346684316,0.0,0.0,0.0
2024-01-31 19:00:00,346.0256254260125,63.77646268970744,60.0,282.24916273630504,0.0,0.0,0.0
2024-01-31 20:00:00,144.1773439275052,33.8053330951628,60.0,110.3720108323424,0.0,0.0,0.0
2024-01-31 21:00:00,144.1773439275052,16.25168667742099,60.0,127.92565725008421,0.0,0.0,0.0
2024-01-31 22:00:00,144.1773439275052,7.08598276318199,60.0,137.09136116432322,0.0,0.0,0.0
2024-01-31 23:00:00,46.13675005680167,2.8021422079333953,60.0,43.33460784886827,0.0,0.0,0.0
2024-02-01 00:00:00,46.13675005680167,0.15866142033200686,60.0,45.97808863646966,0.0,0.0,0.0
2024-02-01 01:00:00,46.13675005680167,0.5377940202605747,60.0,45.59895603654109,0.0,0.0,0.0
2024-02-01 02:00:00,46.13675005680167,1.6532899650366728,60.0,44.483460091765,0.0,0.0,0.0
2024-02-01 03:00:00,46.13675005680167,4.60967726008783,60.0,41.52707279671384,0.0,0.0,0.0
2024-02-01 04:00:00,46.13675005680167,11.65682937730145,60.0,34.47992067950022,0.0,0.0,0.0
2024-02-01 05:00:00,46.13675005680167,26.73491384658539,60.0,19.401836210216278,0.0,0.0,0.0
2024-02-01 06:00:00,173.01281271300624,55.61162270682678,60.0,117.40119000617946,0.0,0.0,0.0
2024-02-01 07:00:00,576.7093757100208,104.91577085461473,60.0,471.7936048554061,0.0,0.0,0.0
2024-02-01 08:00:00,576.7093757100208,179.51651708831346,60.0,397.1928586217074,0.0,0.0,0.0
2024-02-01 09:00:00,576.7093757100208,278.58419952492386,60.0,298.12517618509696,0.0,0.0,0.0
2024-02-01 10:00:00,461.36750056801674,392.10012217908996,60.0,69.26737838892677,0.0,0.0,0.0
2024-02-01 11:00:00,461.36750056801674,500.5251493278201,97.14820736935386,0.0,0.0,39.15764875980335,0.0
2024-02-01 12:00:00,461.36750056801674,579.4864155899323,209.20564923449314,0.0,0.0,118.1189150219156,0.0
2024-02-01 13:00:00,461.36750056801674,608.4838344827585,348.77245808983105,0.0,0.0,147.1163339147418,0.0
2024-02-01 14:00:00,461.36750056801674,579.4864155899323,460.8298999549703,0.0,0.0,118.1189150219156,0.0
2024-02-01 15:00:00,461.36750056801674,500.5251493278201,497.9781073243241,0.0,0.0,39.15764875980335,0.0
2024-02-01 16:00:00,461.36750056801674,392.10012217908996,424.9638795717464,0.0,0.0,0.0,69.26737838892677
2024-02-01 17:00:00,461.36750056801674,278.58419952492386,232.29336305827835,0.0,0.0,0.0,182.78330104309288
2024-02-01 18:00:00,346.0256254260125,179.51651708831346,60.00000000000003,3.0572724393569786,0.0,0.0,163.45183589834204
2024-02-01 19:00:00,346.0256254260125,104.91577085461473,60.0,241.10985457139773,0.0,0.0,2.6963201038669063e-14
2024-02-01 20:00:00,144.1773439275052,55.61162270682678,60.0,88.56572122067843,0.0,0.0,0.0
2024-02-01 21:00:00,144.1773439275052,26.73491384658539,60.0,117.44243008091982,0.0,0.0,0.0
2024-02-01 22:00:00,144.1773439275052,11.65682937730145,60.0,132.52051455020376,0.0,0.0,0.0
2024-02-01 23:00:00,46.13675005680167,4.60967726008783,60.0,41.52707279671384,0.0,0.0,0.0
2024-02-02 00:00:00,46.136750056801674,0.15866142033200686,60.0,45.978088636469664,0.0,0.0,0.0
2024-02-02 01:00:00,46.136750056801674,0.5377940202605747,60.0,45.5989560365411,0.0,0.0,0.0
2024-02-02 02:00:00,46.136750056801674,1.6532899650366728,60.0,44.483460091765004,0.0,0.0,0.0
2024-02-02 03:00:00,46.136750056801674,4.60967726008783,60.0,41.527072796713846,0.0,0.0,0.0
2024-02-02 04:00:00,46.136750056801674,11.65682937730145,60.0,34.479920679500225,0.0,0.0,0.0
2024-02-02 05:00:00,46.136750056801674,26.73491384658539,60.0,19.401836210216285,0.0,0.0,0.0
2024-02-02 06:00:00,173.01281271300624,55.61162270682678,60.0,117.40119000617946,0.0,0.0,0.0
2024-02-02 07:00:00,576.7093757100208,104.91577085461473,60.0,471.7936048554061,0.0,0.0,0.0
2024-02-02 08:00:00,576.7093757100208,179.51651708831346,60.0,397.1928586217074,0.0,0.0,0.0
2024-02-02 09:00:00,576.7093757100208,278.58419952492386,60.0,298.12517618509696,0.0,0.0,0.0
2024-02-02 10:00:00,461.36750056801674,392.10012217908996,60.0,69.26737838892677,0.0,0.0,0.0
2024-02-02 11:00:00,461.36750056801674,500.5251493278201,97.14820736935386,0.0,0.0,39.15764875980335,0.0
2024-02-02 12:00:00,461.36750056801674,579.4864155899323,209.20564923449314,0.0,0.0,118.1189150219156,0.0
2024-02-02 13:00:00,461.36750056801674,608.4838344827585,348.77245808983105,0.0,0.0,147.1163339147418,0.0
2024-02-02 14:00:00,461.36750056801674,579.4864155899323,460.8298999549703,0.0,0.0,118.1189150219156,0.0
2024-02-02 15:00:00,461.36750056801674,500.5251493278201,497.9781073243241,0.0,0.0,39.15764875980335,0.0
2024-02-02 16:00:00,461.36750056801674,392.10012217908996,424.9638795717464,0.0,0.0,0.0,69.26737838892677
2024-02-02 17:00:00,461.36750056801674,278.58419952492386,232.29336305827835,0.0,0.0,0.0,182.78330104309288
2024-02-02 18:00:00,346.0256254260125,179.51651708831346,60.00000000000003,3.0572724393569786,0.0,0.0,163.45183589834204
2024-02-02 19:00:00,346.0256254260125,104.91577085461473,60.0,241.10985457139773,0.0,0.0,2.6963201038669063e-14
2024-02-02 20:00:00,144.1773439275052,55.61162270682678,60.0,88.56572122067843,0.0,0.0,0.0
2024-02-02 21:00:00,144.1773439275052,26.73491384658539,60.0,117.44243008091982,0.0,0.0,0.0
2024-02-02 22:00:00,144.1773439275052,11.65682937730145,60.0,132.52051455020376,0.0,0.0,0.0
2024-02-02 23:00:00,46.136750056801674,4.60967726008783,60.0,41.527072796713846,0.0,0.0,0.0
2024-02-03 00:00:00,46.136750056801674,0.15866142033200686,60.0,45.978088636469664,0.0,0.0,0.0
2024-02-03 01:00:00,46.136750056801674,0.5377940202605747,60.0,45.5989560365411,0.0,0.0,0.0
2024-02-03 02:00:00,46.136750056801674,1.6532899650366728,60.0,44.483460091765004,0.0,0.0,0.0
2024-02-03 03:00:00,46.136750056801674,4.60967726008783,60.0,41.527072796713846,0.0,0.0,0.0
2024-02-03 04:00:00,46.136750056801674,11.65682937730145,60.0,34.479920679500225,0.0,0.0,0.0
2024-02-03 05:00:00,46.136750056801674,26.73491384658539,60.0,19.401836210216285,0.0,0.0,0.0
2024-02-03 06:00:00,173.01281271300624,55.61162270682678,60.0,117.40119000617946,0.0,0.0,0.0
2024-02-03 07:00:00,576.7093757100208,104.91577085461473,60.0,471.7936048554061,0.0,0.0,0.0
2024-02-03 08:00:00,576.7093757100208,179.51651708831346,60.0,397.1928586217074,0.0,0.0,0.0
2024-02-03 09:00:00,576.7093757100208,278.58419952492386,60.0,298.12517618509696,0.0,0.0,0.0
2024-02-03 10:00:00,461.36750056801674,392.10012217908996,60.0,69.26737838892677,0.0,0.0,0.0
2024-02-03 11:00:00,461.36750056801674,500.5251493278201,97.14820736935386,0.0,0.0,39.15764875980335,0.0
2024-02-03 12:00:00,461.36750056801674,579.4864155899323,209.20564923449314,0.0,0.0,118.1189150219156,0.0
2024-02-03 13:00:00,461.36750056801674,608.4838344827585,348.77245808983105,0.0,0.0,147.1163339147418,0.0
2024-02-03 14:00:00,461.36750056801674,579.4864155899323,460.8298999549703,0.0,0.0,118.1189150219156,0.0
2024-02-03 15:00:00,461.36750056801674,500.5251493278201,497.9781073243241,0.0,0.0,39.15764875980335,0.0
2024-02-03 16:00:00,461.36750056801674,392.10012217908996,424.9638795717464,0.0,0.0,0.0,69.26737838892677
2024-02-03 17:00:00,461.36750056801674,278.58419952492386,232.29336305827835,0.0,0.0,0.0,182.78330104309288
2024-02-03 18:00:00,346.0256254260125,179.51651708831346,60.00000000000003,3.0572724393569786,0.0,0.0,163.45183589834204
2024-02-03 19:00:00,346.0256254260125,104.91577085461473,60.0,241.10985457139773,0.0,0.0,2.6963201038669063e-14
2024-02-03 20:00:00,144.1773439275052,55.61162270682678,60.0,88.56572122067843,0.0,0.0,0.0
2024-02-03 21:00:00,144.1773439275052,26.73491384658539,60.0,117.44243008091982,0.0,0.0,0.0
2024-02-03 22:00:00,144.1773439275052,11.65682937730145,60.0,132.52051455020376,0.0,0.0,0.0
2024-02-03 23:00:00,46.136750056801674,4.60967726008783,60.0,41.527072796713846,0.0,0.0,0.0
2024-02-04 00:00:00,46.13675005680167,0.15866142033200686,60.0,45.97808863646966,0.0,0.0,0.0
2024-02-04 01:00:00,46.13675005680167,0.5377940202605747,60.0,45.59895603654109,0.0,0.0,0.0
2024-02-04 02:00:00,46.13675005680167,1.6532899650366728,60.0,44.483460091765,0.0,0.0,0.0
2024-02-04 03:00:00,46.13675005680167,4.60967726008783,60.0,41.52707279671384,0.0,0.0,0.0
2024-02-04 04:00:00,46.13675005680167,11.65682937730145,60.0,34.47992067950022,0.0,0.0,0.0
2024-02-04 05:00:00,46.13675005680167,26.73491384658539,60.0,19.401836210216278,0.0,0.0,0.0
2024-02-04 06:00:00,173.01281271300624,55.61162270682678,60.0,117.40119000617946,0.0,0.0,0.0
2024-02-04 07:00:00,576.7093757100208,104.91577085461473,60.0,471.7936048554061,0.0,0.0,0.0
2024-02-04 08:00:00,576.7093757100208,179.51651708831346,60.0,397.1928586217074,0.0,0.0,0.0
2024-02-04 09:00:00,576.7093757100208,278.58419952492386,60.0,298.12517618509696,0.0,0.0,0.0
2024-02-04 10:00:00,461.36750056801674,392.10012217908996,60.0,69.26737838892677,0.0,0.0,0.0
2024-02-04 11:00:00,461.36750056801674,500.5251493278201,97.14820736935386,0.0,0.0,39.15764875980335,0.0
2024-02-04 12:00:00,461.36750056801674,579.4864155899323,209.20564923449314,0.0,0.0,118.1189150219156,0.0
2024-02-04 13:00:00,461.36750056801674,608.4838344827585,348.77245808983105,0.0,0.0,147.1163339147418,0.0
2024-02-04 14:00:00,461.36750056801674,579.4864155899323,460.8298999549703,0.0,0.0,118.1189150219156,0.0
2024-02-04 15:00:00,461.36750056801674,500.5251493278201,497.9781073243241,0.0,0.0,39.15764875980335,0.0
2024-02-04 16:00:00,461.36750056801674,392.10012217908996,424.9638795717464,0.0,0.0,0.0,69.26737838892677
2024-02-04 17:00:00,461.36750056801674,278.58419952492386,232.29336305827835,0.0,0.0,0.0,182.78330104309288
2024-02-04 18:00:00,346.0256254260125,179.51651708831346,60.00000000000003,3.0572724393569786,0.0,0.0,163.45183589834204
2024-02-04 19:00:00,346.0256254260125,104.91577085461473,60.0,241.10985457139773,0.0,0.0,2.6963201038669063e-14
2024-02-04 20:00:00,144.1773439275052,55.61162270682678,60.0,88.56572122067843,0.0,0.0,0.0
2024-02-04 21:00:00,144.1773439275052,26.73491384658539,60.0,117.44243008091982,0.0,0.0,0.0
2024-02-04 22:00:00,144.1773439275052,11.65682937730145,60.0,132.52051455020376,0.0,0.0,0.0
2024-02-04 23:00:00,46.13675005680167,4.60967726008783,60.0,41.52707279671384,0.0,0.0,0.0
2024-02-05 00:00:00,46.13675005680167,0.15866142033200686,60.0,45.97808863646966,0.0,0.0,0.0
2024-02-05 01:00:00,46.13675005680167,0.5377940202605747,60.0,45.59895603654109,0.0,0.0,0.0
2024-02-05 02:00:00,46.13675005680167,1.6532899650366728,60.0,44.483460091765,0.0,0.0,0.0
2024-02-05 03:00:00,46.13675005680167,4.60967726008783,60.0,41.52707279671384,0.0,0.0,0.0
2024-02-05 04:00:00,46.13675005680167,11.65682937730145,60.0,34.47992067950022,0.0,0.0,0.0
2024-02-05 05:00:00,46.13675005680167,26.73491384658539,60.0,19.401836210216278,0.0,0.0,0.0
2024-02-05 06:00:00,173.01281271300624,55.61162270682678,60.0,117.40119000617946,0.0,0.0,0.0
2024-02-05 07:00:00,576.7093757100208,104.91577085461473,60.0,471.7936048554061,0.0,0.0,0.0
2024-02-05 08:00:00,576.7093757100208,179.51651708831346,60.0,397.1928586217074,0.0,0.0,0.0
2024-02-05 09:00:00,576.7093757100208,278.58419952492386,60.0,298.12517618509696,0.0,0.0,0.0
2024-02-05 10:00:00,461.36750056801674,392.10012217908996,60.0,69.26737838892677,0.0,0.0,0.0
2024-02-05 11:00:00,461.36750056801674,500.5251493278201,97.14820736935386,0.0,0.0,39.15764875980335,0.0
2024-02-05 12:00:00,461.36750056801674,579.4864155899323,209.20564923449314,0.0,0.0,118.1189150219156,0.0
2024-02-05 13:00:00,461.36750056801674,608.4838344827585,348.77245808983105,0.0,0.0,147.1163339147418,0.0
2024-02-05 14:00:00,461.36750056801674,579.4864155899323,460.8298999549703,0.0,0.0,118.1189150219156,0.0
2024-02-05 15:00:00,461.36750056801674,500.5251493278201,497.9781073243241,0.0,0.0,39.15764875980335,0.0
2024-02-05 16:00:00,461.36750056801674,392.10012217908996,424.9638795717464,0.0,0.0,0.0,69.26737838892677
2024-02-05 17:00:00,461.36750056801674,278.58419952492386,232.29336305827835,0.0,0.0,0.0,182.78330104309288
2024-02-05 18:00:00,346.0256254260125,179.51651708831346,60.00000000000003,3.0572724393569786,0.0,0.0,163.45183589834204
2024-02-05 19:00:00,346.0256254260125,104.91577085461473,60.0,241.10985457139773,0.0,0.0,2.6963201038669063e-14
2024-02-05 20:00:00,144.1773439275052,55.61162270682678,60.0,88.56572122067843,0.0,0.0,0.0
2024-02-05 21:00:00,144.1773439275052,26.73491384658539,60.0,117.44243008091982,0.0,0.0,0.0
2024-02-05 22:00:00,144.1773439275052,11.65682937730145,60.0,132.52051455020376,0.0,0.0,0.0
2024-02-05 23:00:00,46.13675005680167,4.60967726008783,60.0,41.52707279671384,0.0,0.0,0.0
2024-02-06 00:00:00,46.13675005680167,0.15866142033200686,60.0,45.97808863646966,0.0,0.0,0.0
2024-02-06 01:00:00,46.13675005680167,0.5377940202605747,60.0,45.59895603654109,0.0,0.0,0.0
2024-02-06 02:00:00,46.13675005680167,1.6532899650366728,60.0,44.483460091765,0.0,0.0,0.0
2024-02-06 03:00:00,46.13675005680167,4.60967726008783,60.0,41.52707279671384,0.0,0.0,0.0
2024-02-06 04:00:00,46.13675005680167,11.65682937730145,60.0,34.47992067950022,0.0,0.0,0.0
2024-02-06 05:00:00,46.13675005680167,26.73491384658539,60.0,19.401836210216278,0.0,0.0,0.0
2024-02-06 06:00:00,173.01281271300624,55.61162270682678,60.0,117.40119000617946,0.0,0.0,0.0
2024-02-06 07:00:00,576.7093757100208,104.91577085461473,60.0,471.7936048554061,0.0,0.0,0.0
2024-02-06 08:00:00,576.7093757100208,179.51651708831346,60.0,397.1928586217074,0.0,0.0,0.0
2024-02-06 09:00:00,576.7093757100208,278.58419952492386,60.0,298.12517618509696,0.0,0.0,0.0
2024-02-06 10:00:00,461.36750056801674,392.10012217908996,60.0,69.26737838892677,0.0,0.0,0.0
2024-02-06 11:00:00,461.36750056801674,500.5251493278201,97.14820736935386,0.0,0.0,39.15764875980335,0.0
2024-02-06 12:00:00,461.36750056801674,579.4864155899323,209.20564923449314,0.0,0.0,118.1189150219156,0.0
2024-02-06 13:00:00,461.36750056801674,608.4838344827585,348.77245808983105,0.0,0.0,147.1163339147418,0.0
2024-02-06 14:00:00,461.36750056801674,579.4864155899323,460.8298999549703,0.0,0.0,118.1189150219156,0.0
2024-02-06 15:00:00,461.36750056801674,500.5251493278201,497.9781073243241,0.0,0.0,39.15764875980335,0.0
2024-02-06 16:00:00,461.36750056801674,392.10012217908996,424.9638795717464,0.0,0.0,0.0,69.26737838892677
2024-02-06 17:00:00,461.36750056801674,278.58419952492386,232.29336305827835,0.0,0.0,0.0,182.78330104309288
2024-02-06 18:00:00,346.0256254260125,179.51651708831346,60.00000000000003,3.0572724393569786,0.0,0.0,163.45183589834204
2024-02-06 19:00:00,346.0256254260125,104.91577085461473,60.0,241.10985457139773,0.0,0.0,2.6963201038669063e-14
2024-02-06 20:00:00,144.1773439275052,55.61162270682678,60.0,88.56572122067843,0.0,0.0,0.0
2024-02-06 21:00:00,144.1773439275052,26.73491384658539,60.0,117.44243008091982,0.0,0.0,0.0
2024-02-06 22:00:00,144.1773439275052,11.65682937730145,60.0,132.52051455020376,0.0,0.0,0.0
2024-02-06 23:00:00,46.13675005680167,4.60967726008783,60.0,41.52707279671384,0.0,0.0,0.0
2024-02-07 00:00:00,46.13675005680167,0.15866142033200686,60.0,45.97808863646966,0.0,0.0,0.0
2024-02-07 01:00:00,46.13675005680167,0.5377940202605747,60.0,45.59895603654109,0.0,0.0,0.0
2024-02-07 02:00:00,46.13675005680167,1.6532899650366728,60.0,44.483460091765,0.0,0.0,0.0
2024-02-07 03:00:00,46.13675005680167,4.60967726008783,60.0,41.52707279671384,0.0,0.0,0.0
2024-02-07 04:00:00,46.13675005680167,11.65682937730145,60.0,34.47992067950022,0.0,0.0,0.0
2024-02-07 05:00:00,46.13675005680167,26.73491384658539,60.0,19.401836210216278,0.0,0.0,0.0
2024-02-07 06:00:00,173.01281271300624,55.61162270682678,60.0,117.40119000617946,0.0,0.0,0.0
2024-02-07 07:00:00,576.7093757100208,104.91577085461473,60.0,471.7936048554061,0.0,0.0,0.0
2024-02-07 08:00:00,576.7093757100208,179.51651708831346,60.0,397.1928586217074,0.0,0.0,0.0
2024-02-07 09:00:00,576.7093757100208,278.58419952492386,60.0,298.12517618509696,0.0,0.0,0.0
2024-02-07 10:00:00,461.36750056801674,392.10012217908996,60.0,69.26737838892677,0.0,0.0,0.0
2024-02-07 11:00:00,461.36750056801674,500.5251493278201,97.14820736935386,0.0,0.0,39.15764875980335,0.0
2024-02-07 12:00:00,461.36750056801674,579.4864155899323,209.20564923449314,0.0,0.0,118.1189150219156,0.0
2024-02-07 13:00:00,461.36750056801674,608.4838344827585,348.77245808983105,0.0,0.0,147.1163339147418,0.0
2024-02-07 14:00:00,461.36750056801674,579.4864155899323,460.8298999549703,0.0,0.0,118.1189150219156,0.0
2024-02-07 15:00:00,461.36750056801674,500.5251493278201,497.9781073243241,0.0,0.0,39.15764875980335,0.0
2024-02-07 16:00:00,461.36750056801674,392.10012217908996,424.9638795717464,0.0,0.0,0.0,69.26737838892677
2024-02-07 17:00:00,461.36750056801674,278.58419952492386,232.29336305827835,0.0,0.0,0.0,182.78330104309288
2024-02-07 18:00:00,346.0256254260125,179.51651708831346,60.00000000000003,3.0572724393569786,0.0,0.0,163.45183589834204
2024-02-07 19:00:00,346.0256254260125,104.91577085461473,60.0,241.10985457139773,0.0,0.0,2.6963201038669063e-14
2024-02-07 20:00:00,144.1773439275052,55.61162270682678,60.0,88.56572122067843,0.0,0.0,0.0
2024-02-07 21:00:00,144.1773439275052,26.73491384658539,60.0,117.44243008091982,0.0,0.0,0.0
2024-02-07 22:00:00,144.1773439275052,11.65682937730145,60.0,132.52051455020376,0.0,0.0,0.0
2024-02-07 23:00:00,46.13675005680167,4.60967726008783,60.0,41.52707279671384,0.0,0.0,0.0
2024-02-08 00:00:00,46.13675005680167,0.15866142033200686,60.0,45.97808863646966,0.0,0.0,0.0
2024-02-08 01:00:00,46.13675005680167,0.5377940202605747,60.0,45.59895603654109,0.0,0.0,0.0
2024-02-08 02:00:00,46.13675005680167,1.6532899650366728,60.0,44.483460091765,0.0,0.0,0.0
2024-02-08 03:00:00,46.13675005680167,4.60967726008783,60.0,41.52707279671384,0.0,0.0,0.0
2024-02-08 04:00:00,46.13675005680167,11.65682937730145,60.0,34.47992067950022,0.0,0.0,0.0
2024-02-08 05:00:00,46.13675005680167,26.73491384658539,60.0,19.401836210216278,0.0,0.0,0.0
2024-02-08 06:00:00,173.01281271300624,55.61162270682678,60.0,117.40119000617946,0.0,0.0,0.0
2024-02-08 07:00:00,576.7093757100208,104.91577085461473,60.0,471.7936048554061,0.0,0.0,0.0
2024-02-08 08:00:00,576.7093757100208,179.51651708831346,60.0,397.1928586217074,0.0,0.0,0.0
2024-02-08 09:00:00,576.7093757100208,278.58419952492386,60.0,298.12517618509696,0.0,0.0,0.0
2024-02-08 10:00:00,461.36750056801674,392.10012217908996,60.0,69.26737838892677,0.0,0.0,0.0
2024-02-08 11:00:00,461.36750056801674,500.5251493278201,97.14820736935386,0.0,0.0,39.15764875980335,0.0
2024-02-08 12:00:00,461.36750056801674,579.4864155899323,209.20564923449314,0.0,0.0,118.1189150219156,0.0
2024-02-08 13:00:00,461.36750056801674,608.4838344827585,348.77245808983105,0.0,0.0,147.1163339147418,0.0
2024-02-08 14:00:00,461.36750056801674,579.4864155899323,460.8298999549703,0.0,0.0,118.1189150219156,0.0
2024-02-08 15:00:00,461.36750056801674,500.5251493278201,497.9781073243241,0.0,0.0,39.15764875980335,0.0
2024-02-08 16:00:00,461.36750056801674,392.10012217908996,424.9638795717464,0.0,0.0,0.0,69.26737838892677
2024-02-08 17:00:00,461.36750056801674,278.58419952492386,232.29336305827835,0.0,0.0,0.0,182.78330104309288
2024-02-08 18:00:00,346.0256254260125,179.51651708831346,60.00000000000003,3.0572724393569786,0.0,0.0,163.45183589834204
2024-02-08 19:00:00,346.0256254260125,104.91577085461473,60.0,241.10985457139773,0.0,0.0,2.6963201038669063e-14
2024-02-08 20:00:00,144.1773439275052,55.61162270682678,60.0,88.56572122067843,0.0,0.0,0.0
2024-02-08 21:00:00,144.1773439275052,26.73491384658539,60.0,117.44243008091982,0.0,0.0,0.0
2024-02-08 22:00:00,144.1773439275052,11.65682937730145,60.0,132.52051455020376,0.0,0.0,0.0
2024-02-08 23:00:00,46.13675005680167,4.60967726008783,60.0,41.52707279671384,0.0,0.0,0.0
2024-02-09 00:00:00,46.136750056801674,0.15866142033200686,60.0,45.978088636469664,0.0,0.0,0.0
2024-02-09 01:00:00,46.136750056801674,0.5377940202605747,60.0,45.5989560365411,0.0,0.0,0.0
2024-02-09 02:00:00,46.136750056801674,1.6532899650366728,60.0,44.483460091765004,0.0,0.0,0.0
2024-02-09 03:00:00,46.136750056801674,4.60967726008783,60.0,41.527072796713846,0.0,0.0,0.0
2024-02-09 04:00:00,46.136750056801674,11.65682937730145,60.0,34.479920679500225,0.0,0.0,0.0
2024-02-09 05:00:00,46.136750056801674,26.73491384658539,60.0,19.401836210216285,0.0,0.0,0.0
2024-02-09 06:00:00,173.01281271300624,55.61162270682678,60.0,117.40119000617946,0.0,0.0,0.0
2024-02-09 07:00:00,576.7093757100208,104.91577085461473,60.0,471.7936048554061,0.0,0.0,0.0
2024-02-09 08:00:00,576.7093757100208,179.51651708831346,60.0,397.1928586217074,0.0,0.0,0.0
2024-02-09 09:00:00,576.7093757100208,278.58419952492386,60.0,298.12517618509696,0.0,0.0,0.0
2024-02-09 10:00:00,461.36750056801674,392.10012217908996,60.0,69.26737838892677,0.0,0.0,0.0
2024-02-09 11:00:00,461.36750056801674,500.5251493278201,97.14820736935386,0.0,0.0,39.15764875980335,0.0
2024-02-09 12:00:00,461.36750056801674,579.4864155899323,209.20564923449314,0.0,0.0,118.1189150219156,0.0
2024-02-09 13:00:00,461.36750056801674,608.4838344827585,348.77245808983105,0.0,0.0,147.1163339147418,0.0
2024-02-09 14:00:00,461.36750056801674,579.4864155899323,460.8298999549703,0.0,0.0,118.1189150219156,0.0
2024-02-09 15:00:00,461.36750056801674,500.5251493278201,497.9781073243241,0.0,0.0,39.15764875980335,0.0
2024-02-09 16:00:00,461.36750056801674,392.10012217908996,424.9638795717464,0.0,0.0,0.0,69.26737838892677
2024-02-09 17:00:00,461.36750056801674,278.58419952492386,232.29336305827835,0.0,0.0,0.0,182.78330104309288
2024-02-09 18:00:00,346.0256254260125,179.51651708831346,60.00000000000003,3.0572724393569786,0.0,0.0,163.45183589834204
2024-02-09 19:00:00,346.0256254260125,104.91577085461473,60.0,241.10985457139773,0.0,0.0,2.6963201038669063e-14
2024-02-09 20:00:00,144.1773439275052,55.61162270682678,60.0,88.56572122067843,0.0,0.0,0.0
2024-02-09 21:00:00,144.1773439275052,26.73491384658539,60.0,117.44243008091982,0.0,0.0,0.0
2024-02-09 22:00:00,144.1773439275052,11.65682937730145,60.0,132.52051455020376,0.0,0.0,0.0
2024-02-09 23:00:00,46.136750056801674,4.60967726008783,60.0,41.527072796713846,0.0,0.0,0.0
2024-02-10 00:00:00,46.136750056801674,0.15866142033200686,60.0,45.978088636469664,0.0,0.0,0.0
2024-02-10 01:00:00,46.136750056801674,0.5377940202605747,60.0,45.5989560365411,0.0,0.0,0.0
2024-02-10 02:00:00,46.136750056801674,1.6532899650366728,60.0,44.483460091765004,0.0,0.0,0.0
2024-02-10 03:00:00,46.136750056801674,4.60967726008783,60.0,41.527072796713846,0.0,0.0,0.0
2024-02-10 04:00:00,46.136750056801674,11.65682937730145,60.0,34.479920679500225,0.0,0.0,0.0
2024-02-10 05:00:00,46.136750056801674,26.73491384658539,60.0,19.401836210216285,0.0,0.0,0.0
2024-02-10 06:00:00,173.01281271300624,55.61162270682678,60.0,117.40119000617946,0.0,0.0,0.0
2024-02-10 07:00:00,576.7093757100208,104.91577085461473,60.0,471.7936048554061,0.0,0.0,0.0
2024-02-10 08:00:00,576.7093757100208,179.51651708831346,60.0,397.1928586217074,0.0,0.0,0.0
2024-02-10 09:00:00,576.7093757100208,278.58419952492386,60.0,298.12517618509696,0.0,0.0,0.0
2024-02-10 10:00:00,461.36750056801674,392.10012217908996,60.0,69.26737838892677,0.0,0.0,0.0
2024-02-10 11:00:00,461.36750056801674,500.5251493278201,97.14820736935386,0.0,0.0,39.15764875980335,0.0
2024-02-10 12:00:00,461.36750056801674,579.4864155899323,209.20564923449314,0.0,0.0,118.1189150219156,0.0
2024-02-10 13:00:00,461.36750056801674,608.4838344827585,348.77245808983105,0.0,0.0,147.1163339147418,0.0
2024-02-10 14:00:00,461.36750056801674,579.4864155899323,460.8298999549703,0.0,0.0,118.1189150219156,0.0
2024-02-10 15:00:00,461.36750056801674,500.5251493278201,497.9781073243241,0.0,0.0,39.15764875980335,0.0
2024-02-10 16:00:00,461.36750056801674,392.10012217908996,424.9638795717464,0.0,0.0,0.0,69.26737838892677
2024-02-10 17:00:00,461.36750056801674,278.58419952492386,232.29336305827835,0.0,0.0,0.0,182.78330104309288
2024-02-10 18:00:00,346.0256254260125,179.51651708831346,60.00000000000003,3.0572724393569786,0.0,0.0,163.45183589834204
2024-02-10 19:00:00,346.0256254260125,104.91577085461473,60.0,241.10985457139773,0.0,0.0,2.6963201038669063e-14
2024-02-10 20:00:00,144.1773439275052,55.61162270682678,60.0,88.56572122067843,0.0,0.0,0.0
2024-02-10 21:00:00,144.1773439275052,26.73491384658539,60.0,117.44243008091982,0.0,0.0,0.0
2024-02-10 22:00:00,144.1773439275052,11.65682937730145,60.0,132.52051455020376,0.0,0.0,0.0
2024-02-10 23:00:00,46.136750056801674,4.60967726008783,60.0,41.527072796713846,0.0,0.0,0.0
2024-02-11 00:00:00,46.13675005680167,0.15866142033200686,60.0,45.97808863646966,0.0,0.0,0.0
2024-02-11 01:00:00,46.13675005680167,0.5377940202605747,60.0,45.59895603654109,0.0,0.0,0.0
2024-02-11 02:00:00,46.13675005680167,1.6532899650366728,60.0,44.483460091765,0.0,0.0,0.0
2024-02-11 03:00:00,46.13675005680167,4.60967726008783,60.0,41.52707279671384,0.0,0.0,0.0
2024-02-11 04:00:00,46.13675005680167,11.65682937730145,60.0,34.47992067950022,0.0,0.0,0.0
2024-02-11 05:00:00,46.13675005680167,26.73491384658539,60.0,19.401836210216278,0.0,0.0,0.0
2024-02-11 06:00:00,173.01281271300624,55.61162270682678,60.0,117.40119000617946,0.0,0.0,0.0
2024-02-11 07:00:00,576.7093757100208,104.91577085461473,60.0,471.7936048554061,0.0,0.0,0.0
2024-02-11 08:00:00,576.7093757100208,179.51651708831346,60.0,397.1928586217074,0.0,0.0,0.0
2024-02-11 09:00:00,576.7093757100208,278.58419952492386,60.0,298.12517618509696,0.0,0.0,0.0
2024-02-11 10:00:00,461.36750056801674,392.10012217908996,60.0,69.26737838892677,0.0,0.0,0.0
2024-02-11 11:00:00,461.36750056801674,500.5251493278201,97.14820736935386,0.0,0.0,39.15764875980335,0.0
2024-02-11 12:00:00,461.36750056801674,579.4864155899323,209.20564923449314,0.0,0.0,118.1189150219156,0.0
2024-02-11 13:00:00,461.36750056801674,608.4838344827585,348.77245808983105,0.0,0.0,147.1163339147418,0.0
2024-02-11 14:00:00,461.36750056801674,579.4864155899323,460.8298999549703,0.0,0.0,118.1189150219156,0.0
2024-02-11 15:00:00,461.36750056801674,500.5251493278201,497.9781073243241,0.0,0.0,39.15764875980335,0.0
2024-02-11 16:00:00,461.36750056801674,392.10012217908996,424.9638795717464,0.0,0.0,0.0,69.26737838892677
2024-02-11 17:00:00,461.36750056801674,278.58419952492386,232.29336305827835,0.0,0.0,0.0,182.78330104309288
2024-02-11 18:00:00,346.0256254260125,179.51651708831346,60.00000000000003,3.0572724393569786,0.0,0.0,163.45183589834204
2024-02-11 19:00:00,346.0256254260125,104.91577085461473,60.0,241.10985457139773,0.0,0.0,2.6963201038669063e-14
2024-02-11 20:00:00,144.1773439275052,55.61162270682678,60.0,88.56572122067843,0.0,0.0,0.0
2024-02-11 21:00:00,144.1773439275052,26.73491384658539,60.0,117.44243008091982,0.0,0.0,0.0
2024-02-11 22:00:00,144.1773439275052,11.65682937730145,60.0,132.52051455020376,0.0,0.0,0.0
2024-02-11 23:00:00,46.13675005680167,4.60967726008783,60.0,41.52707279671384,0.0,0.0,0.0
2024-02-12 00:00:00,46.13675005680167,0.15866142033200686,60.0,45.97808863646966,0.0,0.0,0.0
2024-02-12 01:00:00,46.13675005680167,0.5377940202605747,60.0,45.59895603654109,0.0,0.0,0.0
2024-02-12 02:00:00,46.13675005680167,1.6532899650366728,60.0,44.483460091765,0.0,0.0,0.0
2024-02-12 03:00:00,46.13675005680167,4.60967726008783,60.0,41.52707279671384,0.0,0.0,0.0
2024-02-12 04:00:00,46.13675005680167,11.65682937730145,60.0,34.47992067950022,0.0,0.0,0.0
2024-02-12 05:00:00,46.13675005680167,26.73491384658539,60.0,19.401836210216278,0.0,0.0,0.0
2024-02-12 06:00:00,173.01281271300624,55.61162270682678,60.0,117.40119000617946,0.0,0.0,0.0
2024-02-12 07:00:00,576.7093757100208,104.91577085461473,60.0,471.7936048554061,0.0,0.0,0.0
2024-02-12 08:00:00,576.7093757100208,179.51651708831346,60.0,397.1928586217074,0.0,0.0,0.0
2024-02-12 09:00:00,576.7093757100208,278.58419952492386,60.0,298.12517618509696,0.0,0.0,0.0
2024-02-12 10:00:00,461.36750056801674,392.10012217908996,60.0,69.26737838892677,0.0,0.0,0.0
2024-02-12 11:00:00,461.36750056801674,500.5251493278201,97.14820736935386,0.0,0.0,39.15764875980335,0.0
2024-02-12 12:00:00,461.36750056801674,579.4864155899323,209.20564923449314,0.0,0.0,118.1189150219156,0.0
2024-02-12 13:00:00,461.36750056801674,608.4838344827585,348.77245808983105,0.0,0.0,147.1163339147418,0.0
2024-02-12 14:00:00,461.36750056801674,579.4864155899323,460.8298999549703,0.0,0.0,118.1189150219156,0.0
2024-02-12 15:00:00,461.36750056801674,500.5251493278201,497.9781073243241,0.0,0.0,39.15764875980335,0.0
2024-02-12 16:00:00,461.36750056801674,392.10012217908996,424.9638795717464,0.0,0.0,0.0,69.26737838892677
2024-02-12 17:00:00,461.36750056801674,278.58419952492386,232.29336305827835,0.0,0.0,0.0,182.78330104309288
2024-02-12 18:00:00,346.0256254260125,179.51651708831346,60.00000000000003,3.0572724393569786,0.0,0.0,163.45183589834204
2024-02-12 19:00:00,346.0256254260125,104.91577085461473,60.0,241.10985457139773,0.0,0.0,2.6963201038669063e-14
2024-02-12 20:00:00,144.1773439275052,55.61162270682678,60.0,88.56572122067843,0.0,0.0,0.0
2024-02-12 21:00:00,144.1773439275052,26.73491384658539,60.0,117.44243008091982,0.0,0.0,0.0
2024-02-12 22:00:00,144.1773439275052,11.65682937730145,60.0,132.52051455020376,0.0,0.0,0.0
2024-02-12 23:00:00,46.13675005680167,4.60967726008783,60.0,41.52707279671384,0.0,0.0,0.0
2024-02-13 00:00:00,46.13675005680167,0.15866142033200686,60.0,45.97808863646966,0.0,0.0,0.0
2024-02-13 01:00:00,46.13675005680167,0.5377940202605747,60.0,45.59895603654109,0.0,0.0,0.0
2024-02-13 02:00:00,46.13675005680167,1.6532899650366728,60.0,44.483460091765,0.0,0.0,0.0
2024-02-13 03:00:00,46.13675005680167,4.60967726008783,60.0,41.52707279671384,0.0,0.0,0.0
2024-02-13 04:00:00,46.13675005680167,11.65682937730145,60.0,34.47992067950022,0.0,0.0,0.0
2024-02-13 05:00:00,46.13675005680167,26.73491384658539,60.0,19.401836210216278,0.0,0.0,0.0
2024-02-13 06:00:00,173.01281271300624,55.61162270682678,60.0,117.40119000617946,0.0,0.0,0.0
2024-02-13 07:00:00,576.7093757100208,104.91577085461473,60.0,471.7936048554061,0.0,0.0,0.0
2024-02-13 08:00:00,576.7093757100208,179.51651708831346,60.0,397.1928586217074,0.0,0.0,0.0
2024-02-13 09:00:00,576.7093757100208,278.58419952492386,60.0,298.12517618509696,0.0,0.0,0.0
2024-02-13 10:00:00,461.36750056801674,392.10012217908996,60.0,69.26737838892677,0.0,0.0,0.0
2024-02-13 11:00:00,461.36750056801674,500.5251493278201,97.14820736935386,0.0,0.0,39.15764875980335,0.0
2024-02-13 12:00:00,461.36750056801674,579.4864155899323,209.20564923449314,0.0,0.0,118.1189150219156,0.0
2024-02-13 13:00:00,461.36750056801674,608.4838344827585,348.77245808983105,0.0,0.0,147.1163339147418,0.0
2024-02-13 14:00:00,461.36750056801674,579.4864155899323,460.8298999549703,0.0,0.0,118.1189150219156,0.0
2024-02-13 15:00:00,461.36750056801674,500.5251493278201,497.9781073243241,0.0,0.0,39.15764875980335,0.0
2024-02-13 16:00:00,461.36750056801674,392.10012217908996,424.9638795717464,0.0,0.0,0.0,69.26737838892677
2024-02-13 17:00:00,461.36750056801674,278.58419952492386,232.29336305827835,0.0,0.0,0.0,182.78330104309288
2024-02-13 18:00:00,346.0256254260125,179.51651708831346,60.00000000000003,3.0572724393569786,0.0,0.0,163.45183589834204
2024-02-13 19:00:00,346.0256254260125,104.91577085461473,60.0,241.10985457139773,0.0,0.0,2.6963201038669063e-14
2024-02-13 20:00:00,144.1773439275052,55.61162270682678,60.0,88.56572122067843,0.0,0.0,0.0
2024-02-13 21:00:00,144.1773439275052,26.73491384658539,60.0,117.44243008091982,0.0,0.0,0.0
2024-02-13 22:00:00,144.1773439275052,11.65682937730145,60.0,132.52051455020376,0.0,0.0,0.0
2024-02-13 23:00:00,46.13675005680167,4.60967726008783,60.0,41.52707279671384,0.0,0.0,0.0
2024-02-14 00:00:00,46.13675005680167,0.15866142033200686,60.0,45.97808863646966,0.0,0.0,0.0
2024-02-14 01:00:00,46.13675005680167,0.5377940202605747,60.0,45.59895603654109,0.0,0.0,0.0
2024-02-14 02:00:00,46.13675005680167,1.6532899650366728,60.0,44.483460091765,0.0,0.0,0.0
2024-02-14 03:00:00,46.13675005680167,4.60967726008783,60.0,41.52707279671384,0.0,0.0,0.0
2024-02-14 04:00:00,46.13675005680167,11.65682937730145,60.0,34.47992067950022,0.0,0.0,0.0
2024-02-14 05:00:00,46.13675005680167,26.73491384658539,60.0,19.401836210216278,0.0,0.0,0.0
2024-02-14 06:00:00,173.01281271300624,55.61162270682678,60.0,117.40119000617946,0.0,0.0,0.0
2024-02-14 07:00:00,576.7093757100208,104.91577085461473,60.0,471.7936048554061,0.0,0.0,0.0
2024-02-14 08:00:00,576.7093757100208,179.51651708831346,60.0,397.1928586217074,0.0,0.0,0.0
2024-02-14 09:00:00,576.7093757100208,278.58419952492386,60.0,298.12517618509696,0.0,0.0,0.0
2024-02-14 10:00:00,461.36750056801674,392.10012217908996,60.0,69.26737838892677,0.0,0.0,0.0
2024-02-14 11:00:00,461.36750056801674,500.5251493278201,97.14820736935386,0.0,0.0,39.15764875980335,0.0
2024-02-14 12:00:00,461.36750056801674,579.4864155899323,209.20564923449314,0.0,0.0,118.1189150219156,0.0
2024-02-14 13:00:00,461.36750056801674,608.4838344827585,348.77245808983105,0.0,0.0,147.1163339147418,0.0
2024-02-14 14:00:00,461.36750056801674,579.4864155899323,460.8298999549703,0.0,0.0,118.1189150219156,0.0
2024-02-14 15:00:00,461.36750056801674,500.5251493278201,497.9781073243241,0.0,0.0,39.15764875980335,0.0
2024-02-14 16:00:00,461.36750056801674,392.10012217908996,424.9638795717464,0.0,0.0,0.0,69.26737838892677
2024-02-14 17:00:00,461.36750056801674,278.58419952492386,232.29336305827835,0.0,0.0,0.0,182.78330104309288
2024-02-14 18:00:00,346.0256254260125,179.51651708831346,60.00000000000003,3.0572724393569786,0.0,0.0,163.45183589834204
2024-02-14 19:00:00,346.0256254260125,104.91577085461473,60.0,241.10985457139773,0.0,0.0,2.6963201038669063e-14
2024-02-14 20:00:00,144.1773439275052,55.61162270682678,60.0,88.56572122067843,0.0,0.0,0.0
2024-02-14 21:00:00,144.1773439275052,26.73491384658539,60.0,117.44243008091982,0.0,0.0,0.0
2024-02-14 22:00:00,144.1773439275052,11.65682937730145,60.0,132.52051455020376,0.0,0.0,0.0
2024-02-14 23:00:00,46.13675005680167,4.60967726008783,60.0,41.52707279671384,0.0,0.0,0.0
2024-02-15 00:00:00,46.13675005680167,0.15866142033200686,60.0,45.97808863646966,0.0,0.0,0.0
2024-02-15 01:00:00,46.13675005680167,0.5377940202605747,60.0,45.59895603654109,0.0,0.0,0.0
2024-02-15 02:00:00,46.13675005680167,1.6532899650366728,60.0,44.483460091765,0.0,0.0,0.0
2024-02-15 03:00:00,46.13675005680167,4.60967726008783,60.0,41.52707279671384,0.0,0.0,0.0
2024-02-15 04:00:00,46.13675005680167,11.65682937730145,60.0,34.47992067950022,0.0,0.0,0.0
2024-02-15 05:00:00,46.13675005680167,26.73491384658539,60.0,19.401836210216278,0.0,0.0,0.0
2024-02-15 06:00:00,173.01281271300624,55.61162270682678,60.0,117.40119000617946,0.0,0.0,0.0
2024-02-15 07:00:00,576.7093757100208,104.91577085461473,60.0,471.7936048554061,0.0,0.0,0.0
2024-02-15 08:00:00,576.7093757100208,179.51651708831346,60.0,397.1928586217074,0.0,0.0,0.0
2024-02-15 09:00:00,576.7093757100208,278.58419952492386,60.0,298.12517618509696,0.0,0.0,0.0
2024-02-15 10:00:00,461.36750056801674,392.10012217908996,60.0,69.26737838892677,0.0,0.0,0.0
2024-02-15 11:00:00,461.36750056801674,500.5251493278201,97.14820736935386,0.0,0.0,39.15764875980335,0.0
2024-02-15 12:00:00,461.36750056801674,579.4864155899323,209.20564923449314,0.0,0.0,118.1189150219156,0.0
2024-02-15 13:00:00,461.36750056801674,608.4838344827585,348.77245808983105,0.0,0.0,147.1163339147418,0.0
2024-02-15 14:00:00,461.36750056801674,579.4864155899323,460.8298999549703,0.0,0.0,118.1189150219156,0.0
2024-02-15 15:00:00,461.36750056801674,500.5251493278201,497.9781073243241,0.0,0.0,39.15764875980335,0.0
2024-02-15 16:00:00,461.36750056801674,392.10012217908996,424.9638795717464,0.0,0.0,0.0,69.26737838892677
2024-02-15 17:00:00,461.36750056801674,278.58419952492386,232.29336305827835,0.0,0.0,0.0,182.78330104309288
2024-02-15 18:00:00,346.0256254260125,179.51651708831346,60.00000000000003,3.0572724393569786,0.0,0.0,163.45183589834204
2024-02-15 19:00:00,346.0256254260125,104.91577085461473,60.0,241.10985457139773,0.0,0.0,2.6963201038669063e-14
2024-02-15 20:00:00,144.1773439275052,55.61162270682678,60.0,88.56572122067843,0.0,0.0,0.0
2024-02-15 21:00:00,144.1773439275052,26.73491384658539,60.0,117.44243008091982,0.0,0.0,0.0
2024-02-15 22:00:00,144.1773439275052,11.65682937730145,60.0,132.52051455020376,0.0,0.0,0.0
2024-02-15 23:00:00,46.13675005680167,4.60967726008783,60.0,41.52707279671384,0.0,0.0,0.0
2024-02-16 00:00:00,46.136750056801674,0.15866142033200686,60.0,45.978088636469664,0.0,0.0,0.0
2024-02-16 01:00:00,46.136750056801674,0.5377940202605747,60.0,45.5989560365411,0.0,0.0,0.0
2024-02-16 02:00:00,46.136750056801674,1.6532899650366728,60.0,44.483460091765004,0.0,0.0,0.0
2024-02-16 03:00:00,46.136750056801674,4.60967726008783,60.0,41.527072796713846,0.0,0.0,0.0
2024-02-16 04:00:00,46.136750056801674,11.65682937730145,60.0,34.479920679500225,0.0,0.0,0.0
2024-02-16 05:00:00,46.136750056801674,26.73491384658539,60.0,19.401836210216285,0.0,0.0,0.0
2024-02-16 06:00:00,173.01281271300624,55.61162270682678,60.0,117.40119000617946,0.0,0.0,0.0
2024-02-16 07:00:00,576.7093757100208,104.91577085461473,60.0,471.7936048554061,0.0,0.0,0.0
2024-02-16 08:00:00,576.7093757100208,179.51651708831346,60.0,397.1928586217074,0.0,0.0,0.0
2024-02-16 09:00:00,576.7093757100208,278.58419952492386,60.0,298.12517618509696,0.0,0.0,0.0
2024-02-16 10:00:00,461.36750056801674,392.10012217908996,60.0,69.26737838892677,0.0,0.0,0.0
2024-02-16 11:00:00,461.36750056801674,500.5251493278201,97.14820736935386,0.0,0.0,39.15764875980335,0.0
2024-02-16 12:00:00,461.36750056801674,579.4864155899323,209.20564923449314,0.0,0.0,118.1189150219156,0.0
2024-02-16 13:00:00,461.36750056801674,608.4838344827585,348.77245808983105,0.0,0.0,147.1163339147418,0.0
2024-02-16 14:00:00,461.36750056801674,579.4864155899323,460.8298999549703,0.0,0.0,118.1189150219156,0.0
2024-02-16 15:00:00,461.36750056801674,500.5251493278201,497.9781073243241,0.0,0.0,39.15764875980335,0.0
2024-02-16 16:00:00,461.36750056801674,392.10012217908996,424.9638795717464,0.0,0.0,0.0,69.26737838892677
2024-02-16 17:00:00,461.36750056801674,278.58419952492386,232.29336305827835,0.0,0.0,0.0,182.78330104309288
2024-02-16 18:00:00,346.0256254260125,179.51651708831346,60.00000000000003,3.0572724393569786,0.0,0.0,163.45183589834204
2024-02-16 19:00:00,346.0256254260125,104.91577085461473,60.0,241.10985457139773,0.0,0.0,2.6963201038669063e-14
2024-02-16 20:00:00,144.1773439275052,55.61162270682678,60.0,88.56572122067843,0.0,0.0,0.0
2024-02-16 21:00:00,144.1773439275052,26.73491384658539,60.0,117.44243008091982,0.0,0.0,0.0
2024-02-16 22:00:00,144.1773439275052,11.65682937730145,60.0,132.52051455020376,0.0,0.0,0.0
2024-02-16 23:00:00,46.136750056801674,4.60967726008783,60.0,41.527072796713846,0.0,0.0,0.0
2024-02-17 00:00:00,46.136750056801674,0.15866142033200686,60.0,45.978088636469664,0.0,0.0,0.0
2024-02-17 01:00:00,46.136750056801674,0.5377940202605747,60.0,45.5989560365411,0.0,0.0,0.0
2024-02-17 02:00:00,46.136750056801674,1.6532899650366728,60.0,44.483460091765004,0.0,0.0,0.0
2024-02-17 03:00:00,46.136750056801674,4.60967726008783,60.0,41.527072796713846,0.0,0.0,0.0
2024-02-17 04:00:00,46.136750056801674,11.65682937730145,60.0,34.479920679500225,0.0,0.0,0.0
2024-02-17 05:00:00,46.136750056801674,26.73491384658539,60.0,19.401836210216285,0.0,0.0,0.0
2024-02-17 06:00:00,173.01281271300624,55.61162270682678,60.0,117.40119000617946,0.0,0.0,0.0
2024-02-17 07:00:00,576.7093757100208,104.91577085461473,60.0,471.7936048554061,0.0,0.0,0.0
2024-02-17 08:00:00,576.7093757100208,179.51651708831346,60.0,397.1928586217074,0.0,0.0,0.0
2024-02-17 09:00:00,576.7093757100208,278.58419952492386,60.0,298.12517618509696,0.0,0.0,0.0
2024-02-17 10:00:00,461.36750056801674,392.10012217908996,60.0,69.26737838892677,0.0,0.0,0.0
2024-02-17 11:00:00,461.36750056801674,500.5251493278201,97.14820736935386,0.0,0.0,39.15764875980335,0.0
2024-02-17 12:00:00,461.36750056801674,579.4864155899323,209.20564923449314,0.0,0.0,118.1189150219156,0.0
2024-02-17 13:00:00,461.36750056801674,608.4838344827585,348.77245808983105,0.0,0.0,147.1163339147418,0.0
2024-02-17 14:00:00,461.36750056801674,579.4864155899323,460.8298999549703,0.0,0.0,118.1189150219156,0.0
2024-02-17 15:00:00,461.36750056801674,500.5251493278201,497.9781073243241,0.0,0.0,39.15764875980335,0.0
2024-02-17 16:00:00,461.36750056801674,392.10012217908996,424.9638795717464,0.0,0.0,0.0,69.26737838892677
2024-02-17 17:00:00,461.36750056801674,278.58419952492386,232.29336305827835,0.0,0.0,0.0,182.78330104309288
2024-02-17 18:00:00,346.0256254260125,179.51651708831346,60.00000000000003,3.0572724393569786,0.0,0.0,163.45183589834204
2024-02-17 19:00:00,346.0256254260125,104.91577085461473,60.0,241.10985457139773,0.0,0.0,2.6963201038669063e-14
2024-02-17 20:00:00,144.1773439275052,55.61162270682678,60.0,88.56572122067843,0.0,0.0,0.0
2024-02-17 21:00:00,144.1773439275052,26.73491384658539,60.0,117.44243008091982,0.0,0.0,0.0
2024-02-17 22:00:00,144.1773439275052,11.65682937730145,60.0,132.52051455020376,0.0,0.0,0.0
2024-02-17 23:00:00,46.136750056801674,4.60967726008783,60.0,41.527072796713846,0.0,0.0,0.0
2024-02-18 00:00:00,46.13675005680167,0.15866142033200686,60.0,45.97808863646966,0.0,0.0,0.0
2024-02-18 01:00:00,46.13675005680167,0.5377940202605747,60.0,45.59895603654109,0.0,0.0,0.0
2024-02-18 02:00:00,46.13675005680167,1.6532899650366728,60.0,44.483460091765,0.0,0.0,0.0
2024-02-18 03:00:00,46.13675005680167,4.60967726008783,60.0,41.52707279671384,0.0,0.0,0.0
2024-02-18 04:00:00,46.13675005680167,11.65682937730145,60.0,34.47992067950022,0.0,0.0,0.0
2024-02-18 05:00:00,46.13675005680167,26.73491384658539,60.0,19.401836210216278,0.0,0.0,0.0
2024-02-18 06:00:00,173.01281271300624,55.61162270682678,60.0,117.40119000617946,0.0,0.0,0.0
2024-02-18 07:00:00,576.7093757100208,104.91577085461473,60.0,471.7936048554061,0.0,0.0,0.0
2024-02-18 08:00:00,576.7093757100208,179.51651708831346,60.0,397.1928586217074,0.0,0.0,0.0
2024-02-18 09:00:00,576.7093757100208,278.58419952492386,60.0,298.12517618509696,0.0,0.0,0.0
2024-02-18 10:00:00,461.36750056801674,392.10012217908996,60.0,69.26737838892677,0.0,0.0,0.0
2024-02-18 11:00:00,461.36750056801674,500.5251493278201,97.14820736935386,0.0,0.0,39.15764875980335,0.0
2024-02-18 12:00:00,461.36750056801674,579.4864155899323,209.20564923449314,0.0,0.0,118.1189150219156,0.0
2024-02-18 13:00:00,461.36750056801674,608.4838344827585,348.77245808983105,0.0,0.0,147.1163339147418,0.0
2024-02-18 14:00:00,461.36750056801674,579.4864155899323,460.8298999549703,0.0,0.0,118.1189150219156,0.0
2024-02-18 15:00:00,461.36750056801674,500.5251493278201,497.9781073243241,0.0,0.0,39.15764875980335,0.0
2024-02-18 16:00:00,461.36750056801674,392.10012217908996,424.9638795717464,0.0,0.0,0.0,69.26737838892677
2024-02-18 17:00:00,461.36750056801674,278.58419952492386,232.29336305827835,0.0,0.0,0.0,182.78330104309288
2024-02-18 18:00:00,346.0256254260125,179.51651708831346,60.00000000000003,3.0572724393569786,0.0,0.0,163.45183589834204
2024-02-18 19:00:00,346.0256254260125,104.91577085461473,60.0,241.10985457139773,0.0,0.0,2.6963201038669063e-14
2024-02-18 20:00:00,144.1773439275052,55.61162270682678,60.0,88.56572122067843,0.0,0.0,0.0
2024-02-18 21:00:00,144.1773439275052,26.73491384658539,60.0,117.44243008091982,0.0,0.0,0.0
2024-02-18 22:00:00,144.1773439275052,11.65682937730145,60.0,132.52051455020376,0.0,0.0,0.0
2024-02-18 23:00:00,46.13675005680167,4.60967726008783,60.0,41.52707279671384,0.0,0.0,0.0
2024-02-19 00:00:00,46.13675005680167,0.15866142033200686,60.0,45.97808863646966,0.0,0.0,0.0
2024-02-19 01:00:00,46.13675005680167,0.5377940202605747,60.0,45.59895603654109,0.0,0.0,0.0
2024-02-19 02:00:00,46.13675005680167,1.6532899650366728,60.0,44.483460091765,0.0,0.0,0.0
2024-02-19 03:00:00,46.13675005680167,4.60967726008783,60.0,41.52707279671384,0.0,0.0,0.0
2024-02-19 04:00:00,46.13675005680167,11.65682937730145,60.0,34.47992067950022,0.0,0.0,0.0
2024-02-19 05:00:00,46.13675005680167,26.73491384658539,60.0,19.401836210216278,0.0,0.0,0.0
2024-02-19 06:00:00,173.01281271300624,55.61162270682678,60.0,117.40119000617946,0.0,0.0,0.0
2024-02-19 07:00:00,576.7093757100208,104.91577085461473,60.0,471.7936048554061,0.0,0.0,0.0
2024-02-19 08:00:00,576.7093757100208,179.51651708831346,60.0,397.1928586217074,0.0,0.0,0.0
2024-02-19 09:00:00,576.7093757100208,278.58419952492386,60.0,298.12517618509696,0.0,0.0,0.0
2024-02-19 10:00:00,461.36750056801674,392.10012217908996,60.0,69.26737838892677,0.0,0.0,0.0
2024-02-19 11:00:00,461.36750056801674,500.5251493278201,97.14820736935386,0.0,0.0,39.15764875980335,0.0
2024-02-19 12:00:00,461.36750056801674,579.4864155899323,209.20564923449314,0.0,0.0,118.1189150219156,0.0
2024-02-19 13:00:00,461.36750056801674,608.4838344827585,348.77245808983105,0.0,0.0,147.1163339147418,0.0
2024-02-19 14:00:00,461.36750056801674,579.4864155899323,460.8298999549703,0.0,0.0,118.1189150219156,0.0
2024-02-19 15:00:00,461.36750056801674,500.5251493278201,497.9781073243241,0.0,0.0,39.15764875980335,0.0
2024-02-19 16:00:00,461.36750056801674,392.10012217908996,424.9638795717464,0.0,0.0,0.0,69.26737838892677
2024-02-19 17:00:00,461.36750056801674,278.58419952492386,232.29336305827835,0.0,0.0,0.0,182.78330104309288
2024-02-19 18:00:00,346.0256254260125,179.51651708831346,60.00000000000003,3.0572724393569786,0.0,0.0,163.45183589834204
2024-02-19 19:00:00,346.0256254260125,104.91577085461473,60.0,241.10985457139773,0.0,0.0,2.6963201038669063e-14
2024-02-19 20:00:00,144.1773439275052,55.61162270682678,60.0,88.56572122067843,0.0,0.0,0.0
2024-02-19 21:00:00,144.1773439275052,26.73491384658539,60.0,117.44243008091982,0.0,0.0,0.0
2024-02-19 22:00:00,144.1773439275052,11.65682937730145,60.0,132.52051455020376,0.0,0.0,0.0
2024-02-19 23:00:00,46.13675005680167,4.60967726008783,60.0,41.52707279671384,0.0,0.0,0.0
2024-02-20 00:00:00,46.13675005680167,0.15866142033200686,60.0,45.97808863646966,0.0,0.0,0.0
2024-02-20 01:00:00,46.13675005680167,0.5377940202605747,60.0,45.59895603654109,0.0,0.0,0.0
2024-02-20 02:00:00,46.13675005680167,1.6532899650366728,60.0,44.483460091765,0.0,0.0,0.0
2024-02-20 03:00:00,46.13675005680167,4.60967726008783,60.0,41.52707279671384,0.0,0.0,0.0
2024-02-20 04:00:00,46.13675005680167,11.65682937730145,60.0,34.47992067950022,0.0,0.0,0.0
2024-02-20 05:00:00,46.13675005680167,26.73491384658539,60.0,19.401836210216278,0.0,0.0,0.0
2024-02-20 06:00:00,173.01281271300624,55.61162270682678,60.0,117.40119000617946,0.0,0.0,0.0
2024-02-20 07:00:00,576.7093757100208,104.91577085461473,60.0,471.7936048554061,0.0,0.0,0.0
2024-02-20 08:00:00,576.7093757100208,179.51651708831346,60.0,397.1928586217074,0.0,0.0,0.0
2024-02-20 09:00:00,576.7093757100208,278.58419952492386,60.0,298.12517618509696,0.0,0.0,0.0
2024-02-20 10:00:00,461.36750056801674,392.10012217908996,60.0,69.26737838892677,0.0,0.0,0.0
2024-02-20 11:00:00,461.36750056801674,500.5251493278201,97.14820736935386,0.0,0.0,39.15764875980335,0.0
2024-02-20 12:00:00,461.36750056801674,579.4864155899323,209.20564923449314,0.0,0.0,118.1189150219156,0.0
2024-02-20 13:00:00,461.36750056801674,608.4838344827585,348.77245808983105,0.0,0.0,147.1163339147418,0.0
2024-02-20 14:00:00,461.36750056801674,579.4864155899323,460.8298999549703,0.0,0.0,118.1189150219156,0.0
2024-02-20 15:00:00,461.36750056801674,500.5251493278201,497.9781073243241,0.0,0.0,39.15764875980335,0.0
2024-02-20 16:00:00,461.36750056801674,392.10012217908996,424.9638795717464,0.0,0.0,0.0,69.26737838892677
2024-02-20 17:00:00,461.36750056801674,278.58419952492386,232.29336305827835,0.0,0.0,0.0,182.78330104309288
2024-02-20 18:00:00,346.0256254260125,179.51651708831346,60.00000000000003,3.0572724393569786,0.0,0.0,163.45183589834204
2024-02-20 19:00:00,346.0256254260125,104.91577085461473,60.0,241.10985457139773,0.0,0.0,2.6963201038669063e-14
2024-02-20 20:00:00,144.1773439275052,55.61162270682678,60.0,88.56572122067843,0.0,0.0,0.0
2024-02-20 21:00:00,144.1773439275052,26.73491384658539,60.0,117.44243008091982,0.0,0.0,0.0
2024-02-20 22:00:00,144.1773439275052,11.65682937730145,60.0,132.52051455020376,0.0,0.0,0.0
2024-02-20 23:00:00,46.13675005680167,4.60967726008783,60.0,41.52707279671384,0.0,0.0,0.0
2024-02-21 00:00:00,46.13675005680167,0.15866142033200686,60.0,45.97808863646966,0.0,0.0,0.0
2024-02-21 01:00:00,46.13675005680167,0.5377940202605747,60.0,45.59895603654109,0.0,0.0,0.0
2024-02-21 02:00:00,46.13675005680167,1.6532899650366728,60.0,44.483460091765,0.0,0.0,0.0
2024-02-21 03:00:00,46.13675005680167,4.60967726008783,60.0,41.52707279671384,0.0,0.0,0.0
2024-02-21 04:00:00,46.13675005680167,11.65682937730145,60.0,34.47992067950022,0.0,0.0,0.0
2024-02-21 05:00:00,46.13675005680167,26.73491384658539,60.0,19.401836210216278,0.0,0.0,0.0
2024-02-21 06:00:00,173.01281271300624,55.61162270682678,60.0,117.40119000617946,0.0,0.0,0.0
2024-02-21 07:00:00,576.7093757100208,104.91577085461473,60.0,471.7936048554061,0.0,0.0,0.0
2024-02-21 08:00:00,576.7093757100208,179.51651708831346,60.0,397.1928586217074,0.0,0.0,0.0
2024-02-21 09:00:00,576.7093757100208,278.58419952492386,60.0,298.12517618509696,0.0,0.0,0.0
2024-02-21 10:00:00,461.36750056801674,392.10012217908996,60.0,69.26737838892677,0.0,0.0,0.0
2024-02-21 11:00:00,461.36750056801674,500.5251493278201,97.14820736935386,0.0,0.0,39.15764875980335,0.0
2024-02-21 12:00:00,461.36750056801674,579.4864155899323,209.20564923449314,0.0,0.0,118.1189150219156,0.0
2024-02-21 13:00:00,461.36750056801674,608.4838344827585,348.77245808983105,0.0,0.0,147.1163339147418,0.0
2024-02-21 14:00:00,461.36750056801674,579.4864155899323,460.8298999549703,0.0,0.0,118.1189150219156,0.0
2024-02-21 15:00:00,461.36750056801674,500.5251493278201,497.9781073243241,0.0,0.0,39.15764875980335,0.0
2024-02-21 16:00:00,461.36750056801674,392.10012217908996,424.9638795717464,0.0,0.0,0.0,69.26737838892677
2024-02-21 17:00:00,461.36750056801674,278.58419952492386,232.29336305827835,0.0,0.0,0.0,182.78330104309288
2024-02-21 18:00:00,346.0256254260125,179.51651708831346,60.00000000000003,3.0572724393569786,0.0,0.0,163.45183589834204
2024-02-21 19:00:00,346.0256254260125,104.91577085461473,60.0,241.10985457139773,0.0,0.0,2.6963201038669063e-14
2024-02-21 20:00:00,144.1773439275052,55.61162270682678,60.0,88.56572122067843,0.0,0.0,0.0
2024-02-21 21:00:00,144.1773439275052,26.73491384658539,60.0,117.44243008091982,0.0,0.0,0.0
2024-02-21 22:00:00,144.1773439275052,11.65682937730145,60.0,132.52051455020376,0.0,0.0,0.0
2024-02-21 23:00:00,46.13675005680167,4.60967726008783,60.0,41.52707279671384,0.0,0.0,0.0
2024-02-22 00:00:00,46.13675005680167,0.15866142033200686,60.0,45.97808863646966,0.0,0.0,0.0
2024-02-22 01:00:00,46.13675005680167,0.5377940202605747,60.0,45.59895603654109,0.0,0.0,0.0
2024-02-22 02:00:00,46.13675005680167,1.6532899650366728,60.0,44.483460091765,0.0,0.0,0.0
2024-02-22 03:00:00,46.13675005680167,4.60967726008783,60.0,41.52707279671384,0.0,0.0,0.0
2024-02-22 04:00:00,46.13675005680167,11.65682937730145,60.0,34.47992067950022,0.0,0.0,0.0
2024-02-22 05:00:00,46.13675005680167,26.73491384658539,60.0,19.401836210216278,0.0,0.0,0.0
2024-02-22 06:00:00,173.01281271300624,55.61162270682678,60.0,117.40119000617946,0.0,0.0,0.0
2024-02-22 07:00:00,576.7093757100208,104.91577085461473,60.0,471.7936048554061,0.0,0.0,0.0
2024-02-22 08:00:00,576.7093757100208,179.51651708831346,60.0,397.1928586217074,0.0,0.0,0.0
2024-02-22 09:00:00,576.7093757100208,278.58419952492386,60.0,298.12517618509696,0.0,0.0,0.0
2024-02-22 10:00:00,461.36750056801674,392.10012217908996,60.0,69.26737838892677,0.0,0.0,0.0
2024-02-22 11:00:00,461.36750056801674,500.5251493278201,97.14820736935386,0.0,0.0,39.15764875980335,0.0
2024-02-22 12:00:00,461.36750056801674,579.4864155899323,209.20564923449314,0.0,0.0,118.1189150219156,0.0
2024-02-22 13:00:00,461.36750056801674,608.4838344827585,348.77245808983105,0.0,0.0,147.1163339147418,0.0
2024-02-22 14:00:00,461.36750056801674,579.4864155899323,460.8298999549703,0.0,0.0,118.1189150219156,0.0
2024-02-22 15:00:00,461.36750056801674,500.5251493278201,497.9781073243241,0.0,0.0,39.15764875980335,0.0
2024-02-22 16:00:00,461.36750056801674,392.10012217908996,424.9638795717464,0.0,0.0,0.0,69.26737838892677
2024-02-22 17:00:00,461.36750056801674,278.58419952492386,232.29336305827835,0.0,0.0,0.0,182.78330104309288
2024-02-22 18:00:00,346.0256254260125,179.51651708831346,60.00000000000003,3.0572724393569786,0.0,0.0,163.45183589834204
2024-02-22 19:00:00,346.0256254260125,104.91577085461473,60.0,241.10985457139773,0.0,0.0,2.6963201038669063e-14
2024-02-22 20:00:00,144.1773439275052,55.61162270682678,60.0,88.56572122067843,0.0,0.0,0.0
2024-02-22 21:00:00,144.1773439275052,26.73491384658539,60.0,117.44243008091982,0.0,0.0,0.0
2024-02-22 22:00:00,144.1773439275052,11.65682937730145,60.0,132.52051455020376,0.0,0.0,0.0
2024-02-22 23:00:00,46.13675005680167,4.60967726008783,60.0,41.52707279671384,0.0,0.0,0.0
2024-02-23 00:00:00,46.136750056801674,0.15866142033200686,60.0,45.978088636469664,0.0,0.0,0.0
2024-02-23 01:00:00,46.136750056801674,0.5377940202605747,60.0,45.5989560365411,0.0,0.0,0.0
2024-02-23 02:00:00,46.136750056801674,1.6532899650366728,60.0,44.483460091765004,0.0,0.0,0.0
2024-02-23 03:00:00,46.136750056801674,4.60967726008783,60.0,41.527072796713846,0.0,0.0,0.0
2024-02-23 04:00:00,46.136750056801674,11.65682937730145,60.0,34.479920679500225,0.0,0.0,0.0
2024-02-23 05:00:00,46.136750056801674,26.73491384658539,60.0,19.401836210216285,0.0,0.0,0.0
2024-02-23 06:00:00,173.01281271300624,55.61162270682678,60.0,117.40119000617946,0.0,0.0,0.0
2024-02-23 07:00:00,576.7093757100208,104.91577085461473,60.0,471.7936048554061,0.0,0.0,0.0
2024-02-23 08:00:00,576.7093757100208,179.51651708831346,60.0,397.1928586217074,0.0,0.0,0.0
2024-02-23 09:00:00,576.7093757100208,278.58419952492386,60.0,298.12517618509696,0.0,0.0,0.0
2024-02-23 10:00:00,461.36750056801674,392.10012217908996,60.0,69.26737838892677,0.0,0.0,0.0
2024-02-23 11:00:00,461.36750056801674,500.5251493278201,97.14820736935386,0.0,0.0,39.15764875980335,0.0
2024-02-23 12:00:00,461.36750056801674,579.4864155899323,209.20564923449314,0.0,0.0,118.1189150219156,0.0
2024-02-23 13:00:00,461.36750056801674,608.4838344827585,348.77245808983105,0.0,0.0,147.1163339147418,0.0
2024-02-23 14:00:00,461.36750056801674,579.4864155899323,460.8298999549703,0.0,0.0,118.1189150219156,0.0
2024-02-23 15:00:00,461.36750056801674,500.5251493278201,497.9781073243241,0.0,0.0,39.15764875980335,0.0
2024-02-23 16:00:00,461.36750056801674,392.10012217908996,424.9638795717464,0.0,0.0,0.0,69.26737838892677
2024-02-23 17:00:00,461.36750056801674,278.58419952492386,232.29336305827835,0.0,0.0,0.0,182.78330104309288
2024-02-23 18:00:00,346.0256254260125,179.51651708831346,60.00000000000003,3.0572724393569786,0.0,0.0,163.45183589834204
2024-02-23 19:00:00,346.0256254260125,104.91577085461473,60.0,241.10985457139773,0.0,0.0,2.6963201038669063e-14
2024-02-23 20:00:00,144.1773439275052,55.61162270682678,60.0,88.56572122067843,0.0,0.0,0.0
2024-02-23 21:00:00,144.1773439275052,26.73491384658539,60.0,117.44243008091982,0.0,0.0,0.0
2024-02-23 22:00:00,144.1773439275052,11.65682937730145,60.0,132.52051455020376,0.0,0.0,0.0
2024-02-23 23:00:00,46.136750056801674,4.60967726008783,60.0,41.527072796713846,0.0,0.0,0.0
2024-02-24 00:00:00,46.136750056801674,0.15866142033200686,60.0,45.978088636469664,0.0,0.0,0.0
2024-02-24 01:00:00,46.136750056801674,0.5377940202605747,60.0,45.5989560365411,0.0,0.0,0.0
2024-02-24 02:00:00,46.136750056801674,1.6532899650366728,60.0,44.483460091765004,0.0,0.0,0.0
2024-02-24 03:00:00,46.136750056801674,4.60967726008783,60.0,41.527072796713846,0.0,0.0,0.0
2024-02-24 04:00:00,46.136750056801674,11.65682937730145,60.0,34.479920679500225,0.0,0.0,0.0
2024-02-24 05:00:00,46.136750056801674,26.73491384658539,60.0,19.401836210216285,0.0,0.0,0.0
2024-02-24 06:00:00,173.01281271300624,55.61162270682678,60.0,117.40119000617946,0.0,0.0,0.0
2024-02-24 07:00:00,576.7093757100208,104.91577085461473,60.0,471.7936048554061,0.0,0.0,0.0
2024-02-24 08:00:00,576.7093757100208,179.51651708831346,60.0,397.1928586217074,0.0,0.0,0.0
2024-02-24 09:00:00,576.7093757100208,278.58419952492386,60.0,298.12517618509696,0.0,0.0,0.0
2024-02-24 10:00:00,461.36750056801674,392.10012217908996,60.0,69.26737838892677,0.0,0.0,0.0
2024-02-24 11:00:00,461.36750056801674,500.5251493278201,97.14820736935386,0.0,0.0,39.15764875980335,0.0
2024-02-24 12:00:00,461.36750056801674,579.4864155899323,209.20564923449314,0.0,0.0,118.1189150219156,0.0
2024-02-24 13:00:00,461.36750056801674,608.4838344827585,348.77245808983105,0.0,0.0,147.1163339147418,0.0
2024-02-24 14:00:00,461.36750056801674,579.4864155899323,460.8298999549703,0.0,0.0,118.1189150219156,0.0
2024-02-24 15:00:00,461.36750056801674,500.5251493278201,497.9781073243241,0.0,0.0,39.15764875980335,0.0
2024-02-24 16:00:00,461.36750056801674,392.10012217908996,424.9638795717464,0.0,0.0,0.0,69.26737838892677
2024-02-24 17:00:00,461.36750056801674,278.58419952492386,232.29336305827835,0.0,0.0,0.0,182.78330104309288
2024-02-24 18:00:00,346.0256254260125,179.51651708831346,60.00000000000003,3.0572724393569786,0.0,0.0,163.45183589834204
2024-02-24 19:00:00,346.0256254260125,104.91577085461473,60.0,241.10985457139773,0.0,0.0,2.6963201038669063e-14
2024-02-24 20:00:00,144.1773439275052,55.61162270682678,60.0,88.56572122067843,0.0,0.0,0.0
2024-02-24 21:00:00,144.1773439275052,26.73491384658539,60.0,117.44243008091982,0.0,0.0,0.0
2024-02-24 22:00:00,144.1773439275052,11.65682937730145,60.0,132.52051455020376,0.0,0.0,0.0
2024-02-24 23:00:00,46.136750056801674,4.60967726008783,60.0,41.527072796713846,0.0,0.0,0.0
2024-02-25 00:00:00,46.13675005680167,0.15866142033200686,60.0,45.97808863646966,0.0,0.0,0.0
2024-02-25 01:00:00,46.13675005680167,0.5377940202605747,60.0,45.59895603654109,0.0,0.0,0.0
2024-02-25 02:00:00,46.13675005680167,1.6532899650366728,60.0,44.483460091765,0.0,0.0,0.0
2024-02-25 03:00:00,46.13675005680167,4.60967726008783,60.0,41.52707279671384,0.0,0.0,0.0
2024-02-25 04:00:00,46.13675005680167,11.65682937730145,60.0,34.47992067950022,0.0,0.0,0.0
2024-02-25 05:00:00,46.13675005680167,26.73491384658539,60.0,19.401836210216278,0.0,0.0,0.0
2024-02-25 06:00:00,173.01281271300624,55.61162270682678,60.0,117.40119000617946,0.0,0.0,0.0
2024-02-25 07:00:00,576.7093757100208,104.91577085461473,60.0,471.7936048554061,0.0,0.0,0.0
2024-02-25 08:00:00,576.7093757100208,179.51651708831346,60.0,397.1928586217074,0.0,0.0,0.0
2024-02-25 09:00:00,576.7093757100208,278.58419952492386,60.0,298.12517618509696,0.0,0.0,0.0
2024-02-25 10:00:00,461.36750056801674,392.10012217908996,60.0,69.26737838892677,0.0,0.0,0.0
2024-02-25 11:00:00,461.36750056801674,500.5251493278201,97.14820736935386,0.0,0.0,39.15764875980335,0.0
2024-02-25 12:00:00,461.36750056801674,579.4864155899323,209.20564923449314,0.0,0.0,118.1189150219156,0.0
2024-02-25 13:00:00,461.36750056801674,608.4838344827585,348.77245808983105,0.0,0.0,147.1163339147418,0.0
2024-02-25 14:00:00,461.36750056801674,579.4864155899323,460.8298999549703,0.0,0.0,118.1189150219156,0.0
2024-02-25 15:00:00,461.36750056801674,500.5251493278201,497.9781073243241,0.0,0.0,39.15764875980335,0.0
2024-02-25 16:00:00,461.36750056801674,392.10012217908996,424.9638795717464,0.0,0.0,0.0,69.26737838892677
2024-02-25 17:00:00,461.36750056801674,278.58419952492386,232.29336305827835,0.0,0.0,0.0,182.78330104309288
2024-02-25 18:00:00,346.0256254260125,179.51651708831346,60.00000000000003,3.0572724393569786,0.0,0.0,163.45183589834204
2024-02-25 19:00:00,346.0256254260125,104.91577085461473,60.0,241.10985457139773,0.0,0.0,2.6963201038669063e-14
2024-02-25 20:00:00,144.1773439275052,55.61162270682678,60.0,88.56572122067843,0.0,0.0,0.0
2024-02-25 21:00:00,144.1773439275052,26.73491384658539,60.0,117.44243008091982,0.0,0.0,0.0
2024-02-25 22:00:00,144.1773439275052,11.65682937730145,60.0,132.52051455020376,0.0,0.0,0.0
2024-02-25 23:00:00,46.13675005680167,4.60967726008783,60.0,41.52707279671384,0.0,0.0,0.0
2024-02-26 00:00:00,46.13675005680167,0.15866142033200686,60.0,45.97808863646966,0.0,0.0,0.0
2024-02-26 01:00:00,46.13675005680167,0.5377940202605747,60.0,45.59895603654109,0.0,0.0,0.0
2024-02-26 02:00:00,46.13675005680167,1.6532899650366728,60.0,44.483460091765,0.0,0.0,0.0
2024-02-26 03:00:00,46.13675005680167,4.60967726008783,60.0,41.52707279671384,0.0,0.0,0.0
2024-02-26 04:00:00,46.13675005680167,11.65682937730145,60.0,34.47992067950022,0.0,0.0,0.0
2024-02-26 05:00:00,46.13675005680167,26.73491384658539,60.0,19.401836210216278,0.0,0.0,0.0
2024-02-26 06:00:00,173.01281271300624,55.61162270682678,60.0,117.40119000617946,0.0,0.0,0.0
2024-02-26 07:00:00,576.7093757100208,104.91577085461473,60.0,471.7936048554061,0.0,0.0,0.0
2024-02-26 08:00:00,576.7093757100208,179.51651708831346,60.0,397.1928586217074,0.0,0.0,0.0
2024-02-26 09:00:00,576.7093757100208,278.58419952492386,60.0,298.12517618509696,0.0,0.0,0.0
2024-02-26 10:00:00,461.36750056801674,392.10012217908996,60.0,69.26737838892677,0.0,0.0,0.0
2024-02-26 11:00:00,461.36750056801674,500.5251493278201,97.14820736935386,0.0,0.0,39.15764875980335,0.0
2024-02-26 12:00:00,461.36750056801674,579.4864155899323,209.20564923449314,0.0,0.0,118.1189150219156,0.0
2024-02-26 13:00:00,461.36750056801674,608.4838344827585,348.77245808983105,0.0,0.0,147.1163339147418,0.0
2024-02-26 14:00:00,461.36750056801674,579.4864155899323,460.8298999549703,0.0,0.0,118.1189150219156,0.0
2024-02-26 15:00:00,461.36750056801674,500.5251493278201,497.9781073243241,0.0,0.0,39.15764875980335,0.0
2024-02-26 16:00:00,461.36750056801674,392.10012217908996,424.9638795717464,0.0,0.0,0.0,69.26737838892677
2024-02-26 17:00:00,461.36750056801674,278.58419952492386,232.29336305827835,0.0,0.0,0.0,182.78330104309288
2024-02-26 18:00:00,346.0256254260125,179.51651708831346,60.00000000000003,3.0572724393569786,0.0,0.0,163.45183589834204
2024-02-26 19:00:00,346.0256254260125,104.91577085461473,60.0,241.10985457139773,0.0,0.0,2.6963201038669063e-14
2024-02-26 20:00:00,144.1773439275052,55.61162270682678,60.0,88.56572122067843,0.0,0.0,0.0
2024-02-26 21:00:00,144.1773439275052,26.73491384658539,60.0,117.44243008091982,0.0,0.0,0.0
2024-02-26 22:00:00,144.1773439275052,11.65682937730145,60.0,132.52051455020376,0.0,0.0,0.0
2024-02-26 23:00:00,46.13675005680167,4.60967726008783,60.0,41.52707279671384,0.0,0.0,0.0
2024-02-27 00:00:00,46.13675005680167,0.15866142033200686,60.0,45.97808863646966,0.0,0.0,0.0
2024-02-27 01:00:00,46.13675005680167,0.5377940202605747,60.0,45.59895603654109,0.0,0.0,0.0
2024-02-27 02:00:00,46.13675005680167,1.6532899650366728,60.0,44.483460091765,0.0,0.0,0.0
2024-02-27 03:00:00,46.13675005680167,4.60967726008783,60.0,41.52707279671384,0.0,0.0,0.0
2024-02-27 04:00:00,46.13675005680167,11.65682937730145,60.0,34.47992067950022,0.0,0.0,0.0
2024-02-27 05:00:00,46.13675005680167,26.73491384658539,60.0,19.401836210216278,0.0,0.0,0.0
2024-02-27 06:00:00,173.01281271300624,55.61162270682678,60.0,117.40119000617946,0.0,0.0,0.0
2024-02-27 07:00:00,576.7093757100208,104.91577085461473,60.0,471.7936048554061,0.0,0.0,0.0
2024-02-27 08:00:00,576.7093757100208,179.51651708831346,60.0,397.1928586217074,0.0,0.0,0.0
2024-02-27 09:00:00,576.7093757100208,278.58419952492386,60.0,298.12517618509696,0.0,0.0,0.0
2024-02-27 10:00:00,461.36750056801674,392.10012217908996,60.0,69.26737838892677,0.0,0.0,0.0
2024-02-27 11:00:00,461.36750056801674,500.5251493278201,97.14820736935386,0.0,0.0,39.15764875980335,0.0
2024-02-27 12:00:00,461.36750056801674,579.4864155899323,209.20564923449314,0.0,0.0,118.1189150219156,0.0
2024-02-27 13:00:00,461.36750056801674,608.4838344827585,348.77245808983105,0.0,0.0,147.1163339147418,0.0
2024-02-27 14:00:00,461.36750056801674,579.4864155899323,460.8298999549703,0.0,0.0,118.1189150219156,0.0
2024-02-27 15:00:00,461.36750056801674,500.5251493278201,497.9781073243241,0.0,0.0,39.15764875980335,0.0
2024-02-27 16:00:00,461.36750056801674,392.10012217908996,424.9638795717464,0.0,0.0,0.0,69.26737838892677
2024-02-27 17:00:00,461.36750056801674,278.58419952492386,232.29336305827835,0.0,0.0,0.0,182.78330104309288
2024-02-27 18:00:00,346.0256254260125,179.51651708831346,60.00000000000003,3.0572724393569786,0.0,0.0,163.45183589834204
2024-02-27 19:00:00,346.0256254260125,104.91577085461473,60.0,241.10985457139773,0.0,0.0,2.6963201038669063e-14
2024-02-27 20:00:00,144.1773439275052,55.61162270682678,60.0,88.56572122067843,0.0,0.0,0.0
2024-02-27 21:00:00,144.1773439275052,26.73491384658539,60.0,117.44243008091982,0.0,0.0,0.0
2024-02-27 22:00:00,144.1773439275052,11.65682937730145,60.0,132.52051455020376,0.0,0.0,0.0
2024-02-27 23:00:00,46.13675005680167,4.60967726008783,60.0,41.52707279671384,0.0,0.0,0.0
2024-02-28 00:00:00,46.13675005680167,0.15866142033200686,60.0,45.97808863646966,0.0,0.0,0.0
2024-02-28 01:00:00,46.13675005680167,0.5377940202605747,60.0,45.59895603654109,0.0,0.0,0.0
2024-02-28 02:00:00,46.13675005680167,1.6532899650366728,60.0,44.483460091765,0.0,0.0,0.0
2024-02-28 03:00:00,46.13675005680167,4.60967726008783,60.0,41.52707279671384,0.0,0.0,0.0
2024-02-28 04:00:00,46.13675005680167,11.65682937730145,60.0,34.47992067950022,0.0,0.0,0.0
2024-02-28 05:00:00,46.13675005680167,26.73491384658539,60.0,19.401836210216278,0.0,0.0,0.0
2024-02-28 06:00:00,173.01281271300624,55.61162270682678,60.0,117.40119000617946,0.0,0.0,0.0
2024-02-28 07:00:00,576.7093757100208,104.91577085461473,60.0,471.7936048554061,0.0,0.0,0.0
2024-02-28 08:00:00,576.7093757100208,179.51651708831346,60.0,397.1928586217074,0.0,0.0,0.0
2024-02-28 09:00:00,576.7093757100208,278.58419952492386,60.0,298.12517618509696,0.0,0.0,0.0
2024-02-28 10:00:00,461.36750056801674,392.10012217908996,60.0,69.26737838892677,0.0,0.0,0.0
2024-02-28 11:00:00,461.36750056801674,500.5251493278201,97.14820736935386,0.0,0.0,39.15764875980335,0.0
2024-02-28 12:00:00,461.36750056801674,579.4864155899323,209.20564923449314,0.0,0.0,118.1189150219156,0.0
2024-02-28 13:00:00,461.36750056801674,608.4838344827585,348.77245808983105,0.0,0.0,147.1163339147418,0.0
2024-02-28 14:00:00,461.36750056801674,579.4864155899323,460.8298999549703,0.0,0.0,118.1189150219156,0.0
2024-02-28 15:00:00,461.36750056801674,500.5251493278201,497.9781073243241,0.0,0.0,39.15764875980335,0.0
2024-02-28 16:00:00,461.36750056801674,392.10012217908996,424.9638795717464,0.0,0.0,0.0,69.26737838892677
2024-02-28 17:00:00,461.36750056801674,278.58419952492386,232.29336305827835,0.0,0.0,0.0,182.78330104309288
2024-02-28 18:00:00,346.0256254260125,179.51651708831346,60.00000000000003,3.0572724393569786,0.0,0.0,163.45183589834204
2024-02-28 19:00:00,346.0256254260125,104.91577085461473,60.0,241.10985457139773,0.0,0.0,2.6963201038669063e-14
2024-02-28 20:00:00,144.1773439275052,55.61162270682678,60.0,88.56572122067843,0.0,0.0,0.0
2024-02-28 21:00:00,144.1773439275052,26.73491384658539,60.0,117.44243008091982,0.0,0.0,0.0
2024-02-28 22:00:00,144.1773439275052,11.65682937730145,60.0,132.52051455020376,0.0,0.0,0.0
2024-02-28 23:00:00,46.13675005680167,4.60967726008783,60.0,41.52707279671384,0.0,0.0,0.0
2024-02-29 00:00:00,46.13675005680167,0.15866142033200686,60.0,45.97808863646966,0.0,0.0,0.0
2024-02-29 01:00:00,46.13675005680167,0.5377940202605747,60.0,45.59895603654109,0.0,0.0,0.0
2024-02-29 02:00:00,46.13675005680167,1.6532899650366728,60.0,44.483460091765,0.0,0.0,0.0
2024-02-29 03:00:00,46.13675005680167,4.60967726008783,60.0,41.52707279671384,0.0,0.0,0.0
2024-02-29 04:00:00,46.13675005680167,11.65682937730145,60.0,34.47992067950022,0.0,0.0,0.0
2024-02-29 05:00:00,46.13675005680167,26.73491384658539,60.0,19.401836210216278,0.0,0.0,0.0
2024-02-29 06:00:00,173.01281271300624,55.61162270682678,60.0,117.40119000617946,0.0,0.0,0.0
2024-02-29 07:00:00,576.7093757100208,104.91577085461473,60.0,471.7936048554061,0.0,0.0,0.0
2024-02-29 08:00:00,576.7093757100208,179.51651708831346,60.0,397.1928586217074,0.0,0.0,0.0
2024-02-29 09:00:00,576.7093757100208,278.58419952492386,60.0,298.12517618509696,0.0,0.0,0.0
2024-02-29 10:00:00,461.36750056801674,392.10012217908996,60.0,69.26737838892677,0.0,0.0,0.0
2024-02-29 11:00:00,461.36750056801674,500.5251493278201,97.14820736935386,0.0,0.0,39.15764875980335,0.0
2024-02-29 12:00:00,461.36750056801674,579.4864155899323,209.20564923449314,0.0,0.0,118.1189150219156,0.0
2024-02-29 13:00:00,461.36750056801674,608.4838344827585,348.77245808983105,0.0,0.0,147.1163339147418,0.0
2024-02-29 14:00:00,461.36750056801674,579.4864155899323,460.8298999549703,0.0,0.0,118.1189150219156,0.0
2024-02-29 15:00:00,461.36750056801674,500.5251493278201,497.9781073243241,0.0,0.0,39.15764875980335,0.0
2024-02-29 16:00:00,461.36750056801674,392.10012217908996,424.9638795717464,0.0,0.0,0.0,69.26737838892677
2024-02-29 17:00:00,461.36750056801674,278.58419952492386,232.29336305827835,0.0,0.0,0.0,182.78330104309288
2024-02-29 18:00:00,346.0256254260125,179.51651708831346,60.00000000000003,3.0572724393569786,0.0,0.0,163.45183589834204
2024-02-29 19:00:00,346.0256254260125,104.91577085461473,60.0,241.10985457139773,0.0,0.0,2.6963201038669063e-14
2024-02-29 20:00:00,144.1773439275052,55.61162270682678,60.0,88.56572122067843,0.0,0.0,0.0
2024-02-29 21:00:00,144.1773439275052,26.73491384658539,60.0,117.44243008091982,0.0,0.0,0.0
2024-02-29 22:00:00,144.1773439275052,11.65682937730145,60.0,132.52051455020376,0.0,0.0,0.0
2024-02-29 23:00:00,46.13675005680167,4.60967726008783,60.0,41.52707279671384,0.0,0.0,0.0
2024-03-01 00:00:00,46.136750056801674,0.23851987339229905,60.0,45.898230183409375,0.0,0.0,0.0
2024-03-01 01:00:00,46.136750056801674,0.8084798519719975,60.0,45.32827020482968,0.0,0.0,0.0
2024-03-01 02:00:00,46.136750056801674,2.485434154794054,60.0,43.65131590200762,0.0,0.0,0.0
2024-03-01 03:00:00,46.136750056801674,6.929848693871212,60.0,39.20690136293046,0.0,0.0,0.0
2024-03-01 04:00:00,46.136750056801674,17.524017252659657,60.0,28.612732804142016,0.0,0.0,0.0
2024-03-01 05:00:00,46.136750056801674,40.191296992663894,60.0,5.94545306413778,0.0,0.0,0.0
2024-03-01 06:00:00,173.01281271300624,83.60241058863618,60.0,89.41040212437007,0.0,0.0,0.0
2024-03-01 07:00:00,576.7093757100208,157.722629286522,60.0,418.98674642349886,0.0,0.0,0.0
2024-03-01 08:00:00,576.7093757100208,269.8718871804607,60.0,306.8374885295601,0.0,0.0,0.0
2024-03-01 09:00:00,576.7093757100208,418.80293180745747,60.0,157.90644390256335,0.0,0.0,0.0
2024-03-01 10:00:00,461.36750056801674,589.4543947959032,181.5138972531587,0.0,0.0,128.0868942278865,0.0
2024-03-01 11:00:00,461.36750056801674,752.4525810843858,457.661451450727,0.0,0.0,291.08508051636903,0.0
2024-03-01 12:00:00,461.36750056801674,871.1571230727526,846.4220220353948,0.0,0.0,409.78962250473586,0.0
2024-03-01 13:00:00,461.36750056801674,914.7497032258065,1181.8555442888883,0.0,99.8042246931845,353.5779779646052,0.0
2024-03-01 14:00:00,461.36750056801674,871.1571230727526,1199.0688863742373,0.0,391.6451667936241,18.144455711111732,0.0
2024-03-01 15:00:00,461.36750056801674,752.4525810843858,1199.9522183195857,0.0,290.15396689060634,0.9311136257626913,0.0
2024-03-01 16:00:00,461.36750056801674,589.4543947959032,1199.9975480017474,0.0,128.03911254747214,0.04778168041434583,0.0
2024-03-01 17:00:00,461.36750056801674,418.80293180745747,1155.1305530330083,0.0,0.0,0.0,42.56456876055927
2024-03-01 18:00:00,346.0256254260125,269.8718871804607,1074.857464635602,0.0,0.0,0.0,76.15373824555178
2024-03-01 19:00:00,346.0256254260125,157.722629286522,876.3686786240407,0.0,0.0,0.0,188.3029961394905
2024-03-01 20:00:00,144.1773439275052,83.60241058863618,812.517092469476,0.0,0.0,0.0,60.57493333886903
2024-03-01 21:00:00,144.1773439275052,40.191296992663894,702.9061747390529,0.0,0.0,0.0,103.98604693484131
2024-03-01 22:00:00,144.1773439275052,17.524017252659657,569.4018462290956,0.0,0.0,0.0,126.65332667484554
2024-03-01 23:00:00,46.136750056801674,6.929848693871212,528.0741434609555,0.0,0.0,0.0,39.20690136293046
2024-03-02 00:00:00,47.332591519378624,0.23851987339229905,478.4326332301316,0.0,0.0,0.0,47.094071645986325
2024-03-02 01:00:00,47.332591519378624,0.8084798519719975,429.3919135684586,0.0,0.0,0.0,46.52411166740663
2024-03-02 02:00:00,47.332591519378624,2.485434154794054,382.1188589497648,0.0,0.0,0.0,44.84715736458457
2024-03-02 03:00:00,47.332591519378624,6.929848693871212,339.530628600888,0.0,0.0,0.0,40.40274282550741
2024-03-02 04:00:00,47.332591519378624,17.524017252659657,308.10963243918286,0.0,0.0,0.0,29.808574266718967
2024-03-02 05:00:00,47.332591519378624,40.191296992663894,300.58204705701195,0.0,0.0,0.0,7.141294526714731
2024-03-02 06:00:00,177.4972181976698,83.60241058863618,201.6082295543936,0.0,0.0,0.0,93.89480760903363
2024-03-02 07:00:00,591.6573939922328,157.722629286522,60.0,299.5934024609544,0.0,0.0,134.34136224475637
2024-03-02 08:00:00,591.6573939922328,269.8718871804607,60.0,321.78550681177205,0.0,0.0,0.0
2024-03-02 09:00:00,591.6573939922328,418.80293180745747,60.0,172.8544621847753,0.0,0.0,0.0
2024-03-02 10:00:00,473.3259151937862,589.4543947959032,170.16914902652817,0.0,0.0,116.12847960211701,0.0
2024-03-02 11:00:00,473.3259151937862,752.4525810843858,434.971954997466,0.0,0.0,279.12666589059955,0.0
2024-03-02 12:00:00,473.3259151937862,871.1571230727526,812.3877773555034,0.0,0.0,397.8312078789664,0.0
2024-03-02 13:00:00,473.3259151937862,914.7497032258065,1180.1090190985744,0.0,53.81156538752367,387.61222264449657,0.0
2024-03-02 14:00:00,473.3259151937862,871.1571230727526,1198.9792604615986,0.0,377.9402269775408,19.890980901425564,0.0
2024-03-02 15:00:00,473.3259151937862,752.4525810843858,1199.9476190133398,0.0,278.1059263521982,1.020739538401358,0.0
2024-03-02 16:00:00,473.3259151937862,589.4543947959032,1199.9973119805197,0.0,116.07609861545683,0.052380986660182316,0.0
2024-03-02 17:00:00,473.3259151937862,418.80293180745747,1142.5250412044134,0.0,0.0,0.0,54.52298338632875
2024-03-02 18:00:00,354.9944363953396,269.8718871804607,1052.7979959514817,0.0,0.0,0.0,85.12254921487892
2024-03-02 19:00:00,354.9944363953396,157.722629286522,844.8552530843951,0.0,0.0,0.0,197.27180710881763
2024-03-02 20:00:00,147.9143484980582,83.60241058863618,777.0645182400281,0.0,0.0,0.0,64.31193790942201
2024-03-02 21:00:00,147.9143484980582,40.191296992663894,663.5144518198027,0.0,0.0,0.0,107.7230515053943
2024-03-02 22:00:00,147.9143484980582,17.524017252659657,526.0709746200431,0.0,0.0,0.0,130.39033124539853
2024-03-02 23:00:00,47.332591519378624,6.929848693871212,483.4827442711663,0.0,0.0,0.0,40.40274282550741
2024-03-03 00:00:00,47.33259151937862,0.23851987339229905,433.84123404034244,0.0,0.0,0.0,47.09407164598632
2024-03-03 01:00:00,47.33259151937862,0.8084798519719975,384.80051437866945,0.0,0.0,0.0,46.52411166740662
2024-03-03 02:00:00,47.33259151937862,2.485434154794054,337.5274597599756,0.0,0.0,0.0,44.84715736458456
2024-03-03 03:00:00,47.33259151937862,6.929848693871212,294.93922941109884,0.0,0.0,0.0,40.4027428255074
2024-03-03 04:00:00,47.33259151937862,17.524017252659657,263.5182332493937,0.0,0.0,0.0,29.80857426671896
2024-03-03 05:00:00,47.33259151937862,40.191296992663894,255.9906478672228,0.0,0.0,0.0,7.141294526714724
2024-03-03 06:00:00,177.4972181976698,83.60241058863618,157.01683036460446,0.0,0.0,0.0,93.89480760903363
2024-03-03 07:00:00,591.6573939922328,157.722629286522,60.0,341.8965181090106,0.0,0.0,92.03824659670019
2024-03-03 08:00:00,591.6573939922328,269.8718871804607,60.0,321.78550681177205,0.0,0.0,0.0
2024-03-03 09:00:00,591.6573939922328,418.80293180745747,60.0,172.8544621847753,0.0,0.0,0.0
2024-03-03 10:00:00,473.3259151937862,589.4543947959032,170.16914902652817,0.0,0.0,116.12847960211701,0.0
2024-03-03 11:00:00,473.3259151937862,752.4525810843858,434.971954997466,0.0,0.0,279.12666589059955,0.0
2024-03-03 12:00:00,473.3259151937862,871.1571230727526,812.3877773555034,0.0,0.0,397.8312078789664,0.0
2024-03-03 13:00:00,473.3259151937862,914.7497032258065,1180.1090190985744,0.0,53.81156538752367,387.61222264449657,0.0
2024-03-03 14:00:00,473.3259151937862,871.1571230727526,1198.9792604615986,0.0,377.9402269775408,19.890980901425564,0.0
2024-03-03 15:00:00,473.3259151937862,752.4525810843858,1199.9476190133398,0.0,278.1059263521982,1.020739538401358,0.0
2024-03-03 16:00:00,473.3259151937862,589.4543947959032,1199.9973119805197,0.0,116.07609861545683,0.052380986660182316,0.0
2024-03-03 17:00:00,473.3259151937862,418.80293180745747,1142.5250412044134,0.0,0.0,0.0,54.52298338632875
2024-03-03 18:00:00,354.9944363953396,269.8718871804607,1052.7979959514817,0.0,0.0,0.0,85.12254921487892
2024-03-03 19:00:00,354.9944363953396,157.722629286522,844.8552530843951,0.0,0.0,0.0,197.27180710881763
2024-03-03 20:00:00,147.9143484980582,83.60241058863618,777.0645182400281,0.0,0.0,0.0,64.31193790942201
2024-03-03 21:00:00,147.9143484980582,40.191296992663894,663.5144518198027,0.0,0.0,0.0,107.7230515053943
2024-03-03 22:00:00,147.9143484980582,17.524017252659657,526.0709746200431,0.0,0.0,0.0,130.39033124539853
2024-03-03 23:00:00,47.33259151937862,6.929848693871212,483.4827442711663,0.0,0.0,0.0,40.4027428255074
2024-03-04 00:00:00,47.33259151937862,0.23851987339229905,433.84123404034244,0.0,0.0,0.0,47.09407164598632
2024-03-04 01:00:00,47.33259151937862,0.8084798519719975,384.80051437866945,0.0,0.0,0.0,46.52411166740662
2024-03-04 02:00:00,47.33259151937862,2.485434154794054,337.5274597599756,0.0,0.0,0.0,44.84715736458456
2024-03-04 03:00:00,47.33259151937862,6.929848693871212,294.93922941109884,0.0,0.0,0.0,40.4027428255074
2024-03-04 04:00:00,47.33259151937862,17.524017252659657,263.5182332493937,0.0,0.0,0.0,29.80857426671896
2024-03-04 05:00:00,47.33259151937862,40.191296992663894,255.9906478672228,0.0,0.0,0.0,7.141294526714724
2024-03-04 06:00:00,177.4972181976698,83.60241058863618,157.01683036460446,0.0,0.0,0.0,93.89480760903363
2024-03-04 07:00:00,591.6573939922328,157.722629286522,60.0,341.8965181090106,0.0,0.0,92.03824659670019
2024-03-04 08:00:00,591.6573939922328,269.8718871804607,60.0,321.78550681177205,0.0,0.0,0.0
2024-03-04 09:00:00,591.6573939922328,418.80293180745747,60.0,172.8544621847753,0.0,0.0,0.0
2024-03-04 10:00:00,473.3259151937862,589.4543947959032,170.16914902652817,0.0,0.0,116.12847960211701,0.0
2024-03-04 11:00:00,473.3259151937862,752.4525810843858,434.971954997466,0.0,0.0,279.12666589059955,0.0
2024-03-04 12:00:00,473.3259151937862,871.1571230727526,812.3877773555034,0.0,0.0,397.8312078789664,0.0
2024-03-04 13:00:00,473.3259151937862,914.7497032258065,1180.1090190985744,0.0,53.81156538752367,387.61222264449657,0.0
2024-03-04 14:00:00,473.3259151937862,871.1571230727526,1198.9792604615986,0.0,377.9402269775408,19.890980901425564,0.0
2024-03-04 15:00:00,473.3259151937862,752.4525810843858,1199.9476190133398,0.0,278.1059263521982,1.020739538401358,0.0
2024-03-04 16:00:00,473.3259151937862,589.4543947959032,1199.9973119805197,0.0,116.07609861545683,0.052380986660182316,0.0
2024-03-04 17:00:00,473.3259151937862,418.80293180745747,1142.5250412044134,0.0,0.0,0.0,54.52298338632875
2024-03-04 18:00:00,354.9944363953396,269.8718871804607,1052.7979959514817,0.0,0.0,0.0,85.12254921487892
2024-03-04 19:00:00,354.9944363953396,157.722629286522,844.8552530843951,0.0,0.0,0.0,197.27180710881763
2024-03-04 20:00:00,147.9143484980582,83.60241058863618,777.0645182400281,0.0,0.0,0.0,64.31193790942201
2024-03-04 21:00:00,147.9143484980582,40.191296992663894,663.5144518198027,0.0,0.0,0.0,107.7230515053943
2024-03-04 22:00:00,147.9143484980582,17.524017252659657,526.0709746200431,0.0,0.0,0.0,130.39033124539853
2024-03-04 23:00:00,47.33259151937862,6.929848693871212,483.4827442711663,0.0,0.0,0.0,40.4027428255074
2024-03-05 00:00:00,47.33259151937862,0.23851987339229905,433.84123404034244,0.0,0.0,0.0,47.09407164598632
2024-03-05 01:00:00,47.33259151937862,0.8084798519719975,384.80051437866945,0.0,0.0,0.0,46.52411166740662
2024-03-05 02:00:00,47.33259151937862,2.485434154794054,337.5274597599756,0.0,0.0,0.0,44.84715736458456
2024-03-05 03:00:00,47.33259151937862,6.929848693871212,294.93922941109884,0.0,0.0,0.0,40.4027428255074
2024-03-05 04:00:00,47.33259151937862,17.524017252659657,263.5182332493937,0.0,0.0,0.0,29.80857426671896
2024-03-05 05:00:00,47.33259151937862,40.191296992663894,255.9906478672228,0.0,0.0,0.0,7.141294526714724
2024-03-05 06:00:00,177.4972181976698,83.60241058863618,157.01683036460446,0.0,0.0,0.0,93.89480760903363
2024-03-05 07:00:00,591.6573939922328,157.722629286522,60.0,341.8965181090106,0.0,0.0,92.03824659670019
2024-03-05 08:00:00,591.6573939922328,269.8718871804607,60.0,321.78550681177205,0.0,0.0,0.0
2024-03-05 09:00:00,591.6573939922328,418.80293180745747,60.0,172.8544621847753,0.0,0.0,0.0
2024-03-05 10:00:00,473.3259151937862,589.4543947959032,170.16914902652817,0.0,0.0,116.12847960211701,0.0
2024-03-05 11:00:00,473.3259151937862,752.4525810843858,434.971954997466,0.0,0.0,279.12666589059955,0.0
2024-03-05 12:00:00,473.3259151937862,871.1571230727526,812.3877773555034,0.0,0.0,397.8312078789664,0.0
2024-03-05 13:00:00,473.3259151937862,914.7497032258065,1180.1090190985744,0.0,53.81156538752367,387.61222264449657,0.0
2024-03-05 14:00:00,473.3259151937862,871.1571230727526,1198.9792604615986,0.0,377.9402269775408,19.890980901425564,0.0
2024-03-05 15:00:00,473.3259151937862,752.4525810843858,1199.9476190133398,0.0,278.1059263521982,1.020739538401358,0.0
2024-03-05 16:00:00,473.3259151937862,589.4543947959032,1199.9973119805197,0.0,116.07609861545683,0.052380986660182316,0.0
2024-03-05 17:00:00,473.3259151937862,418.80293180745747,1142.5250412044134,0.0,0.0,0.0,54.52298338632875
2024-03-05 18:00:00,354.9944363953396,269.8718871804607,1052.7979959514817,0.0,0.0,0.0,85.12254921487892
2024-03-05 19:00:00,354.9944363953396,157.722629286522,844.8552530843951,0.0,0.0,0.0,197.27180710881763
2024-03-05 20:00:00,147.9143484980582,83.60241058863618,777.0645182400281,0.0,0.0,0.0,64.31193790942201
2024-03-05 21:00:00,147.9143484980582,40.191296992663894,663.5144518198027,0.0,0.0,0.0,107.7230515053943
2024-03-05 22:00:00,147.9143484980582,17.524017252659657,526.0709746200431,0.0,0.0,0.0,130.39033124539853
2024-03-05 23:00:00,47.33259151937862,6.929848693871212,483.4827442711663,0.0,0.0,0.0,40.4027428255074
2024-03-06 00:00:00,47.33259151937862,0.23851987339229905,433.84123404034244,0.0,0.0,0.0,47.09407164598632
2024-03-06 01:00:00,47.33259151937862,0.8084798519719975,384.80051437866945,0.0,0.0,0.0,46.52411166740662
2024-03-06 02:00:00,47.33259151937862,2.485434154794054,337.5274597599756,0.0,0.0,0.0,44.84715736458456
2024-03-06 03:00:00,47.33259151937862,6.929848693871212,294.93922941109884,0.0,0.0,0.0,40.4027428255074
2024-03-06 04:00:00,47.33259151937862,17.524017252659657,263.5182332493937,0.0,0.0,0.0,29.80857426671896
2024-03-06 05:00:00,47.33259151937862,40.191296992663894,255.9906478672228,0.0,0.0,0.0,7.141294526714724
2024-03-06 06:00:00,177.4972181976698,83.60241058863618,157.01683036460446,0.0,0.0,0.0,93.89480760903363
2024-03-06 07:00:00,591.6573939922328,157.722629286522,60.0,341.8965181090106,0.0,0.0,92.03824659670019
2024-03-06 08:00:00,591.6573939922328,269.8718871804607,60.0,321.78550681177205,0.0,0.0,0.0
2024-03-06 09:00:00,591.6573939922328,418.80293180745747,60.0,172.8544621847753,0.0,0.0,0.0
2024-03-06 10:00:00,473.3259151937862,589.4543947959032,170.16914902652817,0.0,0.0,116.12847960211701,0.0
2024-03-06 11:00:00,473.3259151937862,752.4525810843858,434.971954997466,0.0,0.0,279.12666589059955,0.0
2024-03-06 12:00:00,473.3259151937862,871.1571230727526,812.3877773555034,0.0,0.0,397.8312078789664,0.0
2024-03-06 13:00:00,473.3259151937862,914.7497032258065,1180.1090190985744,0.0,53.81156538752367,387.61222264449657,0.0
2024-03-06 14:00:00,473.3259151937862,871.1571230727526,1198.9792604615986,0.0,377.9402269775408,19.890980901425564,0.0
2024-03-06 15:00:00,473.3259151937862,752.4525810843858,1199.9476190133398,0.0,278.1059263521982,1.020739538401358,0.0
2024-03-06 16:00:00,473.3259151937862,589.4543947959032,1199.9973119805197,0.0,116.07609861545683,0.052380986660182316,0.0
2024-03-06 17:00:00,473.3259151937862,418.80293180745747,1142.5250412044134,0.0,0.0,0.0,54.52298338632875
2024-03-06 18:00:00,354.9944363953396,269.8718871804607,1052.7979959514817,0.0,0.0,0.0,85.12254921487892
2024-03-06 19:00:00,354.9944363953396,157.722629286522,844.8552530843951,0.0,0.0,0.0,197.27180710881763
2024-03-06 20:00:00,147.9143484980582,83.60241058863618,777.0645182400281,0.0,0.0,0.0,64.31193790942201
2024-03-06 21:00:00,147.9143484980582,40.191296992663894,663.5144518198027,0.0,0.0,0.0,107.7230515053943
2024-03-06 22:00:00,147.9143484980582,17.524017252659657,526.0709746200431,0.0,0.0,0.0,130.39033124539853
2024-03-06 23:00:00,47.33259151937862,6.929848693871212,483.4827442711663,0.0,0.0,0.0,40.4027428255074
2024-03-07 00:00:00,47.33259151937862,0.23851987339229905,433.84123404034244,0.0,0.0,0.0,47.09407164598632
2024-03-07 01:00:00,47.33259151937862,0.8084798519719975,384.80051437866945,0.0,0.0,0.0,46.52411166740662
2024-03-07 02:00:00,47.33259151937862,2.485434154794054,337.5274597599756,0.0,0.0,0.0,44.84715736458456
2024-03-07 03:00:00,47.33259151937862,6.929848693871212,294.93922941109884,0.0,0.0,0.0,40.4027428255074
2024-03-07 04:00:00,47.33259151937862,17.524017252659657,263.5182332493937,0.0,0.0,0.0,29.80857426671896
2024-03-07 05:00:00,47.33259151937862,40.191296992663894,255.9906478672228,0.0,0.0,0.0,7.141294526714724
2024-03-07 06:00:00,177.4972181976698,83.60241058863618,157.01683036460446,0.0,0.0,0.0,93.89480760903363
2024-03-07 07:00:00,591.6573939922328,157.722629286522,60.0,341.8965181090106,0.0,0.0,92.03824659670019
2024-03-07 08:00:00,591.6573939922328,269.8718871804607,60.0,321.78550681177205,0.0,0.0,0.0
2024-03-07 09:00:00,591.6573939922328,418.80293180745747,60.0,172.8544621847753,0.0,0.0,0.0
2024-03-07 10:00:00,473.3259151937862,589.4543947959032,170.16914902652817,0.0,0.0,116.12847960211701,0.0
2024-03-07 11:00:00,473.3259151937862,752.4525810843858,434.971954997466,0.0,0.0,279.12666589059955,0.0
2024-03-07 12:00:00,473.3259151937862,871.1571230727526,812.3877773555034,0.0,0.0,397.8312078789664,0.0
2024-03-07 13:00:00,473.3259151937862,914.7497032258065,1180.1090190985744,0.0,53.81156538752367,387.61222264449657,0.0
2024-03-07 14:00:00,473.3259151937862,871.1571230727526,1198.9792604615986,0.0,377.9402269775408,19.890980901425564,0.0
2024-03-07 15:00:00,473.3259151937862,752.4525810843858,1199.9476190133398,0.0,278.1059263521982,1.020739538401358,0.0
2024-03-07 16:00:00,473.3259151937862,589.4543947959032,1199.9973119805197,0.0,116.07609861545683,0.052380986660182316,0.0
2024-03-07 17:00:00,473.3259151937862,418.80293180745747,1142.5250412044134,0.0,0.0,0.0,54.52298338632875
2024-03-07 18:00:00,354.9944363953396,269.8718871804607,1052.7979959514817,0.0,0.0,0.0,85.12254921487892
2024-03-07 19:00:00,354.9944363953396,157.722629286522,844.8552530843951,0.0,0.0,0.0,197.27180710881763
2024-03-07 20:00:00,147.9143484980582,83.60241058863618,777.0645182400281,0.0,0.0,0.0,64.31193790942201
2024-03-07 21:00:00,147.9143484980582,40.191296992663894,663.5144518198027,0.0,0.0,0.0,107.7230515053943
2024-03-07 22:00:00,147.9143484980582,17.524017252659657,526.0709746200431,0.0,0.0,0.0,130.39033124539853
2024-03-07 23:00:00,47.33259151937862,6.929848693871212,483.4827442711663,0.0,0.0,0.0,40.4027428255074
2024-03-08 00:00:00,47.332591519378624,0.23851987339229905,433.84123404034244,0.0,0.0,0.0,47.094071645986325
2024-03-08 01:00:00,47.332591519378624,0.8084798519719975,384.80051437866945,0.0,0.0,0.0,46.52411166740663
2024-03-08 02:00:00,47.332591519378624,2.485434154794054,337.5274597599756,0.0,0.0,0.0,44.84715736458457
2024-03-08 03:00:00,47.332591519378624,6.929848693871212,294.93922941109884,0.0,0.0,0.0,40.40274282550741
2024-03-08 04:00:00,47.332591519378624,17.524017252659657,263.5182332493937,0.0,0.0,0.0,29.808574266718967
2024-03-08 05:00:00,47.332591519378624,40.191296992663894,255.99064786722278,0.0,0.0,0.0,7.141294526714731
2024-03-08 06:00:00,177.4972181976698,83.60241058863618,157.01683036460443,0.0,0.0,0.0,93.89480760903363
2024-03-08 07:00:00,591.6573939922328,157.722629286522,60.0,341.89651810901063,0.0,0.0,92.03824659670016
2024-03-08 08:00:00,591.6573939922328,269.8718871804607,60.0,321.78550681177205,0.0,0.0,0.0
2024-03-08 09:00:00,591.6573939922328,418.80293180745747,60.0,172.8544621847753,0.0,0.0,0.0
2024-03-08 10:00:00,473.3259151937862,589.4543947959032,170.16914902652817,0.0,0.0,116.12847960211701,0.0
2024-03-08 11:00:00,473.3259151937862,752.4525810843858,434.971954997466,0.0,0.0,279.12666589059955,0.0
2024-03-08 12:00:00,473.3259151937862,871.1571230727526,812.3877773555034,0.0,0.0,397.8312078789664,0.0
2024-03-08 13:00:00,473.3259151937862,914.7497032258065,1180.1090190985744,0.0,53.81156538752367,387.61222264449657,0.0
2024-03-08 14:00:00,473.3259151937862,871.1571230727526,1198.9792604615986,0.0,377.9402269775408,19.890980901425564,0.0
2024-03-08 15:00:00,473.3259151937862,752.4525810843858,1199.9476190133398,0.0,278.1059263521982,1.020739538401358,0.0
2024-03-08 16:00:00,473.3259151937862,589.4543947959032,1199.9973119805197,0.0,116.07609861545683,0.052380986660182316,0.0
2024-03-08 17:00:00,473.3259151937862,418.80293180745747,1142.5250412044134,0.0,0.0,0.0,54.52298338632875
2024-03-08 18:00:00,354.9944363953396,269.8718871804607,1052.7979959514817,0.0,0.0,0.0,85.12254921487892
2024-03-08 19:00:00,354.9944363953396,157.722629286522,844.8552530843951,0.0,0.0,0.0,197.27180710881763
2024-03-08 20:00:00,147.9143484980582,83.60241058863618,777.0645182400281,0.0,0.0,0.0,64.31193790942201
2024-03-08 21:00:00,147.9143484980582,40.191296992663894,663.5144518198027,0.0,0.0,0.0,107.7230515053943
2024-03-08 22:00:00,147.9143484980582,17.524017252659657,526.0709746200431,0.0,0.0,0.0,130.39033124539853
2024-03-08 23:00:00,47.332591519378624,6.929848693871212,483.4827442711663,0.0,0.0,0.0,40.40274282550741
2024-03-09 00:00:00,47.332591519378624,0.23851987339229905,433.84123404034244,0.0,0.0,0.0,47.094071645986325
2024-03-09 01:00:00,47.332591519378624,0.8084798519719975,384.80051437866945,0.0,0.0,0.0,46.52411166740663
2024-03-09 02:00:00,47.332591519378624,2.485434154794054,337.5274597599756,0.0,0.0,0.0,44.84715736458457
2024-03-09 03:00:00,47.332591519378624,6.929848693871212,294.93922941109884,0.0,0.0,0.0,40.40274282550741
2024-03-09 04:00:00,47.332591519378624,17.524017252659657,263.5182332493937,0.0,0.0,0.0,29.808574266718967
2024-03-09 05:00:00,47.332591519378624,40.191296992663894,255.99064786722278,0.0,0.0,0.0,7.141294526714731
2024-03-09 06:00:00,177.4972181976698,83.60241058863618,157.01683036460443,0.0,0.0,0.0,93.89480760903363
2024-03-09 07:00:00,591.6573939922328,157.722629286522,60.0,341.89651810901063,0.0,0.0,92.03824659670016
2024-03-09 08:00:00,591.6573939922328,269.8718871804607,60.0,321.78550681177205,0.0,0.0,0.0
2024-03-09 09:00:00,591.6573939922328,418.80293180745747,60.0,172.8544621847753,0.0,0.0,0.0
2024-03-09 10:00:00,473.3259151937862,589.4543947959032,170.16914902652817,0.0,0.0,116.12847960211701,0.0
2024-03-09 11:00:00,473.3259151937862,752.4525810843858,434.971954997466,0.0,0.0,279.12666589059955,0.0
2024-03-09 12:00:00,473.3259151937862,871.1571230727526,812.3877773555034,0.0,0.0,397.8312078789664,0.0
2024-03-09 13:00:00,473.3259151937862,914.7497032258065,1180.1090190985744,0.0,53.81156538752367,387.61222264449657,0.0
2024-03-09 14:00:00,473.3259151937862,871.1571230727526,1198.9792604615986,0.0,377.9402269775408,19.890980901425564,0.0
2024-03-09 15:00:00,473.3259151937862,752.4525810843858,1199.9476190133398,0.0,278.1059263521982,1.020739538401358,0.0
2024-03-09 16:00:00,473.3259151937862,589.4543947959032,1199.9973119805197,0.0,116.07609861545683,0.052380986660182316,0.0
2024-03-09 17:00:00,473.3259151937862,418.80293180745747,1142.5250412044134,0.0,0.0,0.0,54.52298338632875
2024-03-09 18:00:00,354.9944363953396,269.8718871804607,1052.7979959514817,0.0,0.0,0.0,85.12254921487892
2024-03-09 19:00:00,354.9944363953396,157.722629286522,844.8552530843951,0.0,0.0,0.0,197.27180710881763
2024-03-09 20:00:00,147.9143484980582,83.60241058863618,777.0645182400281,0.0,0.0,0.0,64.31193790942201
2024-03-09 21:00:00,147.9143484980582,40.191296992663894,663.5144518198027,0.0,0.0,0.0,107.7230515053943
2024-03-09 22:00:00,147.9143484980582,17.524017252659657,526.0709746200431,0.0,0.0,0.0,130.39033124539853
2024-03-09 23:00:00,47.332591519378624,6.929848693871212,483.4827442711663,0.0,0.0,0.0,40.40274282550741
2024-03-10 00:00:00,47.33259151937862,0.23851987339229905,433.84123404034244,0.0,0.0,0.0,47.09407164598632
2024-03-10 01:00:00,47.33259151937862,0.8084798519719975,384.80051437866945,0.0,0.0,0.0,46.52411166740662
2024-03-10 02:00:00,47.33259151937862,2.485434154794054,337.5274597599756,0.0,0.0,0.0,44.84715736458456
2024-03-10 03:00:00,47.33259151937862,6.929848693871212,294.93922941109884,0.0,0.0,0.0,40.4027428255074
2024-03-10 04:00:00,47.33259151937862,17.524017252659657,263.5182332493937,0.0,0.0,0.0,29.80857426671896
2024-03-10 05:00:00,47.33259151937862,40.191296992663894,255.9906478672228,0.0,0.0,0.0,7.141294526714724
2024-03-10 06:00:00,177.4972181976698,83.60241058863618,157.01683036460446,0.0,0.0,0.0,93.89480760903363
2024-03-10 07:00:00,591.6573939922328,157.722629286522,60.0,341.8965181090106,0.0,0.0,92.03824659670019
2024-03-10 08:00:00,591.6573939922328,269.8718871804607,60.0,321.78550681177205,0.0,0.0,0.0
2024-03-10 09:00:00,591.6573939922328,418.80293180745747,60.0,172.8544621847753,0.0,0.0,0.0
2024-03-10 10:00:00,473.3259151937862,589.4543947959032,170.16914902652817,0.0,0.0,116.12847960211701,0.0
2024-03-10 11:00:00,473.3259151937862,752.4525810843858,434.971954997466,0.0,0.0,279.12666589059955,0.0
2024-03-10 12:00:00,473.3259151937862,871.1571230727526,812.3877773555034,0.0,0.0,397.8312078789664,0.0
2024-03-10 13:00:00,473.3259151937862,914.7497032258065,1180.1090190985744,0.0,53.81156538752367,387.61222264449657,0.0
2024-03-10 14:00:00,473.3259151937862,871.1571230727526,1198.9792604615986,0.0,377.9402269775408,19.890980901425564,0.0
2024-03-10 15:00:00,473.3259151937862,752.4525810843858,1199.9476190133398,0.0,278.1059263521982,1.020739538401358,0.0
2024-03-10 16:00:00,473.3259151937862,589.4543947959032,1199.9973119805197,0.0,116.07609861545683,0.052380986660182316,0.0
2024-03-10 17:00:00,473.3259151937862,418.80293180745747,1142.5250412044134,0.0,0.0,0.0,54.52298338632875
2024-03-10 18:00:00,354.9944363953396,269.8718871804607,1052.7979959514817,0.0,0.0,0.0,85.12254921487892
2024-03-10 19:00:00,354.9944363953396,157.722629286522,844.8552530843951,0.0,0.0,0.0,197.27180710881763
2024-03-10 20:00:00,147.9143484980582,83.60241058863618,777.0645182400281,0.0,0.0,0.0,64.31193790942201
2024-03-10 21:00:00,147.9143484980582,40.191296992663894,663.5144518198027,0.0,0.0,0.0,107.7230515053943
2024-03-10 22:00:00,147.9143484980582,17.524017252659657,526.0709746200431,0.0,0.0,0.0,130.39033124539853
2024-03-10 23:00:00,47.33259151937862,6.929848693871212,483.4827442711663,0.0,0.0,0.0,40.4027428255074
2024-03-11 00:00:00,47.33259151937862,0.23851987339229905,433.84123404034244,0.0,0.0,0.0,47.09407164598632
2024-03-11 01:00:00,47.33259151937862,0.8084798519719975,384.80051437866945,0.0,0.0,0.0,46.52411166740662
2024-03-11 02:00:00,47.33259151937862,2.485434154794054,337.5274597599756,0.0,0.0,0.0,44.84715736458456
2024-03-11 03:00:00,47.33259151937862,6.929848693871212,294.93922941109884,0.0,0.0,0.0,40.4027428255074
2024-03-11 04:00:00,47.33259151937862,17.524017252659657,263.5182332493937,0.0,0.0,0.0,29.80857426671896
2024-03-11 05:00:00,47.33259151937862,40.191296992663894,255.9906478672228,0.0,0.0,0.0,7.141294526714724
2024-03-11 06:00:00,177.4972181976698,83.60241058863618,157.01683036460446,0.0,0.0,0.0,93.89480760903363
2024-03-11 07:00:00,591.6573939922328,157.722629286522,60.0,341.8965181090106,0.0,0.0,92.03824659670019
2024-03-11 08:00:00,591.6573939922328,269.8718871804607,60.0,321.78550681177205,0.0,0.0,0.0
2024-03-11 09:00:00,591.6573939922328,418.80293180745747,60.0,172.8544621847753,0.0,0.0,0.0
2024-03-11 10:00:00,473.3259151937862,589.4543947959032,170.16914902652817,0.0,0.0,116.12847960211701,0.0
2024-03-11 11:00:00,473.3259151937862,752.4525810843858,434.971954997466,0.0,0.0,279.12666589059955,0.0
2024-03-11 12:00:00,473.3259151937862,871.1571230727526,812.3877773555034,0.0,0.0,397.8312078789664,0.0
2024-03-11 13:00:00,473.3259151937862,914.7497032258065,1180.1090190985744,0.0,53.81156538752367,387.61222264449657,0.0
2024-03-11 14:00:00,473.3259151937862,871.1571230727526,1198.9792604615986,0.0,377.9402269775408,19.890980901425564,0.0
2024-03-11 15:00:00,473.3259151937862,752.4525810843858,1199.9476190133398,0.0,278.1059263521982,1.020739538401358,0.0
2024-03-11 16:00:00,473.3259151937862,589.4543947959032,1199.9973119805197,0.0,116.07609861545683,0.052380986660182316,0.0
2024-03-11 17:00:00,473.3259151937862,418.80293180745747,1142.5250412044134,0.0,0.0,0.0,54.52298338632875
2024-03-11 18:00:00,354.9944363953396,269.8718871804607,1052.7979959514817,0.0,0.0,0.0,85.12254921487892
2024-03-11 19:00:00,354.9944363953396,157.722629286522,844.8552530843951,0.0,0.0,0.0,197.27180710881763
2024-03-11 20:00:00,147.9143484980582,83.60241058863618,777.0645182400281,0.0,0.0,0.0,64.31193790942201
2024-03-11 21:00:00,147.9143484980582,40.191296992663894,663.5144518198027,0.0,0.0,0.0,107.7230515053943
2024-03-11 22:00:00,147.9143484980582,17.524017252659657,526.0709746200431,0.0,0.0,0.0,130.39033124539853
2024-03-11 23:00:00,47.33259151937862,6.929848693871212,483.4827442711663,0.0,0.0,0.0,40.4027428255074
2024-03-12 00:00:00,47.33259151937862,0.23851987339229905,433.84123404034244,0.0,0.0,0.0,47.09407164598632
2024-03-12 01:00:00,47.33259151937862,0.8084798519719975,384.80051437866945,0.0,0.0,0.0,46.52411166740662
2024-03-12 02:00:00,47.33259151937862,2.485434154794054,337.5274597599756,0.0,0.0,0.0,44.84715736458456
2024-03-12 03:00:00,47.33259151937862,6.929848693871212,294.93922941109884,0.0,0.0,0.0,40.4027428255074
2024-03-12 04:00:00,47.33259151937862,17.524017252659657,263.5182332493937,0.0,0.0,0.0,29.80857426671896
2024-03-12 05:00:00,47.33259151937862,40.191296992663894,255.9906478672228,0.0,0.0,0.0,7.141294526714724
2024-03-12 06:00:00,177.4972181976698,83.60241058863618,157.01683036460446,0.0,0.0,0.0,93.89480760903363
2024-03-12 07:00:00,591.6573939922328,157.722629286522,60.0,341.8965181090106,0.0,0.0,92.03824659670019
2024-03-12 08:00:00,591.6573939922328,269.8718871804607,60.0,321.78550681177205,0.0,0.0,0.0
2024-03-12 09:00:00,591.6573939922328,418.80293180745747,60.0,172.8544621847753,0.0,0.0,0.0
2024-03-12 10:00:00,473.3259151937862,589.4543947959032,170.16914902652817,0.0,0.0,116.12847960211701,0.0
2024-03-12 11:00:00,473.3259151937862,752.4525810843858,434.971954997466,0.0,0.0,279.12666589059955,0.0
2024-03-12 12:00:00,473.3259151937862,871.1571230727526,812.3877773555034,0.0,0.0,397.8312078789664,0.0
2024-03-12 13:00:00,473.3259151937862,914.7497032258065,1180.1090190985744,0.0,53.81156538752367,387.61222264449657,0.0
2024-03-12 14:00:00,473.3259151937862,871.1571230727526,1198.9792604615986,0.0,377.9402269775408,19.890980901425564,0.0
2024-03-12 15:00:00,473.3259151937862,752.4525810843858,1199.9476190133398,0.0,278.1059263521982,1.020739538401358,0.0
2024-03-12 16:00:00,473.3259151937862,589.4543947959032,1199.9973119805197,0.0,116.07609861545683,0.052380986660182316,0.0
2024-03-12 17:00:00,473.3259151937862,418.80293180745747,1142.5250412044134,0.0,0.0,0.0,54.52298338632875
2024-03-12 18:00:00,354.9944363953396,269.8718871804607,1052.7979959514817,0.0,0.0,0.0,85.12254921487892
2024-03-12 19:00:00,354.9944363953396,157.722629286522,844.8552530843951,0.0,0.0,0.0,197.27180710881763
2024-03-12 20:00:00,147.9143484980582,83.60241058863618,777.0645182400281,0.0,0.0,0.0,64.31193790942201
2024-03-12 21:00:00,147.9143484980582,40.191296992663894,663.5144518198027,0.0,0.0,0.0,107.7230515053943
2024-03-12 22:00:00,147.9143484980582,17.524017252659657,526.0709746200431,0.0,0.0,0.0,130.39033124539853
2024-03-12 23:00:00,47.33259151937862,6.929848693871212,483.4827442711663,0.0,0.0,0.0,40.4027428255074
2024-03-13 00:00:00,47.33259151937862,0.23851987339229905,433.84123404034244,0.0,0.0,0.0,47.09407164598632
2024-03-13 01:00:00,47.33259151937862,0.8084798519719975,384.80051437866945,0.0,0.0,0.0,46.52411166740662
2024-03-13 02:00:00,47.33259151937862,2.485434154794054,337.5274597599756,0.0,0.0,0.0,44.84715736458456
2024-03-13 03:00:00,47.33259151937862,6.929848693871212,294.93922941109884,0.0,0.0,0.0,40.4027428255074
2024-03-13 04:00:00,47.33259151937862,17.524017252659657,263.5182332493937,0.0,0.0,0.0,29.80857426671896
2024-03-13 05:00:00,47.33259151937862,40.191296992663894,255.9906478672228,0.0,0.0,0.0,7.141294526714724
2024-03-13 06:00:00,177.4972181976698,83.60241058863618,157.01683036460446,0.0,0.0,0.0,93.89480760903363
2024-03-13 07:00:00,591.6573939922328,157.722629286522,60.0,341.8965181090106,0.0,0.0,92.03824659670019
2024-03-13 08:00:00,591.6573939922328,269.8718871804607,60.0,321.78550681177205,0.0,0.0,0.0
2024-03-13 09:00:00,591.6573939922328,418.80293180745747,60.0,172.8544621847753,0.0,0.0,0.0
2024-03-13 10:00:00,473.3259151937862,589.4543947959032,170.16914902652817,0.0,0.0,116.12847960211701,0.0
2024-03-13 11:00:00,473.3259151937862,752.4525810843858,434.971954997466,0.0,0.0,279.12666589059955,0.0
2024-03-13 12:00:00,473.3259151937862,871.1571230727526,812.3877773555034,0.0,0.0,397.8312078789664,0.0
2024-03-13 13:00:00,473.3259151937862,914.7497032258065,1180.1090190985744,0.0,53.81156538752367,387.61222264449657,0.0
2024-03-13 14:00:00,473.3259151937862,871.1571230727526,1198.9792604615986,0.0,377.9402269775408,19.890980901425564,0.0
2024-03-13 15:00:00,473.3259151937862,752.4525810843858,1199.9476190133398,0.0,278.1059263521982,1.020739538401358,0.0
2024-03-13 16:00:00,473.3259151937862,589.4543947959032,1199.9973119805197,0.0,116.07609861545683,0.052380986660182316,0.0
2024-03-13 17:00:00,473.3259151937862,418.80293180745747,1142.5250412044134,0.0,0.0,0.0,54.52298338632875
2024-03-13 18:00:00,354.9944363953396,269.8718871804607,1052.7979959514817,0.0,0.0,0.0,85.12254921487892
2024-03-13 19:00:00,354.9944363953396,157.722629286522,844.8552530843951,0.0,0.0,0.0,197.27180710881763
2024-03-13 20:00:00,147.9143484980582,83.60241058863618,777.0645182400281,0.0,0.0,0.0,64.31193790942201
2024-03-13 21:00:00,147.9143484980582,40.191296992663894,663.5144518198027,0.0,0.0,0.0,107.7230515053943
2024-03-13 22:00:00,147.9143484980582,17.524017252659657,526.0709746200431,0.0,0.0,0.0,130.39033124539853
2024-03-13 23:00:00,47.33259151937862,6.929848693871212,483.4827442711663,0.0,0.0,0.0,40.4027428255074
2024-03-14 00:00:00,47.33259151937862,0.23851987339229905,433.84123404034244,0.0,0.0,0.0,47.09407164598632
2024-03-14 01:00:00,47.33259151937862,0.8084798519719975,384.80051437866945,0.0,0.0,0.0,46.52411166740662
2024-03-14 02:00:00,47.33259151937862,2.485434154794054,337.5274597599756,0.0,0.0,0.0,44.84715736458456
2024-03-14 03:00:00,47.33259151937862,6.929848693871212,294.93922941109884,0.0,0.0,0.0,40.4027428255074
2024-03-14 04:00:00,47.33259151937862,17.524017252659657,263.5182332493937,0.0,0.0,0.0,29.80857426671896
2024-03-14 05:00:00,47.33259151937862,40.191296992663894,255.9906478672228,0.0,0.0,0.0,7.141294526714724
2024-03-14 06:00:00,177.4972181976698,83.60241058863618,157.01683036460446,0.0,0.0,0.0,93.89480760903363
2024-03-14 07:00:00,591.6573939922328,157.722629286522,60.0,341.8965181090106,0.0,0.0,92.03824659670019
2024-03-14 08:00:00,591.6573939922328,269.8718871804607,60.0,321.78550681177205,0.0,0.0,0.0
2024-03-14 09:00:00,591.6573939922328,418.80293180745747,60.0,172.8544621847753,0.0,0.0,0.0
2024-03-14 10:00:00,473.3259151937862,589.4543947959032,170.16914902652817,0.0,0.0,116.12847960211701,0.0
2024-03-14 11:00:00,473.3259151937862,752.4525810843858,434.971954997466,0.0,0.0,279.12666589059955,0.0
2024-03-14 12:00:00,473.3259151937862,871.1571230727526,812.3877773555034,0.0,0.0,397.8312078789664,0.0
2024-03-14 13:00:00,473.3259151937862,914.7497032258065,1180.1090190985744,0.0,53.81156538752367,387.61222264449657,0.0
2024-03-14 14:00:00,473.3259151937862,871.1571230727526,1198.9792604615986,0.0,377.9402269775408,19.890980901425564,0.0
2024-03-14 15:00:00,473.3259151937862,752.4525810843858,1199.9476190133398,0.0,278.1059263521982,1.020739538401358,0.0
2024-03-14 16:00:00,473.3259151937862,589.4543947959032,1199.9973119805197,0.0,116.07609861545683,0.052380986660182316,0.0
2024-03-14 17:00:00,473.3259151937862,418.80293180745747,1142.5250412044134,0.0,0.0,0.0,54.52298338632875
2024-03-14 18:00:00,354.9944363953396,269.8718871804607,1052.7979959514817,0.0,0.0,0.0,85.12254921487892
2024-03-14 19:00:00,354.9944363953396,157.722629286522,844.8552530843951,0.0,0.0,0.0,197.27180710881763
2024-03-14 20:00:00,147.9143484980582,83.60241058863618,777.0645182400281,0.0,0.0,0.0,64.31193790942201
2024-03-14 21:00:00,147.9143484980582,40.191296992663894,663.5144518198027,0.0,0.0,0.0,107.7230515053943
2024-03-14 22:00:00,147.9143484980582,17.524017252659657,526.0709746200431,0.0,0.0,0.0,130.39033124539853
2024-03-14 23:00:00,47.33259151937862,6.929848693871212,483.4827442711663,0.0,0.0,0.0,40.4027428255074
2024-03-15 00:00:00,47.332591519378624,0.23851987339229905,433.84123404034244,0.0,0.0,0.0,47.094071645986325
2024-03-15 01:00:00,47.332591519378624,0.8084798519719975,384.80051437866945,0.0,0.0,0.0,46.52411166740663
2024-03-15 02:00:00,47.332591519378624,2.485434154794054,337.5274597599756,0.0,0.0,0.0,44.84715736458457
2024-03-15 03:00:00,47.332591519378624,6.929848693871212,294.93922941109884,0.0,0.0,0.0,40.40274282550741
2024-03-15 04:00:00,47.332591519378624,17.524017252659657,263.5182332493937,0.0,0.0,0.0,29.808574266718967
2024-03-15 05:00:00,47.332591519378624,40.191296992663894,255.99064786722278,0.0,0.0,0.0,7.141294526714731
2024-03-15 06:00:00,177.4972181976698,83.60241058863618,157.01683036460443,0.0,0.0,0.0,93.89480760903363
2024-03-15 07:00:00,591.6573939922328,157.722629286522,60.0,341.89651810901063,0.0,0.0,92.03824659670016
2024-03-15 08:00:00,591.6573939922328,269.8718871804607,60.0,321.78550681177205,0.0,0.0,0.0
2024-03-15 09:00:00,591.6573939922328,418.80293180745747,60.0,172.8544621847753,0.0,0.0,0.0
2024-03-15 10:00:00,473.3259151937862,589.4543947959032,170.16914902652817,0.0,0.0,116.12847960211701,0.0
2024-03-15 11:00:00,473.3259151937862,752.4525810843858,434.971954997466,0.0,0.0,279.12666589059955,0.0
2024-03-15 12:00:00,473.3259151937862,871.1571230727526,812.3877773555034,0.0,0.0,397.8312078789664,0.0
2024-03-15 13:00:00,473.3259151937862,914.7497032258065,1180.1090190985744,0.0,53.81156538752367,387.61222264449657,0.0
2024-03-15 14:00:00,473.3259151937862,871.1571230727526,1198.9792604615986,0.0,377.9402269775408,19.890980901425564,0.0
2024-03-15 15:00:00,473.3259151937862,752.4525810843858,1199.9476190133398,0.0,278.1059263521982,1.020739538401358,0.0
2024-03-15 16:00:00,473.3259151937862,589.4543947959032,1199.9973119805197,0.0,116.07609861545683,0.052380986660182316,0.0
2024-03-15 17:00:00,473.3259151937862,418.80293180745747,1142.5250412044134,0.0,0.0,0.0,54.52298338632875
2024-03-15 18:00:00,354.9944363953396,269.8718871804607,1052.7979959514817,0.0,0.0,0.0,85.12254921487892
2024-03-15 19:00:00,354.9944363953396,157.722629286522,844.8552530843951,0.0,0.0,0.0,197.27180710881763
2024-03-15 20:00:00,147.9143484980582,83.60241058863618,777.0645182400281,0.0,0.0,0.0,64.31193790942201
2024-03-15 21:00:00,147.9143484980582,40.191296992663894,663.5144518198027,0.0,0.0,0.0,107.7230515053943
2024-03-15 22:00:00,147.9143484980582,17.524017252659657,526.0709746200431,0.0,0.0,0.0,130.39033124539853
2024-03-15 23:00:00,47.332591519378624,6.929848693871212,483.4827442711663,0.0,0.0,0.0,40.40274282550741
2024-03-16 00:00:00,47.332591519378624,0.23851987339229905,433.84123404034244,0.0,0.0,0.0,47.094071645986325
2024-03-16 01:00:00,47.332591519378624,0.8084798519719975,384.80051437866945,0.0,0.0,0.0,46.52411166740663
2024-03-16 02:00:00,47.332591519378624,2.485434154794054,337.5274597599756,0.0,0.0,0.0,44.84715736458457
2024-03-16 03:00:00,47.332591519378624,6.929848693871212,294.93922941109884,0.0,0.0,0.0,40.40274282550741
2024-03-16 04:00:00,47.332591519378624,17.524017252659657,263.5182332493937,0.0,0.0,0.0,29.808574266718967
2024-03-16 05:00:00,47.332591519378624,40.191296992663894,255.99064786722278,0.0,0.0,0.0,7.141294526714731
2024-03-16 06:00:00,177.4972181976698,83.60241058863618,157.01683036460443,0.0,0.0,0.0,93.89480760903363
2024-03-16 07:00:00,591.6573939922328,157.722629286522,60.0,341.89651810901063,0.0,0.0,92.03824659670016
2024-03-16 08:00:00,591.6573939922328,269.8718871804607,60.0,321.78550681177205,0.0,0.0,0.0
2024-03-16 09:00:00,591.6573939922328,418.80293180745747,60.0,172.8544621847753,0.0,0.0,0.0
2024-03-16 10:00:00,473.3259151937862,589.4543947959032,170.16914902652817,0.0,0.0,116.12847960211701,0.0
2024-03-16 11:00:00,473.3259151937862,752.4525810843858,434.971954997466,0.0,0.0,279.12666589059955,0.0
2024-03-16 12:00:00,473.3259151937862,871.1571230727526,812.3877773555034,0.0,0.0,397.8312078789664,0.0
2024-03-16 13:00:00,473.3259151937862,914.7497032258065,1180.1090190985744,0.0,53.81156538752367,387.61222264449657,0.0
2024-03-16 14:00:00,473.3259151937862,871.1571230727526,1198.9792604615986,0.0,377.9402269775408,19.890980901425564,0.0
2024-03-16 15:00:00,473.3259151937862,752.4525810843858,1199.9476190133398,0.0,278.1059263521982,1.020739538401358,0.0
2024-03-16 16:00:00,473.3259151937862,589.4543947959032,1199.9973119805197,0.0,116.07609861545683,0.052380986660182316,0.0
2024-03-16 17:00:00,473.3259151937862,418.80293180745747,1142.5250412044134,0.0,0.0,0.0,54.52298338632875
2024-03-16 18:00:00,354.9944363953396,269.8718871804607,1052.7979959514817,0.0,0.0,0.0,85.12254921487892
2024-03-16 19:00:00,354.9944363953396,157.722629286522,844.8552530843951,0.0,0.0,0.0,197.27180710881763
2024-03-16 20:00:00,147.9143484980582,83.60241058863618,777.0645182400281,0.0,0.0,0.0,64.31193790942201
2024-03-16 21:00:00,147.9143484980582,40.191296992663894,663.5144518198027,0.0,0.0,0.0,107.7230515053943
2024-03-16 22:00:00,147.9143484980582,17.524017252659657,526.0709746200431,0.0,0.0,0.0,130.39033124539853
2024-03-16 23:00:00,47.332591519378624,6.929848693871212,483.4827442711663,0.0,0.0,0.0,40.40274282550741
2024-03-17 00:00:00,47.33259151937862,0.23851987339229905,433.84123404034244,0.0,0.0,0.0,47.09407164598632
2024-03-17 01:00:00,47.33259151937862,0.8084798519719975,384.80051437866945,0.0,0.0,0.0,46.52411166740662
2024-03-17 02:00:00,47.33259151937862,2.485434154794054,337.5274597599756,0.0,0.0,0.0,44.84715736458456
2024-03-17 03:00:00,47.33259151937862,6.929848693871212,294.93922941109884,0.0,0.0,0.0,40.4027428255074
2024-03-17 04:00:00,47.33259151937862,17.524017252659657,263.5182332493937,0.0,0.0,0.0,29.80857426671896
2024-03-17 05:00:00,47.33259151937862,40.191296992663894,255.9906478672228,0.0,0.0,0.0,7.141294526714724
2024-03-17 06:00:00,177.4972181976698,83.60241058863618,157.01683036460446,0.0,0.0,0.0,93.89480760903363
2024-03-17 07:00:00,591.6573939922328,157.722629286522,60.0,341.8965181090106,0.0,0.0,92.03824659670019
2024-03-17 08:00:00,591.6573939922328,269.8718871804607,60.0,321.78550681177205,0.0,0.0,0.0
2024-03-17 09:00:00,591.6573939922328,418.80293180745747,60.0,172.8544621847753,0.0,0.0,0.0
2024-03-17 10:00:00,473.3259151937862,589.4543947959032,170.16914902652817,0.0,0.0,116.12847960211701,0.0
2024-03-17 11:00:00,473.3259151937862,752.4525810843858,434.971954997466,0.0,0.0,279.12666589059955,0.0
2024-03-17 12:00:00,473.3259151937862,871.1571230727526,812.3877773555034,0.0,0.0,397.8312078789664,0.0
2024-03-17 13:00:00,473.3259151937862,914.7497032258065,1180.1090190985744,0.0,53.81156538752367,387.61222264449657,0.0
2024-03-17 14:00:00,473.3259151937862,871.1571230727526,1198.9792604615986,0.0,377.9402269775408,19.890980901425564,0.0
2024-03-17 15:00:00,473.3259151937862,752.4525810843858,1199.9476190133398,0.0,278.1059263521982,1.020739538401358,0.0
2024-03-17 16:00:00,473.3259151937862,589.4543947959032,1199.9973119805197,0.0,116.07609861545683,0.052380986660182316,0.0
2024-03-17 17:00:00,473.3259151937862,418.80293180745747,1142.5250412044134,0.0,0.0,0.0,54.52298338632875
2024-03-17 18:00:00,354.9944363953396,269.8718871804607,1052.7979959514817,0.0,0.0,0.0,85.12254921487892
2024-03-17 19:00:00,354.9944363953396,157.722629286522,844.8552530843951,0.0,0.0,0.0,197.27180710881763
2024-03-17 20:00:00,147.9143484980582,83.60241058863618,777.0645182400281,0.0,0.0,0.0,64.31193790942201
2024-03-17 21:00:00,147.9143484980582,40.191296992663894,663.5144518198027,0.0,0.0,0.0,107.7230515053943
2024-03-17 22:00:00,147.9143484980582,17.524017252659657,526.0709746200431,0.0,0.0,0.0,130.39033124539853
2024-03-17 23:00:00,47.33259151937862,6.929848693871212,483.4827442711663,0.0,0.0,0.0,40.4027428255074
2024-03-18 00:00:00,47.33259151937862,0.23851987339229905,433.84123404034244,0.0,0.0,0.0,47.09407164598632
2024-03-18 01:00:00,47.33259151937862,0.8084798519719975,384.80051437866945,0.0,0.0,0.0,46.52411166740662
2024-03-18 02:00:00,47.33259151937862,2.485434154794054,337.5274597599756,0.0,0.0,0.0,44.84715736458456
2024-03-18 03:00:00,47.33259151937862,6.929848693871212,294.93922941109884,0.0,0.0,0.0,40.4027428255074
2024-03-18 04:00:00,47.33259151937862,17.524017252659657,263.5182332493937,0.0,0.0,0.0,29.80857426671896
2024-03-18 05:00:00,47.33259151937862,40.191296992663894,255.9906478672228,0.0,0.0,0.0,7.141294526714724
2024-03-18 06:00:00,177.4972181976698,83.60241058863618,157.01683036460446,0.0,0.0,0.0,93.89480760903363
2024-03-18 07:00:00,591.6573939922328,157.722629286522,60.0,341.8965181090106,0.0,0.0,92.03824659670019
2024-03-18 08:00:00,591.6573939922328,269.8718871804607,60.0,321.78550681177205,0.0,0.0,0.0
2024-03-18 09:00:00,591.6573939922328,418.80293180745747,60.0,172.8544621847753,0.0,0.0,0.0
2024-03-18 10:00:00,473.3259151937862,589.4543947959032,170.16914902652817,0.0,0.0,116.12847960211701,0.0
2024-03-18 11:00:00,473.3259151937862,752.4525810843858,434.971954997466,0.0,0.0,279.12666589059955,0.0
2024-03-18 12:00:00,473.3259151937862,871.1571230727526,812.3877773555034,0.0,0.0,397.8312078789664,0.0
2024-03-18 13:00:00,473.3259151937862,914.7497032258065,1180.1090190985744,0.0,53.81156538752367,387.61222264449657,0.0
2024-03-18 14:00:00,473.3259151937862,871.1571230727526,1198.9792604615986,0.0,377.9402269775408,19.890980901425564,0.0
2024-03-18 15:00:00,473.3259151937862,752.4525810843858,1199.9476190133398,0.0,278.1059263521982,1.020739538401358,0.0
2024-03-18 16:00:00,473.3259151937862,589.4543947959032,1199.9973119805197,0.0,116.07609861545683,0.052380986660182316,0.0
2024-03-18 17:00:00,473.3259151937862,418.80293180745747,1142.5250412044134,0.0,0.0,0.0,54.52298338632875
2024-03-18 18:00:00,354.9944363953396,269.8718871804607,1052.7979959514817,0.0,0.0,0.0,85.12254921487892
2024-03-18 19:00:00,354.9944363953396,157.722629286522,844.8552530843951,0.0,0.0,0.0,197.27180710881763
2024-03-18 20:00:00,147.9143484980582,83.60241058863618,777.0645182400281,0.0,0.0,0.0,64.31193790942201
2024-03-18 21:00:00,147.9143484980582,40.191296992663894,663.5144518198027,0.0,0.0,0.0,107.7230515053943
2024-03-18 22:00:00,147.9143484980582,17.524017252659657,526.0709746200431,0.0,0.0,0.0,130.39033124539853
2024-03-18 23:00:00,47.33259151937862,6.929848693871212,483.4827442711663,0.0,0.0,0.0,40.4027428255074
2024-03-19 00:00:00,47.33259151937862,0.23851987339229905,433.84123404034244,0.0,0.0,0.0,47.09407164598632
2024-03-19 01:00:00,47.33259151937862,0.8084798519719975,384.80051437866945,0.0,0.0,0.0,46.52411166740662
2024-03-19 02:00:00,47.33259151937862,2.485434154794054,337.5274597599756,0.0,0.0,0.0,44.84715736458456
2024-03-19 03:00:00,47.33259151937862,6.929848693871212,294.93922941109884,0.0,0.0,0.0,40.4027428255074
2024-03-19 04:00:00,47.33259151937862,17.524017252659657,263.5182332493937,0.0,0.0,0.0,29.80857426671896
2024-03-19 05:00:00,47.33259151937862,40.191296992663894,255.9906478672228,0.0,0.0,0.0,7.141294526714724
2024-03-19 06:00:00,177.4972181976698,83.60241058863618,157.01683036460446,0.0,0.0,0.0,93.89480760903363
2024-03-19 07:00:00,591.6573939922328,157.722629286522,60.0,341.8965181090106,0.0,0.0,92.03824659670019
2024-03-19 08:00:00,591.6573939922328,269.8718871804607,60.0,321.78550681177205,0.0,0.0,0.0
2024-03-19 09:00:00,591.6573939922328,418.80293180745747,60.0,172.8544621847753,0.0,0.0,0.0
2024-03-19 10:00:00,473.3259151937862,589.4543947959032,170.16914902652817,0.0,0.0,116.12847960211701,0.0
2024-03-19 11:00:00,473.3259151937862,752.4525810843858,434.971954997466,0.0,0.0,279.12666589059955,0.0
2024-03-19 12:00:00,473.3259151937862,871.1571230727526,812.3877773555034,0.0,0.0,397.8312078789664,0.0
2024-03-19 13:00:00,473.3259151937862,914.7497032258065,1180.1090190985744,0.0,53.81156538752367,387.61222264449657,0.0
2024-03-19 14:00:00,473.3259151937862,871.1571230727526,1198.9792604615986,0.0,377.9402269775408,19.890980901425564,0.0
2024-03-19 15:00:00,473.3259151937862,752.4525810843858,1199.9476190133398,0.0,278.1059263521982,1.020739538401358,0.0
2024-03-19 16:00:00,473.3259151937862,589.4543947959032,1199.9973119805197,0.0,116.07609861545683,0.052380986660182316,0.0
2024-03-19 17:00:00,473.3259151937862,418.80293180745747,1142.5250412044134,0.0,0.0,0.0,54.52298338632875
2024-03-19 18:00:00,354.9944363953396,269.8718871804607,1052.7979959514817,0.0,0.0,0.0,85.12254921487892
2024-03-19 19:00:00,354.9944363953396,157.722629286522,844.8552530843951,0.0,0.0,0.0,197.27180710881763
2024-03-19 20:00:00,147.9143484980582,83.60241058863618,777.0645182400281,0.0,0.0,0.0,64.31193790942201
2024-03-19 21:00:00,147.9143484980582,40.191296992663894,663.5144518198027,0.0,0.0,0.0,107.7230515053943
2024-03-19 22:00:00,147.9143484980582,17.524017252659657,526.0709746200431,0.0,0.0,0.0,130.39033124539853
2024-03-19 23:00:00,47.33259151937862,6.929848693871212,483.4827442711663,0.0,0.0,0.0,40.4027428255074
2024-03-20 00:00:00,47.33259151937862,0.23851987339229905,433.84123404034244,0.0,0.0,0.0,47.09407164598632
2024-03-20 01:00:00,47.33259151937862,0.8084798519719975,384.80051437866945,0.0,0.0,0.0,46.52411166740662
2024-03-20 02:00:00,47.33259151937862,2.485434154794054,337.5274597599756,0.0,0.0,0.0,44.84715736458456
2024-03-20 03:00:00,47.33259151937862,6.929848693871212,294.93922941109884,0.0,0.0,0.0,40.4027428255074
2024-03-20 04:00:00,47.33259151937862,17.524017252659657,263.5182332493937,0.0,0.0,0.0,29.80857426671896
2024-03-20 05:00:00,47.33259151937862,40.191296992663894,255.9906478672228,0.0,0.0,0.0,7.141294526714724
2024-03-20 06:00:00,177.4972181976698,83.60241058863618,157.01683036460446,0.0,0.0,0.0,93.89480760903363
2024-03-20 07:00:00,591.6573939922328,157.722629286522,60.0,341.8965181090106,0.0,0.0,92.03824659670019
2024-03-20 08:00:00,591.6573939922328,269.8718871804607,60.0,321.78550681177205,0.0,0.0,0.0
2024-03-20 09:00:00,591.6573939922328,418.80293180745747,60.0,172.8544621847753,0.0,0.0,0.0
2024-03-20 10:00:00,473.3259151937862,589.4543947959032,170.16914902652817,0.0,0.0,116.12847960211701,0.0
2024-03-20 11:00:00,473.3259151937862,752.4525810843858,434.971954997466,0.0,0.0,279.12666589059955,0.0
2024-03-20 12:00:00,473.3259151937862,871.1571230727526,812.3877773555034,0.0,0.0,397.8312078789664,0.0
2024-03-20 13:00:00,473.3259151937862,914.7497032258065,1180.1090190985744,0.0,53.81156538752367,387.61222264449657,0.0
2024-03-20 14:00:00,473.3259151937862,871.1571230727526,1198.9792604615986,0.0,377.9402269775408,19.890980901425564,0.0
2024-03-20 15:00:00,473.3259151937862,752.4525810843858,1199.9476190133398,0.0,278.1059263521982,1.020739538401358,0.0
2024-03-20 16:00:00,473.3259151937862,589.4543947959032,1199.9973119805197,0.0,116.07609861545683,0.052380986660182316,0.0
2024-03-20 17:00:00,473.3259151937862,418.80293180745747,1142.5250412044134,0.0,0.0,0.0,54.52298338632875
2024-03-20 18:00:00,354.9944363953396,269.8718871804607,1052.7979959514817,0.0,0.0,0.0,85.12254921487892
2024-03-20 19:00:00,354.9944363953396,157.722629286522,844.8552530843951,0.0,0.0,0.0,197.27180710881763
2024-03-20 20:00:00,147.9143484980582,83.60241058863618,777.0645182400281,0.0,0.0,0.0,64.31193790942201
2024-03-20 21:00:00,147.9143484980582,40.191296992663894,663.5144518198027,0.0,0.0,0.0,107.7230515053943
2024-03-20 22:00:00,147.9143484980582,17.524017252659657,526.0709746200431,0.0,0.0,0.0,130.39033124539853
2024-03-20 23:00:00,47.33259151937862,6.929848693871212,483.4827442711663,0.0,0.0,0.0,40.4027428255074
2024-03-21 00:00:00,47.33259151937862,0.23851987339229905,433.84123404034244,0.0,0.0,0.0,47.09407164598632
2024-03-21 01:00:00,47.33259151937862,0.8084798519719975,384.80051437866945,0.0,0.0,0.0,46.52411166740662
2024-03-21 02:00:00,47.33259151937862,2.485434154794054,337.5274597599756,0.0,0.0,0.0,44.84715736458456
2024-03-21 03:00:00,47.33259151937862,6.929848693871212,294.93922941109884,0.0,0.0,0.0,40.4027428255074
2024-03-21 04:00:00,47.33259151937862,17.524017252659657,263.5182332493937,0.0,0.0,0.0,29.80857426671896
2024-03-21 05:00:00,47.33259151937862,40.191296992663894,255.9906478672228,0.0,0.0,0.0,7.141294526714724
2024-03-21 06:00:00,177.4972181976698,83.60241058863618,157.01683036460446,0.0,0.0,0.0,93.89480760903363
2024-03-21 07:00:00,591.6573939922328,157.722629286522,60.0,341.8965181090106,0.0,0.0,92.03824659670019
2024-03-21 08:00:00,591.6573939922328,269.8718871804607,60.0,321.78550681177205,0.0,0.0,0.0
2024-03-21 09:00:00,591.6573939922328,418.80293180745747,60.0,172.8544621847753,0.0,0.0,0.0
2024-03-21 10:00:00,473.3259151937862,589.4543947959032,170.16914902652817,0.0,0.0,116.12847960211701,0.0
2024-03-21 11:00:00,473.3259151937862,752.4525810843858,434.971954997466,0.0,0.0,279.12666589059955,0.0
2024-03-21 12:00:00,473.3259151937862,871.1571230727526,812.3877773555034,0.0,0.0,397.8312078789664,0.0
2024-03-21 13:00:00,473.3259151937862,914.7497032258065,1180.1090190985744,0.0,53.81156538752367,387.61222264449657,0.0
2024-03-21 14:00:00,473.3259151937862,871.1571230727526,1198.9792604615986,0.0,377.9402269775408,19.890980901425564,0.0
2024-03-21 15:00:00,473.3259151937862,752.4525810843858,1199.9476190133398,0.0,278.1059263521982,1.020739538401358,0.0
2024-03-21 16:00:00,473.3259151937862,589.4543947959032,1199.9973119805197,0.0,116.07609861545683,0.052380986660182316,0.0
2024-03-21 17:00:00,473.3259151937862,418.80293180745747,1142.5250412044134,0.0,0.0,0.0,54.52298338632875
2024-03-21 18:00:00,354.9944363953396,269.8718871804607,1052.7979959514817,0.0,0.0,0.0,85.12254921487892
2024-03-21 19:00:00,354.9944363953396,157.722629286522,844.8552530843951,0.0,0.0,0.0,197.27180710881763
2024-03-21 20:00:00,147.9143484980582,83.60241058863618,777.0645182400281,0.0,0.0,0.0,64.31193790942201
2024-03-21 21:00:00,147.9143484980582,40.191296992663894,663.5144518198027,0.0,0.0,0.0,107.7230515053943
2024-03-21 22:00:00,147.9143484980582,17.524017252659657,526.0709746200431,0.0,0.0,0.0,130.39033124539853
2024-03-21 23:00:00,47.33259151937862,6.929848693871212,483.4827442711663,0.0,0.0,0.0,40.4027428255074
2024-03-22 00:00:00,47.332591519378624,0.23851987339229905,433.84123404034244,0.0,0.0,0.0,47.094071645986325
2024-03-22 01:00:00,47.332591519378624,0.8084798519719975,384.80051437866945,0.0,0.0,0.0,46.52411166740663
2024-03-22 02:00:00,47.332591519378624,2.485434154794054,337.5274597599756,0.0,0.0,0.0,44.84715736458457
2024-03-22 03:00:00,47.332591519378624,6.929848693871212,294.93922941109884,0.0,0.0,0.0,40.40274282550741
2024-03-22 04:00:00,47.332591519378624,17.524017252659657,263.5182332493937,0.0,0.0,0.0,29.808574266718967
2024-03-22 05:00:00,47.332591519378624,40.191296992663894,255.99064786722278,0.0,0.0,0.0,7.141294526714731
2024-03-22 06:00:00,177.4972181976698,83.60241058863618,157.01683036460443,0.0,0.0,0.0,93.89480760903363
2024-03-22 07:00:00,591.6573939922328,157.722629286522,60.0,341.89651810901063,0.0,0.0,92.03824659670016
2024-03-22 08:00:00,591.6573939922328,269.8718871804607,60.0,321.78550681177205,0.0,0.0,0.0
2024-03-22 09:00:00,591.6573939922328,418.80293180745747,60.0,172.8544621847753,0.0,0.0,0.0
2024-03-22 10:00:00,473.3259151937862,589.4543947959032,170.16914902652817,0.0,0.0,116.12847960211701,0.0
2024-03-22 11:00:00,473.3259151937862,752.4525810843858,434.971954997466,0.0,0.0,279.12666589059955,0.0
2024-03-22 12:00:00,473.3259151937862,871.1571230727526,812.3877773555034,0.0,0.0,397.8312078789664,0.0
2024-03-22 13:00:00,473.3259151937862,914.7497032258065,1180.1090190985744,0.0,53.81156538752367,387.61222264449657,0.0
2024-03-22 14:00:00,473.3259151937862,871.1571230727526,1198.9792604615986,0.0,377.9402269775408,19.890980901425564,0.0
2024-03-22 15:00:00,473.3259151937862,752.4525810843858,1199.9476190133398,0.0,278.1059263521982,1.020739538401358,0.0
2024-03-22 16:00:00,473.3259151937862,589.4543947959032,1199.9973119805197,0.0,116.07609861545683,0.052380986660182316,0.0
2024-03-22 17:00:00,473.3259151937862,418.80293180745747,1142.5250412044134,0.0,0.0,0.0,54.52298338632875
2024-03-22 18:00:00,354.9944363953396,269.8718871804607,1052.7979959514817,0.0,0.0,0.0,85.12254921487892
2024-03-22 19:00:00,354.9944363953396,157.722629286522,844.8552530843951,0.0,0.0,0.0,197.27180710881763
2024-03-22 20:00:00,147.9143484980582,83.60241058863618,777.0645182400281,0.0,0.0,0.0,64.31193790942201
2024-03-22 21:00:00,147.9143484980582,40.191296992663894,663.5144518198027,0.0,0.0,0.0,107.7230515053943
2024-03-22 22:00:00,147.9143484980582,17.524017252659657,526.0709746200431,0.0,0.0,0.0,130.39033124539853
2024-03-22 23:00:00,47.332591519378624,6.929848693871212,483.4827442711663,0.0,0.0,0.0,40.40274282550741
2024-03-23 00:00:00,47.332591519378624,0.23851987339229905,433.84123404034244,0.0,0.0,0.0,47.094071645986325
2024-03-23 01:00:00,47.332591519378624,0.8084798519719975,384.80051437866945,0.0,0.0,0.0,46.52411166740663
2024-03-23 02:00:00,47.332591519378624,2.485434154794054,337.5274597599756,0.0,0.0,0.0,44.84715736458457
2024-03-23 03:00:00,47.332591519378624,6.929848693871212,294.93922941109884,0.0,0.0,0.0,40.40274282550741
2024-03-23 04:00:00,47.332591519378624,17.524017252659657,263.5182332493937,0.0,0.0,0.0,29.808574266718967
2024-03-23 05:00:00,47.332591519378624,40.191296992663894,255.99064786722278,0.0,0.0,0.0,7.141294526714731
2024-03-23 06:00:00,177.4972181976698,83.60241058863618,157.01683036460443,0.0,0.0,0.0,93.89480760903363
2024-03-23 07:00:00,591.6573939922328,157.722629286522,60.0,341.89651810901063,0.0,0.0,92.03824659670016
2024-03-23 08:00:00,591.6573939922328,269.8718871804607,60.0,321.78550681177205,0.0,0.0,0.0
2024-03-23 09:00:00,591.6573939922328,418.80293180745747,60.0,172.8544621847753,0.0,0.0,0.0
2024-03-23 10:00:00,473.3259151937862,589.4543947959032,170.16914902652817,0.0,0.0,116.12847960211701,0.0
2024-03-23 11:00:00,473.3259151937862,752.4525810843858,434.971954997466,0.0,0.0,279.12666589059955,0.0
2024-03-23 12:00:00,473.3259151937862,871.1571230727526,812.3877773555034,0.0,0.0,397.8312078789664,0.0
2024-03-23 13:00:00,473.3259151937862,914.7497032258065,1180.1090190985744,0.0,53.81156538752367,387.61222264449657,0.0
2024-03-23 14:00:00,473.3259151937862,871.1571230727526,1198.9792604615986,0.0,377.9402269775408,19.890980901425564,0.0
2024-03-23 15:00:00,473.3259151937862,752.4525810843858,1199.9476190133398,0.0,278.1059263521982,1.020739538401358,0.0
2024-03-23 16:00:00,473.3259151937862,589.4543947959032,1199.9973119805197,0.0,116.07609861545683,0.052380986660182316,0.0
2024-03-23 17:00:00,473.3259151937862,418.80293180745747,1142.5250412044134,0.0,0.0,0.0,54.52298338632875
2024-03-23 18:00:00,354.9944363953396,269.8718871804607,1052.7979959514817,0.0,0.0,0.0,85.12254921487892
2024-03-23 19:00:00,354.9944363953396,157.722629286522,844.8552530843951,0.0,0.0,0.0,197.27180710881763
2024-03-23 20:00:00,147.9143484980582,83.60241058863618,777.0645182400281,0.0,0.0,0.0,64.31193790942201
2024-03-23 21:00:00,147.9143484980582,40.191296992663894,663.5144518198027,0.0,0.0,0.0,107.7230515053943
2024-03-23 22:00:00,147.9143484980582,17.524017252659657,526.0709746200431,0.0,0.0,0.0,130.39033124539853
2024-03-23 23:00:00,47.332591519378624,6.929848693871212,483.4827442711663,0.0,0.0,0.0,40.40274282550741
2024-03-24 00:00:00,47.33259151937862,0.23851987339229905,433.84123404034244,0.0,0.0,0.0,47.09407164598632
2024-03-24 01:00:00,47.33259151937862,0.8084798519719975,384.80051437866945,0.0,0.0,0.0,46.52411166740662
2024-03-24 02:00:00,47.33259151937862,2.485434154794054,337.5274597599756,0.0,0.0,0.0,44.84715736458456
2024-03-24 03:00:00,47.33259151937862,6.929848693871212,294.93922941109884,0.0,0.0,0.0,40.4027428255074
2024-03-24 04:00:00,47.33259151937862,17.524017252659657,263.5182332493937,0.0,0.0,0.0,29.80857426671896
2024-03-24 05:00:00,47.33259151937862,40.191296992663894,255.9906478672228,0.0,0.0,0.0,7.141294526714724
2024-03-24 06:00:00,177.4972181976698,83.60241058863618,157.01683036460446,0.0,0.0,0.0,93.89480760903363
2024-03-24 07:00:00,591.6573939922328,157.722629286522,60.0,341.8965181090106,0.0,0.0,92.03824659670019
2024-03-24 08:00:00,591.6573939922328,269.8718871804607,60.0,321.78550681177205,0.0,0.0,0.0
2024-03-24 09:00:00,591.6573939922328,418.80293180745747,60.0,172.8544621847753,0.0,0.0,0.0
2024-03-24 10:00:00,473.3259151937862,589.4543947959032,170.16914902652817,0.0,0.0,116.12847960211701,0.0
2024-03-24 11:00:00,473.3259151937862,752.4525810843858,434.971954997466,0.0,0.0,279.12666589059955,0.0
2024-03-24 12:00:00,473.3259151937862,871.1571230727526,812.3877773555034,0.0,0.0,397.8312078789664,0.0
2024-03-24 13:00:00,473.3259151937862,914.7497032258065,1180.1090190985744,0.0,53.81156538752367,387.61222264449657,0.0
2024-03-24 14:00:00,473.3259151937862,871.1571230727526,1198.9792604615986,0.0,377.9402269775408,19.890980901425564,0.0
2024-03-24 15:00:00,473.3259151937862,752.4525810843858,1199.9476190133398,0.0,278.1059263521982,1.020739538401358,0.0
2024-03-24 16:00:00,473.3259151937862,589.4543947959032,1199.9973119805197,0.0,116.07609861545683,0.052380986660182316,0.0
2024-03-24 17:00:00,473.3259151937862,418.80293180745747,1142.5250412044134,0.0,0.0,0.0,54.52298338632875
2024-03-24 18:00:00,354.9944363953396,269.8718871804607,1052.7979959514817,0.0,0.0,0.0,85.12254921487892
2024-03-24 19:00:00,354.9944363953396,157.722629286522,844.8552530843951,0.0,0.0,0.0,197.27180710881763
2024-03-24 20:00:00,147.9143484980582,83.60241058863618,777.0645182400281,0.0,0.0,0.0,64.31193790942201
2024-03-24 21:00:00,147.9143484980582,40.191296992663894,663.5144518198027,0.0,0.0,0.0,107.7230515053943
2024-03-24 22:00:00,147.9143484980582,17.524017252659657,526.0709746200431,0.0,0.0,0.0,130.39033124539853
2024-03-24 23:00:00,47.33259151937862,6.929848693871212,483.4827442711663,0.0,0.0,0.0,40.4027428255074
2024-03-25 00:00:00,47.33259151937862,0.23851987339229905,433.84123404034244,0.0,0.0,0.0,47.09407164598632
2024-03-25 01:00:00,47.33259151937862,0.8084798519719975,384.80051437866945,0.0,0.0,0.0,46.52411166740662
2024-03-25 02:00:00,47.33259151937862,2.485434154794054,337.5274597599756,0.0,0.0,0.0,44.84715736458456
2024-03-25 03:00:00,47.33259151937862,6.929848693871212,294.93922941109884,0.0,0.0,0.0,40.4027428255074
2024-03-25 04:00:00,47.33259151937862,17.524017252659657,263.5182332493937,0.0,0.0,0.0,29.80857426671896
2024-03-25 05:00:00,47.33259151937862,40.191296992663894,255.9906478672228,0.0,0.0,0.0,7.141294526714724
2024-03-25 06:00:00,177.4972181976698,83.60241058863618,157.01683036460446,0.0,0.0,0.0,93.89480760903363
2024-03-25 07:00:00,591.6573939922328,157.722629286522,60.0,341.8965181090106,0.0,0.0,92.03824659670019
2024-03-25 08:00:00,591.6573939922328,269.8718871804607,60.0,321.78550681177205,0.0,0.0,0.0
2024-03-25 09:00:00,591.6573939922328,418.80293180745747,60.0,172.8544621847753,0.0,0.0,0.0
2024-03-25 10:00:00,473.3259151937862,589.4543947959032,170.16914902652817,0.0,0.0,116.12847960211701,0.0
2024-03-25 11:00:00,473.3259151937862,752.4525810843858,434.971954997466,0.0,0.0,279.12666589059955,0.0
2024-03-25 12:00:00,473.3259151937862,871.1571230727526,812.3877773555034,0.0,0.0,397.8312078789664,0.0
2024-03-25 13:00:00,473.3259151937862,914.7497032258065,1180.1090190985744,0.0,53.81156538752367,387.61222264449657,0.0
2024-03-25 14:00:00,473.3259151937862,871.1571230727526,1198.9792604615986,0.0,377.9402269775408,19.890980901425564,0.0
2024-03-25 15:00:00,473.3259151937862,752.4525810843858,1199.9476190133398,0.0,278.1059263521982,1.020739538401358,0.0
2024-03-25 16:00:00,473.3259151937862,589.4543947959032,1199.9973119805197,0.0,116.07609861545683,0.052380986660182316,0.0
2024-03-25 17:00:00,473.3259151937862,418.80293180745747,1142.5250412044134,0.0,0.0,0.0,54.52298338632875
2024-03-25 18:00:00,354.9944363953396,269.8718871804607,1052.7979959514817,0.0,0.0,0.0,85.12254921487892
2024-03-25 19:00:00,354.9944363953396,157.722629286522,844.8552530843951,0.0,0.0,0.0,197.27180710881763
2024-03-25 20:00:00,147.9143484980582,83.60241058863618,777.0645182400281,0.0,0.0,0.0,64.31193790942201
2024-03-25 21:00:00,147.9143484980582,40.191296992663894,663.5144518198027,0.0,0.0,0.0,107.7230515053943
2024-03-25 22:00:00,147.9143484980582,17.524017252659657,526.0709746200431,0.0,0.0,0.0,130.39033124539853
2024-03-25 23:00:00,47.33259151937862,6.929848693871212,483.4827442711663,0.0,0.0,0.0,40.4027428255074
2024-03-26 00:00:00,47.33259151937862,0.23851987339229905,433.84123404034244,0.0,0.0,0.0,47.09407164598632
2024-03-26 01:00:00,47.33259151937862,0.8084798519719975,384.80051437866945,0.0,0.0,0.0,46.52411166740662
2024-03-26 02:00:00,47.33259151937862,2.485434154794054,337.5274597599756,0.0,0.0,0.0,44.84715736458456
2024-03-26 03:00:00,47.33259151937862,6.929848693871212,294.93922941109884,0.0,0.0,0.0,40.4027428255074
2024-03-26 04:00:00,47.33259151937862,17.524017252659657,263.5182332493937,0.0,0.0,0.0,29.80857426671896
2024-03-26 05:00:00,47.33259151937862,40.191296992663894,255.9906478672228,0.0,0.0,0.0,7.141294526714724
2024-03-26 06:00:00,177.4972181976698,83.60241058863618,157.01683036460446,0.0,0.0,0.0,93.89480760903363
2024-03-26 07:00:00,591.6573939922328,157.722629286522,60.0,341.8965181090106,0.0,0.0,92.03824659670019
2024-03-26 08:00:00,591.6573939922328,269.8718871804607,60.0,321.78550681177205,0.0,0.0,0.0
2024-03-26 09:00:00,591.6573939922328,418.80293180745747,60.0,172.8544621847753,0.0,0.0,0.0
2024-03-26 10:00:00,473.3259151937862,589.4543947959032,170.16914902652817,0.0,0.0,116.12847960211701,0.0
2024-03-26 11:00:00,473.3259151937862,752.4525810843858,434.971954997466,0.0,0.0,279.12666589059955,0.0
2024-03-26 12:00:00,473.3259151937862,871.1571230727526,812.3877773555034,0.0,0.0,397.8312078789664,0.0
2024-03-26 13:00:00,473.3259151937862,914.7497032258065,1180.1090190985744,0.0,53.81156538752367,387.61222264449657,0.0
2024-03-26 14:00:00,473.3259151937862,871.1571230727526,1198.9792604615986,0.0,377.9402269775408,19.890980901425564,0.0
2024-03-26 15:00:00,473.3259151937862,752.4525810843858,1199.9476190133398,0.0,278.1059263521982,1.020739538401358,0.0
2024-03-26 16:00:00,473.3259151937862,589.4543947959032,1199.9973119805197,0.0,116.07609861545683,0.052380986660182316,0.0
2024-03-26 17:00:00,473.3259151937862,418.80293180745747,1142.5250412044134,0.0,0.0,0.0,54.52298338632875
2024-03-26 18:00:00,354.9944363953396,269.8718871804607,1052.7979959514817,0.0,0.0,0.0,85.12254921487892
2024-03-26 19:00:00,354.9944363953396,157.722629286522,844.8552530843951,0.0,0.0,0.0,197.27180710881763
2024-03-26 20:00:00,147.9143484980582,83.60241058863618,777.0645182400281,0.0,0.0,0.0,64.31193790942201
2024-03-26 21:00:00,147.9143484980582,40.191296992663894,663.5144518198027,0.0,0.0,0.0,107.7230515053943
2024-03-26 22:00:00,147.9143484980582,17.524017252659657,526.0709746200431,0.0,0.0,0.0,130.39033124539853
2024-03-26 23:00:00,47.33259151937862,6.929848693871212,483.4827442711663,0.0,0.0,0.0,40.4027428255074
2024-03-27 00:00:00,47.33259151937862,0.23851987339229905,433.84123404034244,0.0,0.0,0.0,47.09407164598632
2024-03-27 01:00:00,47.33259151937862,0.8084798519719975,384.80051437866945,0.0,0.0,0.0,46.52411166740662
2024-03-27 02:00:00,47.33259151937862,2.485434154794054,337.5274597599756,0.0,0.0,0.0,44.84715736458456
2024-03-27 03:00:00,47.33259151937862,6.929848693871212,294.93922941109884,0.0,0.0,0.0,40.4027428255074
2024-03-27 04:00:00,47.33259151937862,17.524017252659657,263.5182332493937,0.0,0.0,0.0,29.80857426671896
2024-03-27 05:00:00,47.33259151937862,40.191296992663894,255.9906478672228,0.0,0.0,0.0,7.141294526714724
2024-03-27 06:00:00,177.4972181976698,83.60241058863618,157.01683036460446,0.0,0.0,0.0,93.89480760903363
2024-03-27 07:00:00,591.6573939922328,157.722629286522,60.0,341.8965181090106,0.0,0.0,92.03824659670019
2024-03-27 08:00:00,591.6573939922328,269.8718871804607,60.0,321.78550681177205,0.0,0.0,0.0
2024-03-27 09:00:00,591.6573939922328,418.80293180745747,60.0,172.8544621847753,0.0,0.0,0.0
2024-03-27 10:00:00,473.3259151937862,589.4543947959032,170.16914902652817,0.0,0.0,116.12847960211701,0.0
2024-03-27 11:00:00,473.3259151937862,752.4525810843858,434.971954997466,0.0,0.0,279.12666589059955,0.0
2024-03-27 12:00:00,473.3259151937862,871.1571230727526,812.3877773555034,0.0,0.0,397.8312078789664,0.0
2024-03-27 13:00:00,473.3259151937862,914.7497032258065,1180.1090190985744,0.0,53.81156538752367,387.61222264449657,0.0
2024-03-27 14:00:00,473.3259151937862,871.1571230727526,1198.9792604615986,0.0,377.9402269775408,19.890980901425564,0.0
2024-03-27 15:00:00,473.3259151937862,752.4525810843858,1199.9476190133398,0.0,278.1059263521982,1.020739538401358,0.0
2024-03-27 16:00:00,473.3259151937862,589.4543947959032,1199.9973119805197,0.0,116.07609861545683,0.052380986660182316,0.0
2024-03-27 17:00:00,473.3259151937862,418.80293180745747,1142.5250412044134,0.0,0.0,0.0,54.52298338632875
2024-03-27 18:00:00,354.9944363953396,269.8718871804607,1052.7979959514817,0.0,0.0,0.0,85.12254921487892
2024-03-27 19:00:00,354.9944363953396,157.722629286522,844.8552530843951,0.0,0.0,0.0,197.27180710881763
2024-03-27 20:00:00,147.9143484980582,83.60241058863618,777.0645182400281,0.0,0.0,0.0,64.31193790942201
2024-03-27 21:00:00,147.9143484980582,40.191296992663894,663.5144518198027,0.0,0.0,0.0,107.7230515053943
2024-03-27 22:00:00,147.9143484980582,17.524017252659657,526.0709746200431,0.0,0.0,0.0,130.39033124539853
2024-03-27 23:00:00,47.33259151937862,6.929848693871212,483.4827442711663,0.0,0.0,0.0,40.4027428255074
2024-03-28 00:00:00,47.33259151937862,0.23851987339229905,433.84123404034244,0.0,0.0,0.0,47.09407164598632
2024-03-28 01:00:00,47.33259151937862,0.8084798519719975,384.80051437866945,0.0,0.0,0.0,46.52411166740662
2024-03-28 02:00:00,47.33259151937862,2.485434154794054,337.5274597599756,0.0,0.0,0.0,44.84715736458456
2024-03-28 03:00:00,47.33259151937862,6.929848693871212,294.93922941109884,0.0,0.0,0.0,40.4027428255074
2024-03-28 04:00:00,47.33259151937862,17.524017252659657,263.5182332493937,0.0,0.0,0.0,29.80857426671896
2024-03-28 05:00:00,47.33259151937862,40.191296992663894,255.9906478672228,0.0,0.0,0.0,7.141294526714724
2024-03-28 06:00:00,177.4972181976698,83.60241058863618,157.01683036460446,0.0,0.0,0.0,93.89480760903363
2024-03-28 07:00:00,591.6573939922328,157.722629286522,60.0,341.8965181090106,0.0,0.0,92.03824659670019
2024-03-28 08:00:00,591.6573939922328,269.8718871804607,60.0,321.78550681177205,0.0,0.0,0.0
2024-03-28 09:00:00,591.6573939922328,418.80293180745747,60.0,172.8544621847753,0.0,0.0,0.0
2024-03-28 10:00:00,473.3259151937862,589.4543947959032,170.16914902652817,0.0,0.0,116.12847960211701,0.0
2024-03-28 11:00:00,473.3259151937862,752.4525810843858,434.971954997466,0.0,0.0,279.12666589059955,0.0
2024-03-28 12:00:00,473.3259151937862,871.1571230727526,812.3877773555034,0.0,0.0,397.8312078789664,0.0
2024-03-28 13:00:00,473.3259151937862,914.7497032258065,1180.1090190985744,0.0,53.81156538752367,387.61222264449657,0.0
2024-03-28 14:00:00,473.3259151937862,871.1571230727526,1198.9792604615986,0.0,377.9402269775408,19.890980901425564,0.0
2024-03-28 15:00:00,473.3259151937862,752.4525810843858,1199.9476190133398,0.0,278.1059263521982,1.020739538401358,0.0
2024-03-28 16:00:00,473.3259151937862,589.4543947959032,1199.9973119805197,0.0,116.07609861545683,0.052380986660182316,0.0
2024-03-28 17:00:00,473.3259151937862,418.80293180745747,1142.5250412044134,0.0,0.0,0.0,54.52298338632875
2024-03-28 18:00:00,354.9944363953396,269.8718871804607,1052.7979959514817,0.0,0.0,0.0,85.12254921487892
2024-03-28 19:00:00,354.9944363953396,157.722629286522,844.8552530843951,0.0,0.0,0.0,197.27180710881763
2024-03-28 20:00:00,147.9143484980582,83.60241058863618,777.0645182400281,0.0,0.0,0.0,64.31193790942201
2024-03-28 21:00:00,147.9143484980582,40.191296992663894,663.5144518198027,0.0,0.0,0.0,107.7230515053943
2024-03-28 22:00:00,147.9143484980582,17.524017252659657,526.0709746200431,0.0,0.0,0.0,130.39033124539853
2024-03-28 23:00:00,47.33259151937862,6.929848693871212,483.4827442711663,0.0,0.0,0.0,40.4027428255074
2024-03-29 00:00:00,47.332591519378624,0.23851987339229905,433.84123404034244,0.0,0.0,0.0,47.094071645986325
2024-03-29 01:00:00,47.332591519378624,0.8084798519719975,384.80051437866945,0.0,0.0,0.0,46.52411166740663
2024-03-29 02:00:00,47.332591519378624,2.485434154794054,337.5274597599756,0.0,0.0,0.0,44.84715736458457
2024-03-29 03:00:00,47.332591519378624,6.929848693871212,294.93922941109884,0.0,0.0,0.0,40.40274282550741
2024-03-29 04:00:00,47.332591519378624,17.524017252659657,263.5182332493937,0.0,0.0,0.0,29.808574266718967
2024-03-29 05:00:00,47.332591519378624,40.191296992663894,255.99064786722278,0.0,0.0,0.0,7.141294526714731
2024-03-29 06:00:00,177.4972181976698,83.60241058863618,157.01683036460443,0.0,0.0,0.0,93.89480760903363
2024-03-29 07:00:00,591.6573939922328,157.722629286522,60.0,341.89651810901063,0.0,0.0,92.03824659670016
2024-03-29 08:00:00,591.6573939922328,269.8718871804607,60.0,321.78550681177205,0.0,0.0,0.0
2024-03-29 09:00:00,591.6573939922328,418.80293180745747,60.0,172.8544621847753,0.0,0.0,0.0
2024-03-29 10:00:00,473.3259151937862,589.4543947959032,170.16914902652817,0.0,0.0,116.12847960211701,0.0
2024-03-29 11:00:00,473.3259151937862,752.4525810843858,434.971954997466,0.0,0.0,279.12666589059955,0.0
2024-03-29 12:00:00,473.3259151937862,871.1571230727526,812.3877773555034,0.0,0.0,397.8312078789664,0.0
2024-03-29 13:00:00,473.3259151937862,914.7497032258065,1180.1090190985744,0.0,53.81156538752367,387.61222264449657,0.0
2024-03-29 14:00:00,473.3259151937862,871.1571230727526,1198.9792604615986,0.0,377.9402269775408,19.890980901425564,0.0
2024-03-29 15:00:00,473.3259151937862,752.4525810843858,1199.9476190133398,0.0,278.1059263521982,1.020739538401358,0.0
2024-03-29 16:00:00,473.3259151937862,589.4543947959032,1199.9973119805197,0.0,116.07609861545683,0.052380986660182316,0.0
2024-03-29 17:00:00,473.3259151937862,418.80293180745747,1142.5250412044134,0.0,0.0,0.0,54.52298338632875
2024-03-29 18:00:00,354.9944363953396,269.8718871804607,1052.7979959514817,0.0,0.0,0.0,85.12254921487892
2024-03-29 19:00:00,354.9944363953396,157.722629286522,844.8552530843951,0.0,0.0,0.0,197.27180710881763
2024-03-29 20:00:00,147.9143484980582,83.60241058863618,777.0645182400281,0.0,0.0,0.0,64.31193790942201
2024-03-29 21:00:00,147.9143484980582,40.191296992663894,663.5144518198027,0.0,0.0,0.0,107.7230515053943
2024-03-29 22:00:00,147.9143484980582,17.524017252659657,526.0709746200431,0.0,0.0,0.0,130.39033124539853
2024-03-29 23:00:00,47.332591519378624,6.929848693871212,483.4827442711663,0.0,0.0,0.0,40.40274282550741
2024-03-30 00:00:00,47.332591519378624,0.23851987339229905,433.84123404034244,0.0,0.0,0.0,47.094071645986325
2024-03-30 01:00:00,47.332591519378624,0.8084798519719975,384.80051437866945,0.0,0.0,0.0,46.52411166740663
2024-03-30 02:00:00,47.332591519378624,2.485434154794054,337.5274597599756,0.0,0.0,0.0,44.84715736458457
2024-03-30 03:00:00,47.332591519378624,6.929848693871212,294.93922941109884,0.0,0.0,0.0,40.40274282550741
2024-03-30 04:00:00,47.332591519378624,17.524017252659657,263.5182332493937,0.0,0.0,0.0,29.808574266718967
2024-03-30 05:00:00,47.332591519378624,40.191296992663894,255.99064786722278,0.0,0.0,0.0,7.141294526714731
2024-03-30 06:00:00,177.4972181976698,83.60241058863618,157.01683036460443,0.0,0.0,0.0,93.89480760903363
2024-03-30 07:00:00,591.6573939922328,157.722629286522,60.0,341.89651810901063,0.0,0.0,92.03824659670016
2024-03-30 08:00:00,591.6573939922328,269.8718871804607,60.0,321.78550681177205,0.0,0.0,0.0
2024-03-30 09:00:00,591.6573939922328,418.80293180745747,60.0,172.8544621847753,0.0,0.0,0.0
2024-03-30 10:00:00,473.3259151937862,589.4543947959032,170.16914902652817,0.0,0.0,116.12847960211701,0.0
2024-03-30 11:00:00,473.3259151937862,752.4525810843858,434.971954997466,0.0,0.0,279.12666589059955,0.0
2024-03-30 12:00:00,473.3259151937862,871.1571230727526,812.3877773555034,0.0,0.0,397.8312078789664,0.0
2024-03-30 13:00:00,473.3259151937862,914.7497032258065,1180.1090190985744,0.0,53.81156538752367,387.61222264449657,0.0
2024-03-30 14:00:00,473.3259151937862,871.1571230727526,1198.9792604615986,0.0,377.9402269775408,19.890980901425564,0.0
2024-03-30 15:00:00,473.3259151937862,752.4525810843858,1199.9476190133398,0.0,278.1059263521982,1.020739538401358,0.0
2024-03-30 16:00:00,473.3259151937862,589.4543947959032,1199.9973119805197,0.0,116.07609861545683,0.052380986660182316,0.0
2024-03-30 17:00:00,473.3259151937862,418.80293180745747,1142.5250412044134,0.0,0.0,0.0,54.52298338632875
2024-03-30 18:00:00,354.9944363953396,269.8718871804607,1052.7979959514817,0.0,0.0,0.0,85.12254921487892
2024-03-30 19:00:00,354.9944363953396,157.722629286522,844.8552530843951,0.0,0.0,0.0,197.27180710881763
2024-03-30 20:00:00,147.9143484980582,83.60241058863618,777.0645182400281,0.0,0.0,0.0,64.31193790942201
2024-03-30 21:00:00,147.9143484980582,40.191296992663894,663.5144518198027,0.0,0.0,0.0,107.7230515053943
2024-03-30 22:00:00,147.9143484980582,17.524017252659657,526.0709746200431,0.0,0.0,0.0,130.39033124539853
2024-03-30 23:00:00,47.332591519378624,6.929848693871212,483.4827442711663,0.0,0.0,0.0,40.40274282550741
2024-03-31 00:00:00,47.33259151937862,0.23851987339229905,433.84123404034244,0.0,0.0,0.0,47.09407164598632
2024-03-31 01:00:00,47.33259151937862,0.8084798519719975,384.80051437866945,0.0,0.0,0.0,46.52411166740662
2024-03-31 02:00:00,47.33259151937862,2.485434154794054,337.5274597599756,0.0,0.0,0.0,44.84715736458456
2024-03-31 03:00:00,47.33259151937862,6.929848693871212,294.93922941109884,0.0,0.0,0.0,40.4027428255074
2024-03-31 04:00:00,47.33259151937862,17.524017252659657,263.5182332493937,0.0,0.0,0.0,29.80857426671896
2024-03-31 05:00:00,47.33259151937862,40.191296992663894,255.9906478672228,0.0,0.0,0.0,7.141294526714724
2024-03-31 06:00:00,177.4972181976698,83.60241058863618,157.01683036460446,0.0,0.0,0.0,93.89480760903363
2024-03-31 07:00:00,591.6573939922328,157.722629286522,60.0,341.8965181090106,0.0,0.0,92.03824659670019
2024-03-31 08:00:00,591.6573939922328,269.8718871804607,60.0,321.78550681177205,0.0,0.0,0.0
2024-03-31 09:00:00,591.6573939922328,418.80293180745747,60.0,172.8544621847753,0.0,0.0,0.0
2024-03-31 10:00:00,473.3259151937862,589.4543947959032,170.16914902652817,0.0,0.0,116.12847960211701,0.0
2024-03-31 11:00:00,473.3259151937862,752.4525810843858,434.971954997466,0.0,0.0,279.12666589059955,0.0
2024-03-31 12:00:00,473.3259151937862,871.1571230727526,812.3877773555034,0.0,0.0,397.8312078789664,0.0
2024-03-31 13:00:00,473.3259151937862,914.7497032258065,1180.1090190985744,0.0,53.81156538752367,387.61222264449657,0.0
2024-03-31 14:00:00,473.3259151937862,871.1571230727526,1198.9792604615986,0.0,377.9402269775408,19.890980901425564,0.0
2024-03-31 15:00:00,473.3259151937862,752.4525810843858,1199.9476190133398,0.0,278.1059263521982,1.020739538401358,0.0
2024-03-31 16:00:00,473.3259151937862,589.4543947959032,1199.9973119805197,0.0,116.07609861545683,0.052380986660182316,0.0
2024-03-31 17:00:00,473.3259151937862,418.80293180745747,1142.5250412044134,0.0,0.0,0.0,54.52298338632875
2024-03-31 18:00:00,354.9944363953396,269.8718871804607,1052.7979959514817,0.0,0.0,0.0,85.12254921487892
2024-03-31 19:00:00,354.9944363953396,157.722629286522,844.8552530843951,0.0,0.0,0.0,197.27180710881763
2024-03-31 20:00:00,147.9143484980582,83.60241058863618,777.0645182400281,0.0,0.0,0.0,64.31193790942201
2024-03-31 21:00:00,147.9143484980582,40.191296992663894,663.5144518198027,0.0,0.0,0.0,107.7230515053943
2024-03-31 22:00:00,147.9143484980582,17.524017252659657,526.0709746200431,0.0,0.0,0.0,130.39033124539853
2024-03-31 23:00:00,47.33259151937862,6.929848693871212,483.4827442711663,0.0,0.0,0.0,40.4027428255074
2024-04-01 00:00:00,47.33259151937862,0.3285279176252041,433.9361108495135,0.0,0.0,0.0,47.004063601753415
2024-04-01 01:00:00,47.33259151937862,1.1135684353372173,385.21698279168993,0.0,0.0,0.0,46.2190230840414
2024-04-01 02:00:00,47.33259151937862,3.423339513207258,338.9325672270835,0.0,0.0,0.0,43.90925200617136
2024-04-01 03:00:00,47.33259151937862,9.544901766364744,299.10084484864035,0.0,0.0,0.0,37.78768975301387
2024-04-01 04:00:00,47.33259151937862,24.136893981054346,274.6504328028185,0.0,0.0,0.0,23.19569753832427
2024-04-01 05:00:00,47.33259151937862,55.35791596677204,282.2639240674971,0.0,0.0,8.025324447393423,0.0
2024-04-01 06:00:00,177.4972181976698,115.15068102505008,216.5449035042195,0.0,0.0,0.0,62.34653717261973
2024-04-01 07:00:00,591.6573939922328,217.2409628804795,60.0,225.90489576237087,0.0,0.0,148.51153534938237
2024-04-01 08:00:00,591.6573939922328,371.7109516285837,60.0,219.94644236364906,0.0,0.0,0.0
2024-04-01 09:00:00,591.6573939922328,576.8427306505379,60.0,14.814663341694882,0.0,0.0,0.0
2024-04-01 10:00:00,473.3259151937862,811.8913619361973,381.19138462153614,0.0,0.0,338.5654467424111,0.0
2024-04-01 11:00:00,473.3259151937862,1036.3986700964958,915.3691027850274,0.0,0.0,563.0727549027097,0.0
2024-04-01 12:00:00,473.3259151937862,1199.8976500240562,1185.3936810820044,0.0,441.9408376152975,284.6308972149726,0.0
2024-04-01 13:00:00,473.3259151937862,1259.9403599999998,1199.250451885506,0.0,772.008125888218,14.606318917995623,0.0
2024-04-01 14:00:00,473.3259151937862,1199.8976500240562,1199.9615356628117,0.0,725.8221867157761,0.7495481144940186,0.0
2024-04-01 15:00:00,473.3259151937862,1036.3986700964958,1199.9980261370729,0.0,563.0342905655214,0.03846433718831577,0.0
2024-04-01 16:00:00,473.3259151937862,811.8913619361973,1199.9998987078645,0.0,338.563472879484,0.001973862927115988,0.0
2024-04-01 17:00:00,473.3259151937862,576.8427306505379,1199.9999948020218,0.0,103.51671416461619,0.00010129213546861138,0.0
2024-04-01 18:00:00,354.9944363953396,371.7109516285837,1199.9999997332568,0.0,16.716510035265856,5.197978225623956e-06,0.0
2024-04-01 19:00:00,354.9944363953396,217.2409628804795,1054.7950890977106,0.0,0.0,0.0,137.75347351486013
2024-04-01 20:00:00,147.9143484980582,115.15068102505008,1020.2591511926843,0.0,0.0,0.0,32.76366747300811
2024-04-01 21:00:00,147.9143484980582,55.35791596677204,922.6961048931616,0.0,0.0,0.0,92.55643253128615
2024-04-01 22:00:00,147.9143484980582,24.136893981054346,792.2232118092853,0.0,0.0,0.0,123.77745451700385
2024-04-01 23:00:00,47.33259151937862,9.544901766364744,752.3914894308422,0.0,0.0,0.0,37.78768975301387
2024-04-02 00:00:00,49.557430800079075,0.3285279176252041,700.4996694909146,0.0,0.0,0.0,49.22890288245387
2024-04-02 01:00:00,49.557430800079075,1.1135684353372173,649.4353549148162,0.0,0.0,0.0,48.44386236474186
2024-04-02 02:00:00,49.557430800079075,3.423339513207258,600.8057528319351,0.0,0.0,0.0,46.134091286871815
2024-04-02 03:00:00,49.557430800079075,9.544901766364744,558.6288439352173,0.0,0.0,0.0,40.01252903371433
2024-04-02 04:00:00,49.557430800079075,24.136893981054346,531.8332453711208,0.0,0.0,0.0,25.42053681902473
2024-04-02 05:00:00,49.557430800079075,55.35791596677204,537.3360687693522,0.0,0.0,5.800485166692965,0.0
2024-04-02 06:00:00,185.8403655002965,115.15068102505008,462.82259876254443,0.0,0.0,0.0,70.68968447524644
2024-04-02 07:00:00,619.4678850009884,217.2409628804795,60.0,20.075850597179453,0.0,0.0,382.15107152332945
2024-04-02 08:00:00,619.4678850009884,371.7109516285837,60.0,247.75693337240472,0.0,0.0,0.0
2024-04-02 09:00:00,619.4678850009884,576.8427306505379,60.0,42.62515435045054,0.0,0.0,0.0
2024-04-02 10:00:00,495.5743080007908,811.8913619361973,360.0847059570637,0.0,0.0,316.31705393540653,0.0
2024-04-02 11:00:00,495.5743080007908,1036.3986700964958,873.1557454560825,0.0,0.0,540.824362095705,0.0
2024-04-02 12:00:00,495.5743080007908,1199.8976500240562,1183.2274308056678,0.0,377.479087479348,326.8442545439175,0.0
2024-04-02 13:00:00,495.5743080007908,1259.9403599999998,1199.1392870657273,0.0,747.5934828048769,16.772569194332164,0.0
2024-04-02 14:00:00,495.5743080007908,1199.8976500240562,1199.9558310508878,0.0,703.4626290889928,0.8607129342726694,0.0
2024-04-02 15:00:00,495.5743080007908,1036.3986700964958,1199.9977333952029,0.0,540.7801931465929,0.0441689491121906,0.0
2024-04-02 16:00:00,495.5743080007908,811.8913619361973,1199.9998836853172,0.0,316.3147873306094,0.002266604797114269,0.0
2024-04-02 17:00:00,495.5743080007908,576.8427306505379,1199.999994031114,0.0,81.26830633506427,0.00011631468282757851,0.0
2024-04-02 18:00:00,371.680731000593,371.7109516285837,1199.9999996936965,0.0,0.03021465910472898,5.968885943730129e-06,0.0
2024-04-02 19:00:00,371.680731000593,217.2409628804795,1037.20619017109,0.0,0.0,0.0,154.43976812011354
2024-04-02 20:00:00,154.8669712502471,115.15068102505008,995.3415443964551,0.0,0.0,0.0,39.71629022519703
2024-04-02 21:00:00,154.8669712502471,55.35791596677204,890.449790227324,0.0,0.0,0.0,99.50905528347506
2024-04-02 22:00:00,154.8669712502471,24.136893981054346,752.6481892738393,0.0,0.0,0.0,130.73007726919275
2024-04-02 23:00:00,49.557430800079075,9.544901766364744,710.4712803771215,0.0,0.0,0.0,40.01252903371433
2024-04-03 00:00:00,49.557430800079075,0.3285279176252041,658.5794604371939,0.0,0.0,0.0,49.22890288245387
2024-04-03 01:00:00,49.557430800079075,1.1135684353372173,607.5151458610956,0.0,0.0,0.0,48.44386236474186
2024-04-03 02:00:00,49.557430800079075,3.423339513207258,558.8855437782145,0.0,0.0,0.0,46.134091286871815
2024-04-03 03:00:00,49.557430800079075,9.544901766364744,516.7086348814967,0.0,0.0,0.0,40.01252903371433
2024-04-03 04:00:00,49.557430800079075,24.136893981054346,489.9130363174001,0.0,0.0,0.0,25.42053681902473
2024-04-03 05:00:00,49.557430800079075,55.35791596677204,495.4158597156315,0.0,0.0,5.800485166692965,0.0
2024-04-03 06:00:00,185.8403655002965,115.15068102505008,420.9023897088237,0.0,0.0,0.0,70.68968447524644
2024-04-03 07:00:00,619.4678850009884,217.2409628804795,60.0,59.844852777230244,0.0,0.0,342.38206934327866
2024-04-03 08:00:00,619.4678850009884,371.7109516285837,60.0,247.75693337240472,0.0,0.0,0.0
2024-04-03 09:00:00,619.4678850009884,576.8427306505379,60.0,42.62515435045054,0.0,0.0,0.0
2024-04-03 10:00:00,495.5743080007908,811.8913619361973,360.0847059570637,0.0,0.0,316.31705393540653,0.0
2024-04-03 11:00:00,495.5743080007908,1036.3986700964958,873.1557454560825,0.0,0.0,540.824362095705,0.0
2024-04-03 12:00:00,495.5743080007908,1199.8976500240562,1183.2274308056678,0.0,377.479087479348,326.8442545439175,0.0
2024-04-03 13:00:00,495.5743080007908,1259.9403599999998,1199.1392870657273,0.0,747.5934828048769,16.772569194332164,0.0
2024-04-03 14:00:00,495.5743080007908,1199.8976500240562,1199.9558310508878,0.0,703.4626290889928,0.8607129342726694,0.0
2024-04-03 15:00:00,495.5743080007908,1036.3986700964958,1199.9977333952029,0.0,540.7801931465929,0.0441689491121906,0.0
2024-04-03 16:00:00,495.5743080007908,811.8913619361973,1199.9998836853172,0.0,316.3147873306094,0.002266604797114269,0.0
2024-04-03 17:00:00,495.5743080007908,576.8427306505379,1199.999994031114,0.0,81.26830633506427,0.00011631468282757851,0.0
2024-04-03 18:00:00,371.680731000593,371.7109516285837,1199.9999996936965,0.0,0.03021465910472898,5.968885943730129e-06,0.0
2024-04-03 19:00:00,371.680731000593,217.2409628804795,1037.20619017109,0.0,0.0,0.0,154.43976812011354
2024-04-03 20:00:00,154.8669712502471,115.15068102505008,995.3415443964551,0.0,0.0,0.0,39.71629022519703
2024-04-03 21:00:00,154.8669712502471,55.35791596677204,890.449790227324,0.0,0.0,0.0,99.50905528347506
2024-04-03 22:00:00,154.8669712502471,24.136893981054346,752.6481892738393,0.0,0.0,0.0,130.73007726919275
2024-04-03 23:00:00,49.557430800079075,9.544901766364744,710.4712803771215,0.0,0.0,0.0,40.01252903371433
2024-04-04 00:00:00,49.55743080007908,0.3285279176252041,658.5794604371939,0.0,0.0,0.0,49.22890288245388
2024-04-04 01:00:00,49.55743080007908,1.1135684353372173,607.5151458610956,0.0,0.0,0.0,48.44386236474187
2024-04-04 02:00:00,49.55743080007908,3.423339513207258,558.8855437782145,0.0,0.0,0.0,46.13409128687182
2024-04-04 03:00:00,49.55743080007908,9.544901766364744,516.7086348814967,0.0,0.0,0.0,40.01252903371434
2024-04-04 04:00:00,49.55743080007908,24.136893981054346,489.9130363174001,0.0,0.0,0.0,25.420536819024736
2024-04-04 05:00:00,49.55743080007908,55.35791596677204,495.4158597156315,0.0,0.0,5.800485166692958,0.0
2024-04-04 06:00:00,185.8403655002965,115.15068102505008,420.9023897088237,0.0,0.0,0.0,70.68968447524644
2024-04-04 07:00:00,619.4678850009884,217.2409628804795,60.0,59.844852777230244,0.0,0.0,342.38206934327866
2024-04-04 08:00:00,619.4678850009884,371.7109516285837,60.0,247.75693337240472,0.0,0.0,0.0
2024-04-04 09:00:00,619.4678850009884,576.8427306505379,60.0,42.62515435045054,0.0,0.0,0.0
2024-04-04 10:00:00,495.5743080007908,811.8913619361973,360.0847059570637,0.0,0.0,316.31705393540653,0.0
2024-04-04 11:00:00,495.5743080007908,1036.3986700964958,873.1557454560825,0.0,0.0,540.824362095705,0.0
2024-04-04 12:00:00,495.5743080007908,1199.8976500240562,1183.2274308056678,0.0,377.479087479348,326.8442545439175,0.0
2024-04-04 13:00:00,495.5743080007908,1259.9403599999998,1199.1392870657273,0.0,747.5934828048769,16.772569194332164,0.0
2024-04-04 14:00:00,495.5743080007908,1199.8976500240562,1199.9558310508878,0.0,703.4626290889928,0.8607129342726694,0.0
2024-04-04 15:00:00,495.5743080007908,1036.3986700964958,1199.9977333952029,0.0,540.7801931465929,0.0441689491121906,0.0
2024-04-04 16:00:00,495.5743080007908,811.8913619361973,1199.9998836853172,0.0,316.3147873306094,0.002266604797114269,0.0
2024-04-04 17:00:00,495.5743080007908,576.8427306505379,1199.999994031114,0.0,81.26830633506427,0.00011631468282757851,0.0
2024-04-04 18:00:00,371.680731000593,371.7109516285837,1199.9999996936965,0.0,0.03021465910472898,5.968885943730129e-06,0.0
2024-04-04 19:00:00,371.680731000593,217.2409628804795,1037.20619017109,0.0,0.0,0.0,154.43976812011354
2024-04-04 20:00:00,154.8669712502471,115.15068102505008,995.3415443964551,0.0,0.0,0.0,39.71629022519703
2024-04-04 21:00:00,154.8669712502471,55.35791596677204,890.449790227324,0.0,0.0,0.0,99.50905528347506
2024-04-04 22:00:00,154.8669712502471,24.136893981054346,752.6481892738393,0.0,0.0,0.0,130.73007726919275
2024-04-04 23:00:00,49.55743080007908,9.544901766364744,710.4712803771215,0.0,0.0,0.0,40.01252903371434
2024-04-05 00:00:00,49.55743080007908,0.3285279176252041,658.5794604371939,0.0,0.0,0.0,49.22890288245388
2024-04-05 01:00:00,49.55743080007908,1.1135684353372173,607.5151458610956,0.0,0.0,0.0,48.44386236474187
2024-04-05 02:00:00,49.55743080007908,3.423339513207258,558.8855437782145,0.0,0.0,0.0,46.13409128687182
2024-04-05 03:00:00,49.55743080007908,9.544901766364744,516.7086348814967,0.0,0.0,0.0,40.01252903371434
2024-04-05 04:00:00,49.55743080007908,24.136893981054346,489.9130363174001,0.0,0.0,0.0,25.420536819024736
2024-04-05 05:00:00,49.55743080007908,55.35791596677204,495.4158597156315,0.0,0.0,5.800485166692958,0.0
2024-04-05 06:00:00,185.8403655002965,115.15068102505008,420.9023897088237,0.0,0.0,0.0,70.68968447524644
2024-04-05 07:00:00,619.4678850009884,217.2409628804795,60.0,59.844852777230244,0.0,0.0,342.38206934327866
2024-04-05 08:00:00,619.4678850009884,371.7109516285837,60.0,247.75693337240472,0.0,0.0,0.0
2024-04-05 09:00:00,619.4678850009884,576.8427306505379,60.0,42.62515435045054,0.0,0.0,0.0
2024-04-05 10:00:00,495.5743080007908,811.8913619361973,360.0847059570637,0.0,0.0,316.31705393540653,0.0
2024-04-05 11:00:00,495.5743080007908,1036.3986700964958,873.1557454560825,0.0,0.0,540.824362095705,0.0
2024-04-05 12:00:00,495.5743080007908,1199.8976500240562,1183.2274308056678,0.0,377.479087479348,326.8442545439175,0.0
2024-04-05 13:00:00,495.5743080007908,1259.9403599999998,1199.1392870657273,0.0,747.5934828048769,16.772569194332164,0.0
2024-04-05 14:00:00,495.5743080007908,1199.8976500240562,1199.9558310508878,0.0,703.4626290889928,0.8607129342726694,0.0
2024-04-05 15:00:00,495.5743080007908,1036.3986700964958,1199.9977333952029,0.0,540.7801931465929,0.0441689491121906,0.0
2024-04-05 16:00:00,495.5743080007908,811.8913619361973,1199.9998836853172,0.0,316.3147873306094,0.002266604797114269,0.0
2024-04-05 17:00:00,495.5743080007908,576.8427306505379,1199.999994031114,0.0,81.26830633506427,0.00011631468282757851,0.0
2024-04-05 18:00:00,371.680731000593,371.7109516285837,1199.9999996936965,0.0,0.03021465910472898,5.968885943730129e-06,0.0
2024-04-05 19:00:00,371.680731000593,217.2409628804795,1037.20619017109,0.0,0.0,0.0,154.43976812011354
2024-04-05 20:00:00,154.8669712502471,115.15068102505008,995.3415443964551,0.0,0.0,0.0,39.71629022519703
2024-04-05 21:00:00,154.8669712502471,55.35791596677204,890.449790227324,0.0,0.0,0.0,99.50905528347506
2024-04-05 22:00:00,154.8669712502471,24.136893981054346,752.6481892738393,0.0,0.0,0.0,130.73007726919275
2024-04-05 23:00:00,49.55743080007908,9.544901766364744,710.4712803771215,0.0,0.0,0.0,40.01252903371434
2024-04-06 00:00:00,49.557430800079075,0.3285279176252041,658.5794604371939,0.0,0.0,0.0,49.22890288245387
2024-04-06 01:00:00,49.557430800079075,1.1135684353372173,607.5151458610956,0.0,0.0,0.0,48.44386236474186
2024-04-06 02:00:00,49.557430800079075,3.423339513207258,558.8855437782145,0.0,0.0,0.0,46.134091286871815
2024-04-06 03:00:00,49.557430800079075,9.544901766364744,516.7086348814967,0.0,0.0,0.0,40.01252903371433
2024-04-06 04:00:00,49.557430800079075,24.136893981054346,489.9130363174001,0.0,0.0,0.0,25.42053681902473
2024-04-06 05:00:00,49.557430800079075,55.35791596677204,495.4158597156315,0.0,0.0,5.800485166692965,0.0
2024-04-06 06:00:00,185.8403655002965,115.15068102505008,420.9023897088237,0.0,0.0,0.0,70.68968447524644
2024-04-06 07:00:00,619.4678850009884,217.2409628804795,60.0,59.844852777230244,0.0,0.0,342.38206934327866
2024-04-06 08:00:00,619.4678850009884,371.7109516285837,60.0,247.75693337240472,0.0,0.0,0.0
2024-04-06 09:00:00,619.4678850009884,576.8427306505379,60.0,42.62515435045054,0.0,0.0,0.0
2024-04-06 10:00:00,495.5743080007908,811.8913619361973,360.0847059570637,0.0,0.0,316.31705393540653,0.0
2024-04-06 11:00:00,495.5743080007908,1036.3986700964958,873.1557454560825,0.0,0.0,540.824362095705,0.0
2024-04-06 12:00:00,495.5743080007908,1199.8976500240562,1183.2274308056678,0.0,377.479087479348,326.8442545439175,0.0
2024-04-06 13:00:00,495.5743080007908,1259.9403599999998,1199.1392870657273,0.0,747.5934828048769,16.772569194332164,0.0
2024-04-06 14:00:00,495.5743080007908,1199.8976500240562,1199.9558310508878,0.0,703.4626290889928,0.8607129342726694,0.0
2024-04-06 15:00:00,495.5743080007908,1036.3986700964958,1199.9977333952029,0.0,540.7801931465929,0.0441689491121906,0.0
2024-04-06 16:00:00,495.5743080007908,811.8913619361973,1199.9998836853172,0.0,316.3147873306094,0.002266604797114269,0.0
2024-04-06 17:00:00,495.5743080007908,576.8427306505379,1199.999994031114,0.0,81.26830633506427,0.00011631468282757851,0.0
2024-04-06 18:00:00,371.680731000593,371.7109516285837,1199.9999996936965,0.0,0.03021465910472898,5.968885943730129e-06,0.0
2024-04-06 19:00:00,371.680731000593,217.2409628804795,1037.20619017109,0.0,0.0,0.0,154.43976812011354
2024-04-06 20:00:00,154.8669712502471,115.15068102505008,995.3415443964551,0.0,0.0,0.0,39.71629022519703
2024-04-06 21:00:00,154.8669712502471,55.35791596677204,890.449790227324,0.0,0.0,0.0,99.50905528347506
2024-04-06 22:00:00,154.8669712502471,24.136893981054346,752.6481892738393,0.0,0.0,0.0,130.73007726919275
2024-04-06 23:00:00,49.557430800079075,9.544901766364744,710.4712803771215,0.0,0.0,0.0,40.01252903371433
2024-04-07 00:00:00,49.557430800079075,0.3285279176252041,658.5794604371939,0.0,0.0,0.0,49.22890288245387
2024-04-07 01:00:00,49.557430800079075,1.1135684353372173,607.5151458610956,0.0,0.0,0.0,48.44386236474186
2024-04-07 02:00:00,49.557430800079075,3.423339513207258,558.8855437782145,0.0,0.0,0.0,46.134091286871815
2024-04-07 03:00:00,49.557430800079075,9.544901766364744,516.7086348814967,0.0,0.0,0.0,40.01252903371433
2024-04-07 04:00:00,49.557430800079075,24.136893981054346,489.9130363174001,0.0,0.0,0.0,25.42053681902473
2024-04-07 05:00:00,49.557430800079075,55.35791596677204,495.4158597156315,0.0,0.0,5.800485166692965,0.0
2024-04-07 06:00:00,185.8403655002965,115.15068102505008,420.9023897088237,0.0,0.0,0.0,70.68968447524644
2024-04-07 07:00:00,619.4678850009884,217.2409628804795,60.0,59.844852777230244,0.0,0.0,342.38206934327866
2024-04-07 08:00:00,619.4678850009884,371.7109516285837,60.0,247.75693337240472,0.0,0.0,0.0
2024-04-07 09:00:00,619.4678850009884,576.8427306505379,60.0,42.62515435045054,0.0,0.0,0.0
2024-04-07 10:00:00,495.5743080007908,811.8913619361973,360.0847059570637,0.0,0.0,316.31705393540653,0.0
2024-04-07 11:00:00,495.5743080007908,1036.3986700964958,873.1557454560825,0.0,0.0,540.824362095705,0.0
2024-04-07 12:00:00,495.5743080007908,1199.8976500240562,1183.2274308056678,0.0,377.479087479348,326.8442545439175,0.0
2024-04-07 13:00:00,495.5743080007908,1259.9403599999998,1199.1392870657273,0.0,747.5934828048769,16.772569194332164,0.0
2024-04-07 14:00:00,495.5743080007908,1199.8976500240562,1199.9558310508878,0.0,703.4626290889928,0.8607129342726694,0.0
2024-04-07 15:00:00,495.5743080007908,1036.3986700964958,1199.9977333952029,0.0,540.7801931465929,0.0441689491121906,0.0
2024-04-07 16:00:00,495.5743080007908,811.8913619361973,1199.9998836853172,0.0,316.3147873306094,0.002266604797114269,0.0
2024-04-07 17:00:00,495.5743080007908,576.8427306505379,1199.999994031114,0.0,81.26830633506427,0.00011631468282757851,0.0
2024-04-07 18:00:00,371.680731000593,371.7109516285837,1199.9999996936965,0.0,0.03021465910472898,5.968885943730129e-06,0.0
2024-04-07 19:00:00,371.680731000593,217.2409628804795,1037.20619017109,0.0,0.0,0.0,154.43976812011354
2024-04-07 20:00:00,154.8669712502471,115.15068102505008,995.3415443964551,0.0,0.0,0.0,39.71629022519703
2024-04-07 21:00:00,154.8669712502471,55.35791596677204,890.449790227324,0.0,0.0,0.0,99.50905528347506
2024-04-07 22:00:00,154.8669712502471,24.136893981054346,752.6481892738393,0.0,0.0,0.0,130.73007726919275
2024-04-07 23:00:00,49.557430800079075,9.544901766364744,710.4712803771215,0.0,0.0,0.0,40.01252903371433
2024-04-08 00:00:00,49.557430800079075,0.3285279176252041,658.5794604371939,0.0,0.0,0.0,49.22890288245387
2024-04-08 01:00:00,49.557430800079075,1.1135684353372173,607.5151458610956,0.0,0.0,0.0,48.44386236474186
2024-04-08 02:00:00,49.557430800079075,3.423339513207258,558.8855437782145,0.0,0.0,0.0,46.134091286871815
2024-04-08 03:00:00,49.557430800079075,9.544901766364744,516.7086348814967,0.0,0.0,0.0,40.01252903371433
2024-04-08 04:00:00,49.557430800079075,24.136893981054346,489.9130363174001,0.0,0.0,0.0,25.42053681902473
2024-04-08 05:00:00,49.557430800079075,55.35791596677204,495.4158597156315,0.0,0.0,5.800485166692965,0.0
2024-04-08 06:00:00,185.8403655002965,115.15068102505008,420.9023897088237,0.0,0.0,0.0,70.68968447524644
2024-04-08 07:00:00,619.4678850009884,217.2409628804795,60.0,59.844852777230244,0.0,0.0,342.38206934327866
2024-04-08 08:00:00,619.4678850009884,371.7109516285837,60.0,247.75693337240472,0.0,0.0,0.0
2024-04-08 09:00:00,619.4678850009884,576.8427306505379,60.0,42.62515435045054,0.0,0.0,0.0
2024-04-08 10:00:00,495.5743080007908,811.8913619361973,360.0847059570637,0.0,0.0,316.31705393540653,0.0
2024-04-08 11:00:00,495.5743080007908,1036.3986700964958,873.1557454560825,0.0,0.0,540.824362095705,0.0
2024-04-08 12:00:00,495.5743080007908,1199.8976500240562,1183.2274308056678,0.0,377.479087479348,326.8442545439175,0.0
2024-04-08 13:00:00,495.5743080007908,1259.9403599999998,1199.1392870657273,0.0,747.5934828048769,16.772569194332164,0.0
2024-04-08 14:00:00,495.5743080007908,1199.8976500240562,1199.9558310508878,0.0,703.4626290889928,0.8607129342726694,0.0
2024-04-08 15:00:00,495.5743080007908,1036.3986700964958,1199.9977333952029,0.0,540.7801931465929,0.0441689491121906,0.0
2024-04-08 16:00:00,495.5743080007908,811.8913619361973,1199.9998836853172,0.0,316.3147873306094,0.002266604797114269,0.0
2024-04-08 17:00:00,495.5743080007908,576.8427306505379,1199.999994031114,0.0,81.26830633506427,0.00011631468282757851,0.0
2024-04-08 18:00:00,371.680731000593,371.7109516285837,1199.9999996936965,0.0,0.03021465910472898,5.968885943730129e-06,0.0
2024-04-08 19:00:00,371.680731000593,217.2409628804795,1037.20619017109,0.0,0.0,0.0,154.43976812011354
2024-04-08 20:00:00,154.8669712502471,115.15068102505008,995.3415443964551,0.0,0.0,0.0,39.71629022519703
2024-04-08 21:00:00,154.8669712502471,55.35791596677204,890.449790227324,0.0,0.0,0.0,99.50905528347506
2024-04-08 22:00:00,154.8669712502471,24.136893981054346,752.6481892738393,0.0,0.0,0.0,130.73007726919275
2024-04-08 23:00:00,49.557430800079075,9.544901766364744,710.4712803771215,0.0,0.0,0.0,40.01252903371433
2024-04-09 00:00:00,49.557430800079075,0.3285279176252041,658.5794604371939,0.0,0.0,0.0,49.22890288245387
2024-04-09 01:00:00,49.557430800079075,1.1135684353372173,607.5151458610956,0.0,0.0,0.0,48.44386236474186
2024-04-09 02:00:00,49.557430800079075,3.423339513207258,558.8855437782145,0.0,0.0,0.0,46.134091286871815
2024-04-09 03:00:00,49.557430800079075,9.544901766364744,516.7086348814967,0.0,0.0,0.0,40.01252903371433
2024-04-09 04:00:00,49.557430800079075,24.136893981054346,489.9130363174001,0.0,0.0,0.0,25.42053681902473
2024-04-09 05:00:00,49.557430800079075,55.35791596677204,495.4158597156315,0.0,0.0,5.800485166692965,0.0
2024-04-09 06:00:00,185.8403655002965,115.15068102505008,420.9023897088237,0.0,0.0,0.0,70.68968447524644
2024-04-09 07:00:00,619.4678850009884,217.2409628804795,60.0,59.844852777230244,0.0,0.0,342.38206934327866
2024-04-09 08:00:00,619.4678850009884,371.7109516285837,60.0,247.75693337240472,0.0,0.0,0.0
2024-04-09 09:00:00,619.4678850009884,576.8427306505379,60.0,42.62515435045054,0.0,0.0,0.0
2024-04-09 10:00:00,495.5743080007908,811.8913619361973,360.0847059570637,0.0,0.0,316.31705393540653,0.0
2024-04-09 11:00:00,495.5743080007908,1036.3986700964958,873.1557454560825,0.0,0.0,540.824362095705,0.0
2024-04-09 12:00:00,495.5743080007908,1199.8976500240562,1183.2274308056678,0.0,377.479087479348,326.8442545439175,0.0
2024-04-09 13:00:00,495.5743080007908,1259.9403599999998,1199.1392870657273,0.0,747.5934828048769,16.772569194332164,0.0
2024-04-09 14:00:00,495.5743080007908,1199.8976500240562,1199.9558310508878,0.0,703.4626290889928,0.8607129342726694,0.0
2024-04-09 15:00:00,495.5743080007908,1036.3986700964958,1199.9977333952029,0.0,540.7801931465929,0.0441689491121906,0.0
2024-04-09 16:00:00,495.5743080007908,811.8913619361973,1199.9998836853172,0.0,316.3147873306094,0.002266604797114269,0.0
2024-04-09 17:00:00,495.5743080007908,576.8427306505379,1199.999994031114,0.0,81.26830633506427,0.00011631468282757851,0.0
2024-04-09 18:00:00,371.680731000593,371.7109516285837,1199.9999996936965,0.0,0.03021465910472898,5.968885943730129e-06,0.0
2024-04-09 19:00:00,371.680731000593,217.2409628804795,1037.20619017109,0.0,0.0,0.0,154.43976812011354
2024-04-09 20:00:00,154.8669712502471,115.15068102505008,995.3415443964551,0.0,0.0,0.0,39.71629022519703
2024-04-09 21:00:00,154.8669712502471,55.35791596677204,890.449790227324,0.0,0.0,0.0,99.50905528347506
2024-04-09 22:00:00,154.8669712502471,24.136893981054346,752.6481892738393,0.0,0.0,0.0,130.73007726919275
2024-04-09 23:00:00,49.557430800079075,9.544901766364744,710.4712803771215,0.0,0.0,0.0,40.01252903371433
2024-04-10 00:00:00,49.557430800079075,0.3285279176252041,658.5794604371939,0.0,0.0,0.0,49.22890288245387
2024-04-10 01:00:00,49.557430800079075,1.1135684353372173,607.5151458610956,0.0,0.0,0.0,48.44386236474186
2024-04-10 02:00:00,49.557430800079075,3.423339513207258,558.8855437782145,0.0,0.0,0.0,46.134091286871815
2024-04-10 03:00:00,49.557430800079075,9.544901766364744,516.7086348814967,0.0,0.0,0.0,40.01252903371433
2024-04-10 04:00:00,49.557430800079075,24.136893981054346,489.9130363174001,0.0,0.0,0.0,25.42053681902473
2024-04-10 05:00:00,49.557430800079075,55.35791596677204,495.4158597156315,0.0,0.0,5.800485166692965,0.0
2024-04-10 06:00:00,185.8403655002965,115.15068102505008,420.9023897088237,0.0,0.0,0.0,70.68968447524644
2024-04-10 07:00:00,619.4678850009884,217.2409628804795,60.0,59.844852777230244,0.0,0.0,342.38206934327866
2024-04-10 08:00:00,619.4678850009884,371.7109516285837,60.0,247.75693337240472,0.0,0.0,0.0
2024-04-10 09:00:00,619.4678850009884,576.8427306505379,60.0,42.62515435045054,0.0,0.0,0.0
2024-04-10 10:00:00,495.5743080007908,811.8913619361973,360.0847059570637,0.0,0.0,316.31705393540653,0.0
2024-04-10 11:00:00,495.5743080007908,1036.3986700964958,873.1557454560825,0.0,0.0,540.824362095705,0.0
2024-04-10 12:00:00,495.5743080007908,1199.8976500240562,1183.2274308056678,0.0,377.479087479348,326.8442545439175,0.0
2024-04-10 13:00:00,495.5743080007908,1259.9403599999998,1199.1392870657273,0.0,747.5934828048769,16.772569194332164,0.0
2024-04-10 14:00:00,495.5743080007908,1199.8976500240562,1199.9558310508878,0.0,703.4626290889928,0.8607129342726694,0.0
2024-04-10 15:00:00,495.5743080007908,1036.3986700964958,1199.9977333952029,0.0,540.7801931465929,0.0441689491121906,0.0
2024-04-10 16:00:00,495.5743080007908,811.8913619361973,1199.9998836853172,0.0,316.3147873306094,0.002266604797114269,0.0
2024-04-10 17:00:00,495.5743080007908,576.8427306505379,1199.999994031114,0.0,81.26830633506427,0.00011631468282757851,0.0
2024-04-10 18:00:00,371.680731000593,371.7109516285837,1199.9999996936965,0.0,0.03021465910472898,5.968885943730129e-06,0.0
2024-04-10 19:00:00,371.680731000593,217.2409628804795,1037.20619017109,0.0,0.0,0.0,154.43976812011354
2024-04-10 20:00:00,154.8669712502471,115.15068102505008,995.3415443964551,0.0,0.0,0.0,39.71629022519703
2024-04-10 21:00:00,154.8669712502471,55.35791596677204,890.449790227324,0.0,0.0,0.0,99.50905528347506
2024-04-10 22:00:00,154.8669712502471,24.136893981054346,752.6481892738393,0.0,0.0,0.0,130.73007726919275
2024-04-10 23:00:00,49.557430800079075,9.544901766364744,710.4712803771215,0.0,0.0,0.0,40.01252903371433
2024-04-11 00:00:00,49.55743080007908,0.3285279176252041,658.5794604371939,0.0,0.0,0.0,49.22890288245388
2024-04-11 01:00:00,49.55743080007908,1.1135684353372173,607.5151458610956,0.0,0.0,0.0,48.44386236474187
2024-04-11 02:00:00,49.55743080007908,3.423339513207258,558.8855437782145,0.0,0.0,0.0,46.13409128687182
2024-04-11 03:00:00,49.55743080007908,9.544901766364744,516.7086348814967,0.0,0.0,0.0,40.01252903371434
2024-04-11 04:00:00,49.55743080007908,24.136893981054346,489.9130363174001,0.0,0.0,0.0,25.420536819024736
2024-04-11 05:00:00,49.55743080007908,55.35791596677204,495.4158597156315,0.0,0.0,5.800485166692958,0.0
2024-04-11 06:00:00,185.8403655002965,115.15068102505008,420.9023897088237,0.0,0.0,0.0,70.68968447524644
2024-04-11 07:00:00,619.4678850009884,217.2409628804795,60.0,59.844852777230244,0.0,0.0,342.38206934327866
2024-04-11 08:00:00,619.4678850009884,371.7109516285837,60.0,247.75693337240472,0.0,0.0,0.0
2024-04-11 09:00:00,619.4678850009884,576.8427306505379,60.0,42.62515435045054,0.0,0.0,0.0
2024-04-11 10:00:00,495.5743080007908,811.8913619361973,360.0847059570637,0.0,0.0,316.31705393540653,0.0
2024-04-11 11:00:00,495.5743080007908,1036.3986700964958,873.1557454560825,0.0,0.0,540.824362095705,0.0
2024-04-11 12:00:00,495.5743080007908,1199.8976500240562,1183.2274308056678,0.0,377.479087479348,326.8442545439175,0.0
2024-04-11 13:00:00,495.5743080007908,1259.9403599999998,1199.1392870657273,0.0,747.5934828048769,16.772569194332164,0.0
2024-04-11 14:00:00,495.5743080007908,1199.8976500240562,1199.9558310508878,0.0,703.4626290889928,0.8607129342726694,0.0
2024-04-11 15:00:00,495.5743080007908,1036.3986700964958,1199.9977333952029,0.0,540.7801931465929,0.0441689491121906,0.0
2024-04-11 16:00:00,495.5743080007908,811.8913619361973,1199.9998836853172,0.0,316.3147873306094,0.002266604797114269,0.0
2024-04-11 17:00:00,495.5743080007908,576.8427306505379,1199.999994031114,0.0,81.26830633506427,0.00011631468282757851,0.0
2024-04-11 18:00:00,371.680731000593,371.7109516285837,1199.9999996936965,0.0,0.03021465910472898,5.968885943730129e-06,0.0
2024-04-11 19:00:00,371.680731000593,217.2409628804795,1037.20619017109,0.0,0.0,0.0,154.43976812011354
2024-04-11 20:00:00,154.8669712502471,115.15068102505008,995.3415443964551,0.0,0.0,0.0,39.71629022519703
2024-04-11 21:00:00,154.8669712502471,55.35791596677204,890.449790227324,0.0,0.0,0.0,99.50905528347506
2024-04-11 22:00:00,154.8669712502471,24.136893981054346,752.6481892738393,0.0,0.0,0.0,130.73007726919275
2024-04-11 23:00:00,49.55743080007908,9.544901766364744,710.4712803771215,0.0,0.0,0.0,40.01252903371434
2024-04-12 00:00:00,49.55743080007908,0.3285279176252041,658.5794604371939,0.0,0.0,0.0,49.22890288245388
2024-04-12 01:00:00,49.55743080007908,1.1135684353372173,607.5151458610956,0.0,0.0,0.0,48.44386236474187
2024-04-12 02:00:00,49.55743080007908,3.423339513207258,558.8855437782145,0.0,0.0,0.0,46.13409128687182
2024-04-12 03:00:00,49.55743080007908,9.544901766364744,516.7086348814967,0.0,0.0,0.0,40.01252903371434
2024-04-12 04:00:00,49.55743080007908,24.136893981054346,489.9130363174001,0.0,0.0,0.0,25.420536819024736
2024-04-12 05:00:00,49.55743080007908,55.35791596677204,495.4158597156315,0.0,0.0,5.800485166692958,0.0
2024-04-12 06:00:00,185.8403655002965,115.15068102505008,420.9023897088237,0.0,0.0,0.0,70.68968447524644
2024-04-12 07:00:00,619.4678850009884,217.2409628804795,60.0,59.844852777230244,0.0,0.0,342.38206934327866
2024-04-12 08:00:00,619.4678850009884,371.7109516285837,60.0,247.75693337240472,0.0,0.0,0.0
2024-04-12 09:00:00,619.4678850009884,576.8427306505379,60.0,42.62515435045054,0.0,0.0,0.0
2024-04-12 10:00:00,495.5743080007908,811.8913619361973,360.0847059570637,0.0,0.0,316.31705393540653,0.0
2024-04-12 11:00:00,495.5743080007908,1036.3986700964958,873.1557454560825,0.0,0.0,540.824362095705,0.0
2024-04-12 12:00:00,495.5743080007908,1199.8976500240562,1183.2274308056678,0.0,377.479087479348,326.8442545439175,0.0
2024-04-12 13:00:00,495.5743080007908,1259.9403599999998,1199.1392870657273,0.0,747.5934828048769,16.772569194332164,0.0
2024-04-12 14:00:00,495.5743080007908,1199.8976500240562,1199.9558310508878,0.0,703.4626290889928,0.8607129342726694,0.0
2024-04-12 15:00:00,495.5743080007908,1036.3986700964958,1199.9977333952029,0.0,540.7801931465929,0.0441689491121906,0.0
2024-04-12 16:00:00,495.5743080007908,811.8913619361973,1199.9998836853172,0.0,316.3147873306094,0.002266604797114269,0.0
2024-04-12 17:00:00,495.5743080007908,576.8427306505379,1199.999994031114,0.0,81.26830633506427,0.00011631468282757851,0.0
2024-04-12 18:00:00,371.680731000593,371.7109516285837,1199.9999996936965,0.0,0.03021465910472898,5.968885943730129e-06,0.0
2024-04-12 19:00:00,371.680731000593,217.2409628804795,1037.20619017109,0.0,0.0,0.0,154.43976812011354
2024-04-12 20:00:00,154.8669712502471,115.15068102505008,995.3415443964551,0.0,0.0,0.0,39.71629022519703
2024-04-12 21:00:00,154.8669712502471,55.35791596677204,890.449790227324,0.0,0.0,0.0,99.50905528347506
2024-04-12 22:00:00,154.8669712502471,24.136893981054346,752.6481892738393,0.0,0.0,0.0,130.73007726919275
2024-04-12 23:00:00,49.55743080007908,9.544901766364744,710.4712803771215,0.0,0.0,0.0,40.01252903371434
2024-04-13 00:00:00,49.557430800079075,0.3285279176252041,658.5794604371939,0.0,0.0,0.0,49.22890288245387
2024-04-13 01:00:00,49.557430800079075,1.1135684353372173,607.5151458610956,0.0,0.0,0.0,48.44386236474186
2024-04-13 02:00:00,49.557430800079075,3.423339513207258,558.8855437782145,0.0,0.0,0.0,46.134091286871815
2024-04-13 03:00:00,49.557430800079075,9.544901766364744,516.7086348814967,0.0,0.0,0.0,40.01252903371433
2024-04-13 04:00:00,49.557430800079075,24.136893981054346,489.9130363174001,0.0,0.0,0.0,25.42053681902473
2024-04-13 05:00:00,49.557430800079075,55.35791596677204,495.4158597156315,0.0,0.0,5.800485166692965,0.0
2024-04-13 06:00:00,185.8403655002965,115.15068102505008,420.9023897088237,0.0,0.0,0.0,70.68968447524644
2024-04-13 07:00:00,619.4678850009884,217.2409628804795,60.0,59.844852777230244,0.0,0.0,342.38206934327866
2024-04-13 08:00:00,619.4678850009884,371.7109516285837,60.0,247.75693337240472,0.0,0.0,0.0
2024-04-13 09:00:00,619.4678850009884,576.8427306505379,60.0,42.62515435045054,0.0,0.0,0.0
2024-04-13 10:00:00,495.5743080007908,811.8913619361973,360.0847059570637,0.0,0.0,316.31705393540653,0.0
2024-04-13 11:00:00,495.5743080007908,1036.3986700964958,873.1557454560825,0.0,0.0,540.824362095705,0.0
2024-04-13 12:00:00,495.5743080007908,1199.8976500240562,1183.2274308056678,0.0,377.479087479348,326.8442545439175,0.0
2024-04-13 13:00:00,495.5743080007908,1259.9403599999998,1199.1392870657273,0.0,747.5934828048769,16.772569194332164,0.0
2024-04-13 14:00:00,495.5743080007908,1199.8976500240562,1199.9558310508878,0.0,703.4626290889928,0.8607129342726694,0.0
2024-04-13 15:00:00,495.5743080007908,1036.3986700964958,1199.9977333952029,0.0,540.7801931465929,0.0441689491121906,0.0
2024-04-13 16:00:00,495.5743080007908,811.8913619361973,1199.9998836853172,0.0,316.3147873306094,0.002266604797114269,0.0
2024-04-13 17:00:00,495.5743080007908,576.8427306505379,1199.999994031114,0.0,81.26830633506427,0.00011631468282757851,0.0
2024-04-13 18:00:00,371.680731000593,371.7109516285837,1199.9999996936965,0.0,0.03021465910472898,5.968885943730129e-06,0.0
2024-04-13 19:00:00,371.680731000593,217.2409628804795,1037.20619017109,0.0,0.0,0.0,154.43976812011354
2024-04-13 20:00:00,154.8669712502471,115.15068102505008,995.3415443964551,0.0,0.0,0.0,39.71629022519703
2024-04-13 21:00:00,154.8669712502471,55.35791596677204,890.449790227324,0.0,0.0,0.0,99.50905528347506
2024-04-13 22:00:00,154.8669712502471,24.136893981054346,752.6481892738393,0.0,0.0,0.0,130.73007726919275
2024-04-13 23:00:00,49.557430800079075,9.544901766364744,710.4712803771215,0.0,0.0,0.0,40.01252903371433
2024-04-14 00:00:00,49.557430800079075,0.3285279176252041,658.5794604371939,0.0,0.0,0.0,49.22890288245387
2024-04-14 01:00:00,49.557430800079075,1.1135684353372173,607.5151458610956,0.0,0.0,0.0,48.44386236474186
2024-04-14 02:00:00,49.557430800079075,3.423339513207258,558.8855437782145,0.0,0.0,0.0,46.134091286871815
2024-04-14 03:00:00,49.557430800079075,9.544901766364744,516.7086348814967,0.0,0.0,0.0,40.01252903371433
2024-04-14 04:00:00,49.557430800079075,24.136893981054346,489.9130363174001,0.0,0.0,0.0,25.42053681902473
2024-04-14 05:00:00,49.557430800079075,55.35791596677204,495.4158597156315,0.0,0.0,5.800485166692965,0.0
2024-04-14 06:00:00,185.8403655002965,115.15068102505008,420.9023897088237,0.0,0.0,0.0,70.68968447524644
2024-04-14 07:00:00,619.4678850009884,217.2409628804795,60.0,59.844852777230244,0.0,0.0,342.38206934327866
2024-04-14 08:00:00,619.4678850009884,371.7109516285837,60.0,247.75693337240472,0.0,0.0,0.0
2024-04-14 09:00:00,619.4678850009884,576.8427306505379,60.0,42.62515435045054,0.0,0.0,0.0
2024-04-14 10:00:00,495.5743080007908,811.8913619361973,360.0847059570637,0.0,0.0,316.31705393540653,0.0
2024-04-14 11:00:00,495.5743080007908,1036.3986700964958,873.1557454560825,0.0,0.0,540.824362095705,0.0
2024-04-14 12:00:00,495.5743080007908,1199.8976500240562,1183.2274308056678,0.0,377.479087479348,326.8442545439175,0.0
2024-04-14 13:00:00,495.5743080007908,1259.9403599999998,1199.1392870657273,0.0,747.5934828048769,16.772569194332164,0.0
2024-04-14 14:00:00,495.5743080007908,1199.8976500240562,1199.9558310508878,0.0,703.4626290889928,0.8607129342726694,0.0
2024-04-14 15:00:00,495.5743080007908,1036.3986700964958,1199.9977333952029,0.0,540.7801931465929,0.0441689491121906,0.0
2024-04-14 16:00:00,495.5743080007908,811.8913619361973,1199.9998836853172,0.0,316.3147873306094,0.002266604797114269,0.0
2024-04-14 17:00:00,495.5743080007908,576.8427306505379,1199.999994031114,0.0,81.26830633506427,0.00011631468282757851,0.0
2024-04-14 18:00:00,371.680731000593,371.7109516285837,1199.9999996936965,0.0,0.03021465910472898,5.968885943730129e-06,0.0
2024-04-14 19:00:00,371.680731000593,217.2409628804795,1037.20619017109,0.0,0.0,0.0,154.43976812011354
2024-04-14 20:00:00,154.8669712502471,115.15068102505008,995.3415443964551,0.0,0.0,0.0,39.71629022519703
2024-04-14 21:00:00,154.8669712502471,55.35791596677204,890.449790227324,0.0,0.0,0.0,99.50905528347506
2024-04-14 22:00:00,154.8669712502471,24.136893981054346,752.6481892738393,0.0,0.0,0.0,130.73007726919275
2024-04-14 23:00:00,49.557430800079075,9.544901766364744,710.4712803771215,0.0,0.0,0.0,40.01252903371433
2024-04-15 00:00:00,49.557430800079075,0.3285279176252041,658.5794604371939,0.0,0.0,0.0,49.22890288245387
2024-04-15 01:00:00,49.557430800079075,1.1135684353372173,607.5151458610956,0.0,0.0,0.0,48.44386236474186
2024-04-15 02:00:00,49.557430800079075,3.423339513207258,558.8855437782145,0.0,0.0,0.0,46.134091286871815
2024-04-15 03:00:00,49.557430800079075,9.544901766364744,516.7086348814967,0.0,0.0,0.0,40.01252903371433
2024-04-15 04:00:00,49.557430800079075,24.136893981054346,489.9130363174001,0.0,0.0,0.0,25.42053681902473
2024-04-15 05:00:00,49.557430800079075,55.35791596677204,495.4158597156315,0.0,0.0,5.800485166692965,0.0
2024-04-15 06:00:00,185.8403655002965,115.15068102505008,420.9023897088237,0.0,0.0,0.0,70.68968447524644
2024-04-15 07:00:00,619.4678850009884,217.2409628804795,60.0,59.844852777230244,0.0,0.0,342.38206934327866
2024-04-15 08:00:00,619.4678850009884,371.7109516285837,60.0,247.75693337240472,0.0,0.0,0.0
2024-04-15 09:00:00,619.4678850009884,576.8427306505379,60.0,42.62515435045054,0.0,0.0,0.0
2024-04-15 10:00:00,495.5743080007908,811.8913619361973,360.0847059570637,0.0,0.0,316.31705393540653,0.0
2024-04-15 11:00:00,495.5743080007908,1036.3986700964958,873.1557454560825,0.0,0.0,540.824362095705,0.0
2024-04-15 12:00:00,495.5743080007908,1199.8976500240562,1183.2274308056678,0.0,377.479087479348,326.8442545439175,0.0
2024-04-15 13:00:00,495.5743080007908,1259.9403599999998,1199.1392870657273,0.0,747.5934828048769,16.772569194332164,0.0
2024-04-15 14:00:00,495.5743080007908,1199.8976500240562,1199.9558310508878,0.0,703.4626290889928,0.8607129342726694,0.0
2024-04-15 15:00:00,495.5743080007908,1036.3986700964958,1199.9977333952029,0.0,540.7801931465929,0.0441689491121906,0.0
2024-04-15 16:00:00,495.5743080007908,811.8913619361973,1199.9998836853172,0.0,316.3147873306094,0.002266604797114269,0.0
2024-04-15 17:00:00,495.5743080007908,576.8427306505379,1199.999994031114,0.0,81.26830633506427,0.00011631468282757851,0.0
2024-04-15 18:00:00,371.680731000593,371.7109516285837,1199.9999996936965,0.0,0.03021465910472898,5.968885943730129e-06,0.0
2024-04-15 19:00:00,371.680731000593,217.2409628804795,1037.20619017109,0.0,0.0,0.0,154.43976812011354
2024-04-15 20:00:00,154.8669712502471,115.15068102505008,995.3415443964551,0.0,0.0,0.0,39.71629022519703
2024-04-15 21:00:00,154.8669712502471,55.35791596677204,890.449790227324,0.0,0.0,0.0,99.50905528347506
2024-04-15 22:00:00,154.8669712502471,24.136893981054346,752.6481892738393,0.0,0.0,0.0,130.73007726919275
2024-04-15 23:00:00,49.557430800079075,9.544901766364744,710.4712803771215,0.0,0.0,0.0,40.01252903371433
2024-04-16 00:00:00,49.557430800079075,0.3285279176252041,658.5794604371939,0.0,0.0,0.0,49.22890288245387
2024-04-16 01:00:00,49.557430800079075,1.1135684353372173,607.5151458610956,0.0,0.0,0.0,48.44386236474186
2024-04-16 02:00:00,49.557430800079075,3.423339513207258,558.8855437782145,0.0,0.0,0.0,46.134091286871815
2024-04-16 03:00:00,49.557430800079075,9.544901766364744,516.7086348814967,0.0,0.0,0.0,40.01252903371433
2024-04-16 04:00:00,49.557430800079075,24.136893981054346,489.9130363174001,0.0,0.0,0.0,25.42053681902473
2024-04-16 05:00:00,49.557430800079075,55.35791596677204,495.4158597156315,0.0,0.0,5.800485166692965,0.0
2024-04-16 06:00:00,185.8403655002965,115.15068102505008,420.9023897088237,0.0,0.0,0.0,70.68968447524644
2024-04-16 07:00:00,619.4678850009884,217.2409628804795,60.0,59.844852777230244,0.0,0.0,342.38206934327866
2024-04-16 08:00:00,619.4678850009884,371.7109516285837,60.0,247.75693337240472,0.0,0.0,0.0
2024-04-16 09:00:00,619.4678850009884,576.8427306505379,60.0,42.62515435045054,0.0,0.0,0.0
2024-04-16 10:00:00,495.5743080007908,811.8913619361973,360.0847059570637,0.0,0.0,316.31705393540653,0.0
2024-04-16 11:00:00,495.5743080007908,1036.3986700964958,873.1557454560825,0.0,0.0,540.824362095705,0.0
2024-04-16 12:00:00,495.5743080007908,1199.8976500240562,1183.2274308056678,0.0,377.479087479348,326.8442545439175,0.0
2024-04-16 13:00:00,495.5743080007908,1259.9403599999998,1199.1392870657273,0.0,747.5934828048769,16.772569194332164,0.0
2024-04-16 14:00:00,495.5743080007908,1199.8976500240562,1199.9558310508878,0.0,703.4626290889928,0.8607129342726694,0.0
2024-04-16 15:00:00,495.5743080007908,1036.3986700964958,1199.9977333952029,0.0,540.7801931465929,0.0441689491121906,0.0
2024-04-16 16:00:00,495.5743080007908,811.8913619361973,1199.9998836853172,0.0,316.3147873306094,0.002266604797114269,0.0
2024-04-16 17:00:00,495.5743080007908,576.8427306505379,1199.999994031114,0.0,81.26830633506427,0.00011631468282757851,0.0
2024-04-16 18:00:00,371.680731000593,371.7109516285837,1199.9999996936965,0.0,0.03021465910472898,5.968885943730129e-06,0.0
2024-04-16 19:00:00,371.680731000593,217.2409628804795,1037.20619017109,0.0,0.0,0.0,154.43976812011354
2024-04-16 20:00:00,154.8669712502471,115.15068102505008,995.3415443964551,0.0,0.0,0.0,39.71629022519703
2024-04-16 21:00:00,154.8669712502471,55.35791596677204,890.449790227324,0.0,0.0,0.0,99.50905528347506
2024-04-16 22:00:00,154.8669712502471,24.136893981054346,752.6481892738393,0.0,0.0,0.0,130.73007726919275
2024-04-16 23:00:00,49.557430800079075,9.544901766364744,710.4712803771215,0.0,0.0,0.0,40.01252903371433
2024-04-17 00:00:00,49.557430800079075,0.3285279176252041,658.5794604371939,0.0,0.0,0.0,49.22890288245387
2024-04-17 01:00:00,49.557430800079075,1.1135684353372173,607.5151458610956,0.0,0.0,0.0,48.44386236474186
2024-04-17 02:00:00,49.557430800079075,3.423339513207258,558.8855437782145,0.0,0.0,0.0,46.134091286871815
2024-04-17 03:00:00,49.557430800079075,9.544901766364744,516.7086348814967,0.0,0.0,0.0,40.01252903371433
2024-04-17 04:00:00,49.557430800079075,24.136893981054346,489.9130363174001,0.0,0.0,0.0,25.42053681902473
2024-04-17 05:00:00,49.557430800079075,55.35791596677204,495.4158597156315,0.0,0.0,5.800485166692965,0.0
2024-04-17 06:00:00,185.8403655002965,115.15068102505008,420.9023897088237,0.0,0.0,0.0,70.68968447524644
2024-04-17 07:00:00,619.4678850009884,217.2409628804795,60.0,59.844852777230244,0.0,0.0,342.38206934327866
2024-04-17 08:00:00,619.4678850009884,371.7109516285837,60.0,247.75693337240472,0.0,0.0,0.0
2024-04-17 09:00:00,619.4678850009884,576.8427306505379,60.0,42.62515435045054,0.0,0.0,0.0
2024-04-17 10:00:00,495.5743080007908,811.8913619361973,360.0847059570637,0.0,0.0,316.31705393540653,0.0
2024-04-17 11:00:00,495.5743080007908,1036.3986700964958,873.1557454560825,0.0,0.0,540.824362095705,0.0
2024-04-17 12:00:00,495.5743080007908,1199.8976500240562,1183.2274308056678,0.0,377.479087479348,326.8442545439175,0.0
2024-04-17 13:00:00,495.5743080007908,1259.9403599999998,1199.1392870657273,0.0,747.5934828048769,16.772569194332164,0.0
2024-04-17 14:00:00,495.5743080007908,1199.8976500240562,1199.9558310508878,0.0,703.4626290889928,0.8607129342726694,0.0
2024-04-17 15:00:00,495.5743080007908,1036.3986700964958,1199.9977333952029,0.0,540.7801931465929,0.0441689491121906,0.0
2024-04-17 16:00:00,495.5743080007908,811.8913619361973,1199.9998836853172,0.0,316.3147873306094,0.002266604797114269,0.0
2024-04-17 17:00:00,495.5743080007908,576.8427306505379,1199.999994031114,0.0,81.26830633506427,0.00011631468282757851,0.0
2024-04-17 18:00:00,371.680731000593,371.7109516285837,1199.9999996936965,0.0,0.03021465910472898,5.968885943730129e-06,0.0
2024-04-17 19:00:00,371.680731000593,217.2409628804795,1037.20619017109,0.0,0.0,0.0,154.43976812011354
2024-04-17 20:00:00,154.8669712502471,115.15068102505008,995.3415443964551,0.0,0.0,0.0,39.71629022519703
2024-04-17 21:00:00,154.8669712502471,55.35791596677204,890.449790227324,0.0,0.0,0.0,99.50905528347506
2024-04-17 22:00:00,154.8669712502471,24.136893981054346,752.6481892738393,0.0,0.0,0.0,130.73007726919275
2024-04-17 23:00:00,49.557430800079075,9.544901766364744,710.4712803771215,0.0,0.0,0.0,40.01252903371433
2024-04-18 00:00:00,49.55743080007908,0.3285279176252041,658.5794604371939,0.0,0.0,0.0,49.22890288245388
2024-04-18 01:00:00,49.55743080007908,1.1135684353372173,607.5151458610956,0.0,0.0,0.0,48.44386236474187
2024-04-18 02:00:00,49.55743080007908,3.423339513207258,558.8855437782145,0.0,0.0,0.0,46.13409128687182
2024-04-18 03:00:00,49.55743080007908,9.544901766364744,516.7086348814967,0.0,0.0,0.0,40.01252903371434
2024-04-18 04:00:00,49.55743080007908,24.136893981054346,489.9130363174001,0.0,0.0,0.0,25.420536819024736
2024-04-18 05:00:00,49.55743080007908,55.35791596677204,495.4158597156315,0.0,0.0,5.800485166692958,0.0
2024-04-18 06:00:00,185.8403655002965,115.15068102505008,420.9023897088237,0.0,0.0,0.0,70.68968447524644
2024-04-18 07:00:00,619.4678850009884,217.2409628804795,60.0,59.844852777230244,0.0,0.0,342.38206934327866
2024-04-18 08:00:00,619.4678850009884,371.7109516285837,60.0,247.75693337240472,0.0,0.0,0.0
2024-04-18 09:00:00,619.4678850009884,576.8427306505379,60.0,42.62515435045054,0.0,0.0,0.0
2024-04-18 10:00:00,495.5743080007908,811.8913619361973,360.0847059570637,0.0,0.0,316.31705393540653,0.0
2024-04-18 11:00:00,495.5743080007908,1036.3986700964958,873.1557454560825,0.0,0.0,540.824362095705,0.0
2024-04-18 12:00:00,495.5743080007908,1199.8976500240562,1183.2274308056678,0.0,377.479087479348,326.8442545439175,0.0
2024-04-18 13:00:00,495.5743080007908,1259.9403599999998,1199.1392870657273,0.0,747.5934828048769,16.772569194332164,0.0
2024-04-18 14:00:00,495.5743080007908,1199.8976500240562,1199.9558310508878,0.0,703.4626290889928,0.8607129342726694,0.0
2024-04-18 15:00:00,495.5743080007908,1036.3986700964958,1199.9977333952029,0.0,540.7801931465929,0.0441689491121906,0.0
2024-04-18 16:00:00,495.5743080007908,811.8913619361973,1199.9998836853172,0.0,316.3147873306094,0.002266604797114269,0.0
2024-04-18 17:00:00,495.5743080007908,576.8427306505379,1199.999994031114,0.0,81.26830633506427,0.00011631468282757851,0.0
2024-04-18 18:00:00,371.680731000593,371.7109516285837,1199.9999996936965,0.0,0.03021465910472898,5.968885943730129e-06,0.0
2024-04-18 19:00:00,371.680731000593,217.2409628804795,1037.20619017109,0.0,0.0,0.0,154.43976812011354
2024-04-18 20:00:00,154.8669712502471,115.15068102505008,995.3415443964551,0.0,0.0,0.0,39.71629022519703
2024-04-18 21:00:00,154.8669712502471,55.35791596677204,890.449790227324,0.0,0.0,0.0,99.50905528347506
2024-04-18 22:00:00,154.8669712502471,24.136893981054346,752.6481892738393,0.0,0.0,0.0,130.73007726919275
2024-04-18 23:00:00,49.55743080007908,9.544901766364744,710.4712803771215,0.0,0.0,0.0,40.01252903371434
2024-04-19 00:00:00,49.55743080007908,0.3285279176252041,658.5794604371939,0.0,0.0,0.0,49.22890288245388
2024-04-19 01:00:00,49.55743080007908,1.1135684353372173,607.5151458610956,0.0,0.0,0.0,48.44386236474187
2024-04-19 02:00:00,49.55743080007908,3.423339513207258,558.8855437782145,0.0,0.0,0.0,46.13409128687182
2024-04-19 03:00:00,49.55743080007908,9.544901766364744,516.7086348814967,0.0,0.0,0.0,40.01252903371434
2024-04-19 04:00:00,49.55743080007908,24.136893981054346,489.9130363174001,0.0,0.0,0.0,25.420536819024736
2024-04-19 05:00:00,49.55743080007908,55.35791596677204,495.4158597156315,0.0,0.0,5.800485166692958,0.0
2024-04-19 06:00:00,185.8403655002965,115.15068102505008,420.9023897088237,0.0,0.0,0.0,70.68968447524644
2024-04-19 07:00:00,619.4678850009884,217.2409628804795,60.0,59.844852777230244,0.0,0.0,342.38206934327866
2024-04-19 08:00:00,619.4678850009884,371.7109516285837,60.0,247.75693337240472,0.0,0.0,0.0
2024-04-19 09:00:00,619.4678850009884,576.8427306505379,60.0,42.62515435045054,0.0,0.0,0.0
2024-04-19 10:00:00,495.5743080007908,811.8913619361973,360.0847059570637,0.0,0.0,316.31705393540653,0.0
2024-04-19 11:00:00,495.5743080007908,1036.3986700964958,873.1557454560825,0.0,0.0,540.824362095705,0.0
2024-04-19 12:00:00,495.5743080007908,1199.8976500240562,1183.2274308056678,0.0,377.479087479348,326.8442545439175,0.0
2024-04-19 13:00:00,495.5743080007908,1259.9403599999998,1199.1392870657273,0.0,747.5934828048769,16.772569194332164,0.0
2024-04-19 14:00:00,495.5743080007908,1199.8976500240562,1199.9558310508878,0.0,703.4626290889928,0.8607129342726694,0.0
2024-04-19 15:00:00,495.5743080007908,1036.3986700964958,1199.9977333952029,0.0,540.7801931465929,0.0441689491121906,0.0
2024-04-19 16:00:00,495.5743080007908,811.8913619361973,1199.9998836853172,0.0,316.3147873306094,0.002266604797114269,0.0
2024-04-19 17:00:00,495.5743080007908,576.8427306505379,1199.999994031114,0.0,81.26830633506427,0.00011631468282757851,0.0
2024-04-19 18:00:00,371.680731000593,371.7109516285837,1199.9999996936965,0.0,0.03021465910472898,5.968885943730129e-06,0.0
2024-04-19 19:00:00,371.680731000593,217.2409628804795,1037.20619017109,0.0,0.0,0.0,154.43976812011354
2024-04-19 20:00:00,154.8669712502471,115.15068102505008,995.3415443964551,0.0,0.0,0.0,39.71629022519703
2024-04-19 21:00:00,154.8669712502471,55.35791596677204,890.449790227324,0.0,0.0,0.0,99.50905528347506
2024-04-19 22:00:00,154.8669712502471,24.136893981054346,752.6481892738393,0.0,0.0,0.0,130.73007726919275
2024-04-19 23:00:00,49.55743080007908,9.544901766364744,710.4712803771215,0.0,0.0,0.0,40.01252903371434
2024-04-20 00:00:00,49.557430800079075,0.3285279176252041,658.5794604371939,0.0,0.0,0.0,49.22890288245387
2024-04-20 01:00:00,49.557430800079075,1.1135684353372173,607.5151458610956,0.0,0.0,0.0,48.44386236474186
2024-04-20 02:00:00,49.557430800079075,3.423339513207258,558.8855437782145,0.0,0.0,0.0,46.134091286871815
2024-04-20 03:00:00,49.557430800079075,9.544901766364744,516.7086348814967,0.0,0.0,0.0,40.01252903371433
2024-04-20 04:00:00,49.557430800079075,24.136893981054346,489.9130363174001,0.0,0.0,0.0,25.42053681902473
2024-04-20 05:00:00,49.557430800079075,55.35791596677204,495.4158597156315,0.0,0.0,5.800485166692965,0.0
2024-04-20 06:00:00,185.8403655002965,115.15068102505008,420.9023897088237,0.0,0.0,0.0,70.68968447524644
2024-04-20 07:00:00,619.4678850009884,217.2409628804795,60.0,59.844852777230244,0.0,0.0,342.38206934327866
2024-04-20 08:00:00,619.4678850009884,371.7109516285837,60.0,247.75693337240472,0.0,0.0,0.0
2024-04-20 09:00:00,619.4678850009884,576.8427306505379,60.0,42.62515435045054,0.0,0.0,0.0
2024-04-20 10:00:00,495.5743080007908,811.8913619361973,360.0847059570637,0.0,0.0,316.31705393540653,0.0
2024-04-20 11:00:00,495.5743080007908,1036.3986700964958,873.1557454560825,0.0,0.0,540.824362095705,0.0
2024-04-20 12:00:00,495.5743080007908,1199.8976500240562,1183.2274308056678,0.0,377.479087479348,326.8442545439175,0.0
2024-04-20 13:00:00,495.5743080007908,1259.9403599999998,1199.1392870657273,0.0,747.5934828048769,16.772569194332164,0.0
2024-04-20 14:00:00,495.5743080007908,1199.8976500240562,1199.9558310508878,0.0,703.4626290889928,0.8607129342726694,0.0
2024-04-20 15:00:00,495.5743080007908,1036.3986700964958,1199.9977333952029,0.0,540.7801931465929,0.0441689491121906,0.0
2024-04-20 16:00:00,495.5743080007908,811.8913619361973,1199.9998836853172,0.0,316.3147873306094,0.002266604797114269,0.0
2024-04-20 17:00:00,495.5743080007908,576.8427306505379,1199.999994031114,0.0,81.26830633506427,0.00011631468282757851,0.0
2024-04-20 18:00:00,371.680731000593,371.7109516285837,1199.9999996936965,0.0,0.03021465910472898,5.968885943730129e-06,0.0
2024-04-20 19:00:00,371.680731000593,217.2409628804795,1037.20619017109,0.0,0.0,0.0,154.43976812011354
2024-04-20 20:00:00,154.8669712502471,115.15068102505008,995.3415443964551,0.0,0.0,0.0,39.71629022519703
2024-04-20 21:00:00,154.8669712502471,55.35791596677204,890.449790227324,0.0,0.0,0.0,99.50905528347506
2024-04-20 22:00:00,154.8669712502471,24.136893981054346,752.6481892738393,0.0,0.0,0.0,130.73007726919275
2024-04-20 23:00:00,49.557430800079075,9.544901766364744,710.4712803771215,0.0,0.0,0.0,40.01252903371433
2024-04-21 00:00:00,49.557430800079075,0.3285279176252041,658.5794604371939,0.0,0.0,0.0,49.22890288245387
2024-04-21 01:00:00,49.557430800079075,1.1135684353372173,607.5151458610956,0.0,0.0,0.0,48.44386236474186
2024-04-21 02:00:00,49.557430800079075,3.423339513207258,558.8855437782145,0.0,0.0,0.0,46.134091286871815
2024-04-21 03:00:00,49.557430800079075,9.544901766364744,516.7086348814967,0.0,0.0,0.0,40.01252903371433
2024-04-21 04:00:00,49.557430800079075,24.136893981054346,489.9130363174001,0.0,0.0,0.0,25.42053681902473
2024-04-21 05:00:00,49.557430800079075,55.35791596677204,495.4158597156315,0.0,0.0,5.800485166692965,0.0
2024-04-21 06:00:00,185.8403655002965,115.15068102505008,420.9023897088237,0.0,0.0,0.0,70.68968447524644
2024-04-21 07:00:00,619.4678850009884,217.2409628804795,60.0,59.844852777230244,0.0,0.0,342.38206934327866
2024-04-21 08:00:00,619.4678850009884,371.7109516285837,60.0,247.75693337240472,0.0,0.0,0.0
2024-04-21 09:00:00,619.4678850009884,576.8427306505379,60.0,42.62515435045054,0.0,0.0,0.0
2024-04-21 10:00:00,495.5743080007908,811.8913619361973,360.0847059570637,0.0,0.0,316.31705393540653,0.0
2024-04-21 11:00:00,495.5743080007908,1036.3986700964958,873.1557454560825,0.0,0.0,540.824362095705,0.0
2024-04-21 12:00:00,495.5743080007908,1199.8976500240562,1183.2274308056678,0.0,377.479087479348,326.8442545439175,0.0
2024-04-21 13:00:00,495.5743080007908,1259.9403599999998,1199.1392870657273,0.0,747.5934828048769,16.772569194332164,0.0
2024-04-21 14:00:00,495.5743080007908,1199.8976500240562,1199.9558310508878,0.0,703.4626290889928,0.8607129342726694,0.0
2024-04-21 15:00:00,495.5743080007908,1036.3986700964958,1199.9977333952029,0.0,540.7801931465929,0.0441689491121906,0.0
2024-04-21 16:00:00,495.5743080007908,811.8913619361973,1199.9998836853172,0.0,316.3147873306094,0.002266604797114269,0.0
2024-04-21 17:00:00,495.5743080007908,576.8427306505379,1199.999994031114,0.0,81.26830633506427,0.00011631468282757851,0.0
2024-04-21 18:00:00,371.680731000593,371.7109516285837,1199.9999996936965,0.0,0.03021465910472898,5.968885943730129e-06,0.0
2024-04-21 19:00:00,371.680731000593,217.2409628804795,1037.20619017109,0.0,0.0,0.0,154.43976812011354
2024-04-21 20:00:00,154.8669712502471,115.15068102505008,995.3415443964551,0.0,0.0,0.0,39.71629022519703
2024-04-21 21:00:00,154.8669712502471,55.35791596677204,890.449790227324,0.0,0.0,0.0,99.50905528347506
2024-04-21 22:00:00,154.8669712502471,24.136893981054346,752.6481892738393,0.0,0.0,0.0,130.73007726919275
2024-04-21 23:00:00,49.557430800079075,9.544901766364744,710.4712803771215,0.0,0.0,0.0,40.01252903371433
2024-04-22 00:00:00,49.557430800079075,0.3285279176252041,658.5794604371939,0.0,0.0,0.0,49.22890288245387
2024-04-22 01:00:00,49.557430800079075,1.1135684353372173,607.5151458610956,0.0,0.0,0.0,48.44386236474186
2024-04-22 02:00:00,49.557430800079075,3.423339513207258,558.8855437782145,0.0,0.0,0.0,46.134091286871815
2024-04-22 03:00:00,49.557430800079075,9.544901766364744,516.7086348814967,0.0,0.0,0.0,40.01252903371433
2024-04-22 04:00:00,49.557430800079075,24.136893981054346,489.9130363174001,0.0,0.0,0.0,25.42053681902473
2024-04-22 05:00:00,49.557430800079075,55.35791596677204,495.4158597156315,0.0,0.0,5.800485166692965,0.0
2024-04-22 06:00:00,185.8403655002965,115.15068102505008,420.9023897088237,0.0,0.0,0.0,70.68968447524644
2024-04-22 07:00:00,619.4678850009884,217.2409628804795,60.0,59.844852777230244,0.0,0.0,342.38206934327866
2024-04-22 08:00:00,619.4678850009884,371.7109516285837,60.0,247.75693337240472,0.0,0.0,0.0
2024-04-22 09:00:00,619.4678850009884,576.8427306505379,60.0,42.62515435045054,0.0,0.0,0.0
2024-04-22 10:00:00,495.5743080007908,811.8913619361973,360.0847059570637,0.0,0.0,316.31705393540653,0.0
2024-04-22 11:00:00,495.5743080007908,1036.3986700964958,873.1557454560825,0.0,0.0,540.824362095705,0.0
2024-04-22 12:00:00,495.5743080007908,1199.8976500240562,1183.2274308056678,0.0,377.479087479348,326.8442545439175,0.0
2024-04-22 13:00:00,495.5743080007908,1259.9403599999998,1199.1392870657273,0.0,747.5934828048769,16.772569194332164,0.0
2024-04-22 14:00:00,495.5743080007908,1199.8976500240562,1199.9558310508878,0.0,703.4626290889928,0.8607129342726694,0.0
2024-04-22 15:00:00,495.5743080007908,1036.3986700964958,1199.9977333952029,0.0,540.7801931465929,0.0441689491121906,0.0
2024-04-22 16:00:00,495.5743080007908,811.8913619361973,1199.9998836853172,0.0,316.3147873306094,0.002266604797114269,0.0
2024-04-22 17:00:00,495.5743080007908,576.8427306505379,1199.999994031114,0.0,81.26830633506427,0.00011631468282757851,0.0
2024-04-22 18:00:00,371.680731000593,371.7109516285837,1199.9999996936965,0.0,0.03021465910472898,5.968885943730129e-06,0.0
2024-04-22 19:00:00,371.680731000593,217.2409628804795,1037.20619017109,0.0,0.0,0.0,154.43976812011354
2024-04-22 20:00:00,154.8669712502471,115.15068102505008,995.3415443964551,0.0,0.0,0.0,39.71629022519703
2024-04-22 21:00:00,154.8669712502471,55.35791596677204,890.449790227324,0.0,0.0,0.0,99.50905528347506
2024-04-22 22:00:00,154.8669712502471,24.136893981054346,752.6481892738393,0.0,0.0,0.0,130.73007726919275
2024-04-22 23:00:00,49.557430800079075,9.544901766364744,710.4712803771215,0.0,0.0,0.0,40.01252903371433
2024-04-23 00:00:00,49.557430800079075,0.3285279176252041,658.5794604371939,0.0,0.0,0.0,49.22890288245387
2024-04-23 01:00:00,49.557430800079075,1.1135684353372173,607.5151458610956,0.0,0.0,0.0,48.44386236474186
2024-04-23 02:00:00,49.557430800079075,3.423339513207258,558.8855437782145,0.0,0.0,0.0,46.134091286871815
2024-04-23 03:00:00,49.557430800079075,9.544901766364744,516.7086348814967,0.0,0.0,0.0,40.01252903371433
2024-04-23 04:00:00,49.557430800079075,24.136893981054346,489.9130363174001,0.0,0.0,0.0,25.42053681902473
2024-04-23 05:00:00,49.557430800079075,55.35791596677204,495.4158597156315,0.0,0.0,5.800485166692965,0.0
2024-04-23 06:00:00,185.8403655002965,115.15068102505008,420.9023897088237,0.0,0.0,0.0,70.68968447524644
2024-04-23 07:00:00,619.4678850009884,217.2409628804795,60.0,59.844852777230244,0.0,0.0,342.38206934327866
2024-04-23 08:00:00,619.4678850009884,371.7109516285837,60.0,247.75693337240472,0.0,0.0,0.0
2024-04-23 09:00:00,619.4678850009884,576.8427306505379,60.0,42.62515435045054,0.0,0.0,0.0
2024-04-23 10:00:00,495.5743080007908,811.8913619361973,360.0847059570637,0.0,0.0,316.31705393540653,0.0
2024-04-23 11:00:00,495.5743080007908,1036.3986700964958,873.1557454560825,0.0,0.0,540.824362095705,0.0
2024-04-23 12:00:00,495.5743080007908,1199.8976500240562,1183.2274308056678,0.0,377.479087479348,326.8442545439175,0.0
2024-04-23 13:00:00,495.5743080007908,1259.9403599999998,1199.1392870657273,0.0,747.5934828048769,16.772569194332164,0.0
2024-04-23 14:00:00,495.5743080007908,1199.8976500240562,1199.9558310508878,0.0,703.4626290889928,0.8607129342726694,0.0
2024-04-23 15:00:00,495.5743080007908,1036.3986700964958,1199.9977333952029,0.0,540.7801931465929,0.0441689491121906,0.0
2024-04-23 16:00:00,495.5743080007908,811.8913619361973,1199.9998836853172,0.0,316.3147873306094,0.002266604797114269,0.0
2024-04-23 17:00:00,495.5743080007908,576.8427306505379,1199.999994031114,0.0,81.26830633506427,0.00011631468282757851,0.0
2024-04-23 18:00:00,371.680731000593,371.7109516285837,1199.9999996936965,0.0,0.03021465910472898,5.968885943730129e-06,0.0
2024-04-23 19:00:00,371.680731000593,217.2409628804795,1037.20619017109,0.0,0.0,0.0,154.43976812011354
2024-04-23 20:00:00,154.8669712502471,115.15068102505008,995.3415443964551,0.0,0.0,0.0,39.71629022519703
2024-04-23 21:00:00,154.8669712502471,55.35791596677204,890.449790227324,0.0,0.0,0.0,99.50905528347506
2024-04-23 22:00:00,154.8669712502471,24.136893981054346,752.6481892738393,0.0,0.0,0.0,130.73007726919275
2024-04-23 23:00:00,49.557430800079075,9.544901766364744,710.4712803771215,0.0,0.0,0.0,40.01252903371433
2024-04-24 00:00:00,49.557430800079075,0.3285279176252041,658.5794604371939,0.0,0.0,0.0,49.22890288245387
2024-04-24 01:00:00,49.557430800079075,1.1135684353372173,607.5151458610956,0.0,0.0,0.0,48.44386236474186
2024-04-24 02:00:00,49.557430800079075,3.423339513207258,558.8855437782145,0.0,0.0,0.0,46.134091286871815
2024-04-24 03:00:00,49.557430800079075,9.544901766364744,516.7086348814967,0.0,0.0,0.0,40.01252903371433
2024-04-24 04:00:00,49.557430800079075,24.136893981054346,489.9130363174001,0.0,0.0,0.0,25.42053681902473
2024-04-24 05:00:00,49.557430800079075,55.35791596677204,495.4158597156315,0.0,0.0,5.800485166692965,0.0
2024-04-24 06:00:00,185.8403655002965,115.15068102505008,420.9023897088237,0.0,0.0,0.0,70.68968447524644
2024-04-24 07:00:00,619.4678850009884,217.2409628804795,60.0,59.844852777230244,0.0,0.0,342.38206934327866
2024-04-24 08:00:00,619.4678850009884,371.7109516285837,60.0,247.75693337240472,0.0,0.0,0.0
2024-04-24 09:00:00,619.4678850009884,576.8427306505379,60.0,42.62515435045054,0.0,0.0,0.0
2024-04-24 10:00:00,495.5743080007908,811.8913619361973,360.0847059570637,0.0,0.0,316.31705393540653,0.0
2024-04-24 11:00:00,495.5743080007908,1036.3986700964958,873.1557454560825,0.0,0.0,540.824362095705,0.0
2024-04-24 12:00:00,495.5743080007908,1199.8976500240562,1183.2274308056678,0.0,377.479087479348,326.8442545439175,0.0
2024-04-24 13:00:00,495.5743080007908,1259.9403599999998,1199.1392870657273,0.0,747.5934828048769,16.772569194332164,0.0
2024-04-24 14:00:00,495.5743080007908,1199.8976500240562,1199.9558310508878,0.0,703.4626290889928,0.8607129342726694,0.0
2024-04-24 15:00:00,495.5743080007908,1036.3986700964958,1199.9977333952029,0.0,540.7801931465929,0.0441689491121906,0.0
2024-04-24 16:00:00,495.5743080007908,811.8913619361973,1199.9998836853172,0.0,316.3147873306094,0.002266604797114269,0.0
2024-04-24 17:00:00,495.5743080007908,576.8427306505379,1199.999994031114,0.0,81.26830633506427,0.00011631468282757851,0.0
2024-04-24 18:00:00,371.680731000593,371.7109516285837,1199.9999996936965,0.0,0.03021465910472898,5.968885943730129e-06,0.0
2024-04-24 19:00:00,371.680731000593,217.2409628804795,1037.20619017109,0.0,0.0,0.0,154.43976812011354
2024-04-24 20:00:00,154.8669712502471,115.15068102505008,995.3415443964551,0.0,0.0,0.0,39.71629022519703
2024-04-24 21:00:00,154.8669712502471,55.35791596677204,890.449790227324,0.0,0.0,0.0,99.50905528347506
2024-04-24 22:00:00,154.8669712502471,24.136893981054346,752.6481892738393,0.0,0.0,0.0,130.73007726919275
2024-04-24 23:00:00,49.557430800079075,9.544901766364744,710.4712803771215,0.0,0.0,0.0,40.01252903371433
2024-04-25 00:00:00,49.55743080007908,0.3285279176252041,658.5794604371939,0.0,0.0,0.0,49.22890288245388
2024-04-25 01:00:00,49.55743080007908,1.1135684353372173,607.5151458610956,0.0,0.0,0.0,48.44386236474187
2024-04-25 02:00:00,49.55743080007908,3.423339513207258,558.8855437782145,0.0,0.0,0.0,46.13409128687182
2024-04-25 03:00:00,49.55743080007908,9.544901766364744,516.7086348814967,0.0,0.0,0.0,40.01252903371434
2024-04-25 04:00:00,49.55743080007908,24.136893981054346,489.9130363174001,0.0,0.0,0.0,25.420536819024736
2024-04-25 05:00:00,49.55743080007908,55.35791596677204,495.4158597156315,0.0,0.0,5.800485166692958,0.0
2024-04-25 06:00:00,185.8403655002965,115.15068102505008,420.9023897088237,0.0,0.0,0.0,70.68968447524644
2024-04-25 07:00:00,619.4678850009884,217.2409628804795,60.0,59.844852777230244,0.0,0.0,342.38206934327866
2024-04-25 08:00:00,619.4678850009884,371.7109516285837,60.0,247.75693337240472,0.0,0.0,0.0
2024-04-25 09:00:00,619.4678850009884,576.8427306505379,60.0,42.62515435045054,0.0,0.0,0.0
2024-04-25 10:00:00,495.5743080007908,811.8913619361973,360.0847059570637,0.0,0.0,316.31705393540653,0.0
2024-04-25 11:00:00,495.5743080007908,1036.3986700964958,873.1557454560825,0.0,0.0,540.824362095705,0.0
2024-04-25 12:00:00,495.5743080007908,1199.8976500240562,1183.2274308056678,0.0,377.479087479348,326.8442545439175,0.0
2024-04-25 13:00:00,495.5743080007908,1259.9403599999998,1199.1392870657273,0.0,747.5934828048769,16.772569194332164,0.0
2024-04-25 14:00:00,495.5743080007908,1199.8976500240562,1199.9558310508878,0.0,703.4626290889928,0.8607129342726694,0.0
2024-04-25 15:00:00,495.5743080007908,1036.3986700964958,1199.9977333952029,0.0,540.7801931465929,0.0441689491121906,0.0
2024-04-25 16:00:00,495.5743080007908,811.8913619361973,1199.9998836853172,0.0,316.3147873306094,0.002266604797114269,0.0
2024-04-25 17:00:00,495.5743080007908,576.8427306505379,1199.999994031114,0.0,81.26830633506427,0.00011631468282757851,0.0
2024-04-25 18:00:00,371.680731000593,371.7109516285837,1199.9999996936965,0.0,0.03021465910472898,5.968885943730129e-06,0.0
2024-04-25 19:00:00,371.680731000593,217.2409628804795,1037.20619017109,0.0,0.0,0.0,154.43976812011354
2024-04-25 20:00:00,154.8669712502471,115.15068102505008,995.3415443964551,0.0,0.0,0.0,39.71629022519703
2024-04-25 21:00:00,154.8669712502471,55.35791596677204,890.449790227324,0.0,0.0,0.0,99.50905528347506
2024-04-25 22:00:00,154.8669712502471,24.136893981054346,752.6481892738393,0.0,0.0,0.0,130.73007726919275
2024-04-25 23:00:00,49.55743080007908,9.544901766364744,710.4712803771215,0.0,0.0,0.0,40.01252903371434
2024-04-26 00:00:00,49.55743080007908,0.3285279176252041,658.5794604371939,0.0,0.0,0.0,49.22890288245388
2024-04-26 01:00:00,49.55743080007908,1.1135684353372173,607.5151458610956,0.0,0.0,0.0,48.44386236474187
2024-04-26 02:00:00,49.55743080007908,3.423339513207258,558.8855437782145,0.0,0.0,0.0,46.13409128687182
2024-04-26 03:00:00,49.55743080007908,9.544901766364744,516.7086348814967,0.0,0.0,0.0,40.01252903371434
2024-04-26 04:00:00,49.55743080007908,24.136893981054346,489.9130363174001,0.0,0.0,0.0,25.420536819024736
2024-04-26 05:00:00,49.55743080007908,55.35791596677204,495.4158597156315,0.0,0.0,5.800485166692958,0.0
2024-04-26 06:00:00,185.8403655002965,115.15068102505008,420.9023897088237,0.0,0.0,0.0,70.68968447524644
2024-04-26 07:00:00,619.4678850009884,217.2409628804795,60.0,59.844852777230244,0.0,0.0,342.38206934327866
2024-04-26 08:00:00,619.4678850009884,371.7109516285837,60.0,247.75693337240472,0.0,0.0,0.0
2024-04-26 09:00:00,619.4678850009884,576.8427306505379,60.0,42.62515435045054,0.0,0.0,0.0
2024-04-26 10:00:00,495.5743080007908,811.8913619361973,360.0847059570637,0.0,0.0,316.31705393540653,0.0
2024-04-26 11:00:00,495.5743080007908,1036.3986700964958,873.1557454560825,0.0,0.0,540.824362095705,0.0
2024-04-26 12:00:00,495.5743080007908,1199.8976500240562,1183.2274308056678,0.0,377.479087479348,326.8442545439175,0.0
2024-04-26 13:00:00,495.5743080007908,1259.9403599999998,1199.1392870657273,0.0,747.5934828048769,16.772569194332164,0.0
2024-04-26 14:00:00,495.5743080007908,1199.8976500240562,1199.9558310508878,0.0,703.4626290889928,0.8607129342726694,0.0
2024-04-26 15:00:00,495.5743080007908,1036.3986700964958,1199.9977333952029,0.0,540.7801931465929,0.0441689491121906,0.0
2024-04-26 16:00:00,495.5743080007908,811.8913619361973,1199.9998836853172,0.0,316.3147873306094,0.002266604797114269,0.0
2024-04-26 17:00:00,495.5743080007908,576.8427306505379,1199.999994031114,0.0,81.26830633506427,0.00011631468282757851,0.0
2024-04-26 18:00:00,371.680731000593,371.7109516285837,1199.9999996936965,0.0,0.03021465910472898,5.968885943730129e-06,0.0
2024-04-26 19:00:00,371.680731000593,217.2409628804795,1037.20619017109,0.0,0.0,0.0,154.43976812011354
2024-04-26 20:00:00,154.8669712502471,115.15068102505008,995.3415443964551,0.0,0.0,0.0,39.71629022519703
2024-04-26 21:00:00,154.8669712502471,55.35791596677204,890.449790227324,0.0,0.0,0.0,99.50905528347506
2024-04-26 22:00:00,154.8669712502471,24.136893981054346,752.6481892738393,0.0,0.0,0.0,130.73007726919275
2024-04-26 23:00:00,49.55743080007908,9.544901766364744,710.4712803771215,0.0,0.0,0.0,40.01252903371434
2024-04-27 00:00:00,49.557430800079075,0.3285279176252041,658.5794604371939,0.0,0.0,0.0,49.22890288245387
2024-04-27 01:00:00,49.557430800079075,1.1135684353372173,607.5151458610956,0.0,0.0,0.0,48.44386236474186
2024-04-27 02:00:00,49.557430800079075,3.423339513207258,558.8855437782145,0.0,0.0,0.0,46.134091286871815
2024-04-27 03:00:00,49.557430800079075,9.544901766364744,516.7086348814967,0.0,0.0,0.0,40.01252903371433
2024-04-27 04:00:00,49.557430800079075,24.136893981054346,489.9130363174001,0.0,0.0,0.0,25.42053681902473
2024-04-27 05:00:00,49.557430800079075,55.35791596677204,495.4158597156315,0.0,0.0,5.800485166692965,0.0
2024-04-27 06:00:00,185.8403655002965,115.15068102505008,420.9023897088237,0.0,0.0,0.0,70.68968447524644
2024-04-27 07:00:00,619.4678850009884,217.2409628804795,60.0,59.844852777230244,0.0,0.0,342.38206934327866
2024-04-27 08:00:00,619.4678850009884,371.7109516285837,60.0,247.75693337240472,0.0,0.0,0.0
2024-04-27 09:00:00,619.4678850009884,576.8427306505379,60.0,42.62515435045054,0.0,0.0,0.0
2024-04-27 10:00:00,495.5743080007908,811.8913619361973,360.0847059570637,0.0,0.0,316.31705393540653,0.0
2024-04-27 11:00:00,495.5743080007908,1036.3986700964958,873.1557454560825,0.0,0.0,540.824362095705,0.0
2024-04-27 12:00:00,495.5743080007908,1199.8976500240562,1183.2274308056678,0.0,377.479087479348,326.8442545439175,0.0
2024-04-27 13:00:00,495.5743080007908,1259.9403599999998,1199.1392870657273,0.0,747.5934828048769,16.772569194332164,0.0
2024-04-27 14:00:00,495.5743080007908,1199.8976500240562,1199.9558310508878,0.0,703.4626290889928,0.8607129342726694,0.0
2024-04-27 15:00:00,495.5743080007908,1036.3986700964958,1199.9977333952029,0.0,540.7801931465929,0.0441689491121906,0.0
2024-04-27 16:00:00,495.5743080007908,811.8913619361973,1199.9998836853172,0.0,316.3147873306094,0.002266604797114269,0.0
2024-04-27 17:00:00,495.5743080007908,576.8427306505379,1199.999994031114,0.0,81.26830633506427,0.00011631468282757851,0.0
2024-04-27 18:00:00,371.680731000593,371.7109516285837,1199.9999996936965,0.0,0.03021465910472898,5.968885943730129e-06,0.0
2024-04-27 19:00:00,371.680731000593,217.2409628804795,1037.20619017109,0.0,0.0,0.0,154.43976812011354
2024-04-27 20:00:00,154.8669712502471,115.15068102505008,995.3415443964551,0.0,0.0,0.0,39.71629022519703
2024-04-27 21:00:00,154.8669712502471,55.35791596677204,890.449790227324,0.0,0.0,0.0,99.50905528347506
2024-04-27 22:00:00,154.8669712502471,24.136893981054346,752.6481892738393,0.0,0.0,0.0,130.73007726919275
2024-04-27 23:00:00,49.557430800079075,9.544901766364744,710.4712803771215,0.0,0.0,0.0,40.01252903371433
2024-04-28 00:00:00,49.557430800079075,0.3285279176252041,658.5794604371939,0.0,0.0,0.0,49.22890288245387
2024-04-28 01:00:00,49.557430800079075,1.1135684353372173,607.5151458610956,0.0,0.0,0.0,48.44386236474186
2024-04-28 02:00:00,49.557430800079075,3.423339513207258,558.8855437782145,0.0,0.0,0.0,46.134091286871815
2024-04-28 03:00:00,49.557430800079075,9.544901766364744,516.7086348814967,0.0,0.0,0.0,40.01252903371433
2024-04-28 04:00:00,49.557430800079075,24.136893981054346,489.9130363174001,0.0,0.0,0.0,25.42053681902473
2024-04-28 05:00:00,49.557430800079075,55.35791596677204,495.4158597156315,0.0,0.0,5.800485166692965,0.0
2024-04-28 06:00:00,185.8403655002965,115.15068102505008,420.9023897088237,0.0,0.0,0.0,70.68968447524644
2024-04-28 07:00:00,619.4678850009884,217.2409628804795,60.0,59.844852777230244,0.0,0.0,342.38206934327866
2024-04-28 08:00:00,619.4678850009884,371.7109516285837,60.0,247.75693337240472,0.0,0.0,0.0
2024-04-28 09:00:00,619.4678850009884,576.8427306505379,60.0,42.62515435045054,0.0,0.0,0.0
2024-04-28 10:00:00,495.5743080007908,811.8913619361973,360.0847059570637,0.0,0.0,316.31705393540653,0.0
2024-04-28 11:00:00,495.5743080007908,1036.3986700964958,873.1557454560825,0.0,0.0,540.824362095705,0.0
2024-04-28 12:00:00,495.5743080007908,1199.8976500240562,1183.2274308056678,0.0,377.479087479348,326.8442545439175,0.0
2024-04-28 13:00:00,495.5743080007908,1259.9403599999998,1199.1392870657273,0.0,747.5934828048769,16.772569194332164,0.0
2024-04-28 14:00:00,495.5743080007908,1199.8976500240562,1199.9558310508878,0.0,703.4626290889928,0.8607129342726694,0.0
2024-04-28 15:00:00,495.5743080007908,1036.3986700964958,1199.9977333952029,0.0,540.7801931465929,0.0441689491121906,0.0
2024-04-28 16:00:00,495.5743080007908,811.8913619361973,1199.9998836853172,0.0,316.3147873306094,0.002266604797114269,0.0
2024-04-28 17:00:00,495.5743080007908,576.8427306505379,1199.999994031114,0.0,81.26830633506427,0.00011631468282757851,0.0
2024-04-28 18:00:00,371.680731000593,371.7109516285837,1199.9999996936965,0.0,0.03021465910472898,5.968885943730129e-06,0.0
2024-04-28 19:00:00,371.680731000593,217.2409628804795,1037.20619017109,0.0,0.0,0.0,154.43976812011354
2024-04-28 20:00:00,154.8669712502471,115.15068102505008,995.3415443964551,0.0,0.0,0.0,39.71629022519703
2024-04-28 21:00:00,154.8669712502471,55.35791596677204,890.449790227324,0.0,0.0,0.0,99.50905528347506
2024-04-28 22:00:00,154.8669712502471,24.136893981054346,752.6481892738393,0.0,0.0,0.0,130.73007726919275
2024-04-28 23:00:00,49.557430800079075,9.544901766364744,710.4712803771215,0.0,0.0,0.0,40.01252903371433
2024-04-29 00:00:00,49.557430800079075,0.3285279176252041,658.5794604371939,0.0,0.0,0.0,49.22890288245387
2024-04-29 01:00:00,49.557430800079075,1.1135684353372173,607.5151458610956,0.0,0.0,0.0,48.44386236474186
2024-04-29 02:00:00,49.557430800079075,3.423339513207258,558.8855437782145,0.0,0.0,0.0,46.134091286871815
2024-04-29 03:00:00,49.557430800079075,9.544901766364744,516.7086348814967,0.0,0.0,0.0,40.01252903371433
2024-04-29 04:00:00,49.557430800079075,24.136893981054346,489.9130363174001,0.0,0.0,0.0,25.42053681902473
2024-04-29 05:00:00,49.557430800079075,55.35791596677204,495.4158597156315,0.0,0.0,5.800485166692965,0.0
2024-04-29 06:00:00,185.8403655002965,115.15068102505008,420.9023897088237,0.0,0.0,0.0,70.68968447524644
2024-04-29 07:00:00,619.4678850009884,217.2409628804795,60.0,59.844852777230244,0.0,0.0,342.38206934327866
2024-04-29 08:00:00,619.4678850009884,371.7109516285837,60.0,247.75693337240472,0.0,0.0,0.0
2024-04-29 09:00:00,619.4678850009884,576.8427306505379,60.0,42.62515435045054,0.0,0.0,0.0
2024-04-29 10:00:00,495.5743080007908,811.8913619361973,360.0847059570637,0.0,0.0,316.31705393540653,0.0
2024-04-29 11:00:00,495.5743080007908,1036.3986700964958,873.1557454560825,0.0,0.0,540.824362095705,0.0
2024-04-29 12:00:00,495.5743080007908,1199.8976500240562,1183.2274308056678,0.0,377.479087479348,326.8442545439175,0.0
2024-04-29 13:00:00,495.5743080007908,1259.9403599999998,1199.1392870657273,0.0,747.5934828048769,16.772569194332164,0.0
2024-04-29 14:00:00,495.5743080007908,1199.8976500240562,1199.9558310508878,0.0,703.4626290889928,0.8607129342726694,0.0
2024-04-29 15:00:00,495.5743080007908,1036.3986700964958,1199.9977333952029,0.0,540.7801931465929,0.0441689491121906,0.0
2024-04-29 16:00:00,495.5743080007908,811.8913619361973,1199.9998836853172,0.0,316.3147873306094,0.002266604797114269,0.0
2024-04-29 17:00:00,495.5743080007908,576.8427306505379,1199.999994031114,0.0,81.26830633506427,0.00011631468282757851,0.0
2024-04-29 18:00:00,371.680731000593,371.7109516285837,1199.9999996936965,0.0,0.03021465910472898,5.968885943730129e-06,0.0
2024-04-29 19:00:00,371.680731000593,217.2409628804795,1037.20619017109,0.0,0.0,0.0,154.43976812011354
2024-04-29 20:00:00,154.8669712502471,115.15068102505008,995.3415443964551,0.0,0.0,0.0,39.71629022519703
2024-04-29 21:00:00,154.8669712502471,55.35791596677204,890.449790227324,0.0,0.0,0.0,99.50905528347506
2024-04-29 22:00:00,154.8669712502471,24.136893981054346,752.6481892738393,0.0,0.0,0.0,130.73007726919275
2024-04-29 23:00:00,49.557430800079075,9.544901766364744,710.4712803771215,0.0,0.0,0.0,40.01252903371433
2024-04-30 00:00:00,49.557430800079075,0.3285279176252041,658.5794604371939,0.0,0.0,0.0,49.22890288245387
2024-04-30 01:00:00,49.557430800079075,1.1135684353372173,607.5151458610956,0.0,0.0,0.0,48.44386236474186
2024-04-30 02:00:00,49.557430800079075,3.423339513207258,558.8855437782145,0.0,0.0,0.0,46.134091286871815
2024-04-30 03:00:00,49.557430800079075,9.544901766364744,516.7086348814967,0.0,0.0,0.0,40.01252903371433
2024-04-30 04:00:00,49.557430800079075,24.136893981054346,489.9130363174001,0.0,0.0,0.0,25.42053681902473
2024-04-30 05:00:00,49.557430800079075,55.35791596677204,495.4158597156315,0.0,0.0,5.800485166692965,0.0
2024-04-30 06:00:00,185.8403655002965,115.15068102505008,420.9023897088237,0.0,0.0,0.0,70.68968447524644
2024-04-30 07:00:00,619.4678850009884,217.2409628804795,60.0,59.844852777230244,0.0,0.0,342.38206934327866
2024-04-30 08:00:00,619.4678850009884,371.7109516285837,60.0,247.75693337240472,0.0,0.0,0.0
2024-04-30 09:00:00,619.4678850009884,576.8427306505379,60.0,42.62515435045054,0.0,0.0,0.0
2024-04-30 10:00:00,495.5743080007908,811.8913619361973,360.0847059570637,0.0,0.0,316.31705393540653,0.0
2024-04-30 11:00:00,495.5743080007908,1036.3986700964958,873.1557454560825,0.0,0.0,540.824362095705,0.0
2024-04-30 12:00:00,495.5743080007908,1199.8976500240562,1183.2274308056678,0.0,377.479087479348,326.8442545439175,0.0
2024-04-30 13:00:00,495.5743080007908,1259.9403599999998,1199.1392870657273,0.0,747.5934828048769,16.772569194332164,0.0
2024-04-30 14:00:00,495.5743080007908,1199.8976500240562,1199.9558310508878,0.0,703.4626290889928,0.8607129342726694,0.0
2024-04-30 15:00:00,495.5743080007908,1036.3986700964958,1199.9977333952029,0.0,540.7801931465929,0.0441689491121906,0.0
2024-04-30 16:00:00,495.5743080007908,811.8913619361973,1199.9998836853172,0.0,316.3147873306094,0.002266604797114269,0.0
2024-04-30 17:00:00,495.5743080007908,576.8427306505379,1199.999994031114,0.0,81.26830633506427,0.00011631468282757851,0.0
2024-04-30 18:00:00,371.680731000593,371.7109516285837,1199.9999996936965,0.0,0.03021465910472898,5.968885943730129e-06,0.0
2024-04-30 19:00:00,371.680731000593,217.2409628804795,1037.20619017109,0.0,0.0,0.0,154.43976812011354
2024-04-30 20:00:00,154.8669712502471,115.15068102505008,995.3415443964551,0.0,0.0,0.0,39.71629022519703
2024-04-30 21:00:00,154.8669712502471,55.35791596677204,890.449790227324,0.0,0.0,0.0,99.50905528347506
2024-04-30 22:00:00,154.8669712502471,24.136893981054346,752.6481892738393,0.0,0.0,0.0,130.73007726919275
2024-04-30 23:00:00,49.557430800079075,9.544901766364744,710.4712803771215,0.0,0.0,0.0,40.01252903371433
2024-05-01 00:00:00,47.49129661039338,0.34074267627471283,660.7702325869789,0.0,0.0,0.0,47.15055393411866
2024-05-01 01:00:00,47.49129661039338,1.1549712171028534,611.9274570384804,0.0,0.0,0.0,46.33632539329052
2024-05-01 02:00:00,47.49129661039338,3.5506202211343627,565.6099172656664,0.0,0.0,0.0,43.94067638925901
2024-05-01 03:00:00,47.49129661039338,9.899783848387443,525.9849835925911,0.0,0.0,0.0,37.591512762005934
2024-05-01 04:00:00,47.49129661039338,25.034310360942357,502.3132416154753,0.0,0.0,0.0,22.45698624945102
2024-05-01 05:00:00,47.49129661039338,57.416138560948404,511.72877340975793,0.0,0.0,9.924841950555027,0.0
2024-05-01 06:00:00,178.09236228897518,119.43201512662307,449.89533828668203,0.0,0.0,0.0,58.66034716235211
2024-05-01 07:00:00,593.6412076299173,225.31804183788853,61.64863198447313,0.0,0.0,0.0,368.32316579202876
2024-05-01 08:00:00,593.6412076299173,385.53126740065807,60.0,206.54591060095768,0.0,0.0,1.5640296283015296
2024-05-01 09:00:00,593.6412076299173,598.2899025820819,64.41013925885034,0.0,0.0,4.648694952164647,0.0
2024-05-01 10:00:00,474.91296610393385,842.0777068512901,412.73319643891415,0.0,0.0,367.1647407473563,0.0
2024-05-01 11:00:00,474.91296610393385,1074.9322586919793,981.9614778252774,0.0,0.0,600.0192925880455,0.0
2024-05-01 12:00:00,474.91296610393385,1244.5101758182177,1188.8109821440532,0.0,551.5586875395612,218.03852217472263,0.0
2024-05-01 13:00:00,474.91296610393385,1306.7852903225803,1199.425816505579,0.0,820.6833063626997,11.189017855946759,0.0
2024-05-01 14:00:00,474.91296610393385,1244.5101758182177,1199.9705347967524,0.0,769.0230262198628,0.5741834944210495,0.0
2024-05-01 15:00:00,474.91296610393385,1074.9322586919793,1199.9984879429471,0.0,599.9898273847979,0.029465203247582394,0.0
2024-05-01 16:00:00,474.91296610393385,842.0777068512901,1199.999922406219,0.0,367.1632286903034,0.0015120570528779353,0.0
2024-05-01 17:00:00,474.91296610393385,598.2899025820819,1199.999996018143,0.0,123.37685888436704,7.759378104310599e-05,0.0
2024-05-01 18:00:00,356.18472457795036,385.53126740065807,1199.9999997956643,0.0,29.34653884085077,3.9818569348426536e-06,0.0
2024-05-01 19:00:00,356.18472457795036,225.31804183788853,1062.0544040325842,0.0,0.0,0.0,130.86668274006183
2024-05-01 20:00:00,148.41030190747932,119.43201512662307,1031.5086077268995,0.0,0.0,0.0,28.97828678085625
2024-05-01 21:00:00,148.41030190747932,57.416138560948404,935.5923377414172,0.0,0.0,0.0,90.99416334653091
2024-05-01 22:00:00,148.41030190747932,25.034310360942357,805.5426237851716,0.0,0.0,0.0,123.37599154653697
2024-05-01 23:00:00,47.49129661039338,9.899783848387443,765.9176901120964,0.0,0.0,0.0,37.591512762005934
2024-05-02 00:00:00,47.49129661039338,0.34074267627471283,716.2166423219537,0.0,0.0,0.0,47.15055393411866
2024-05-02 01:00:00,47.49129661039338,1.1549712171028534,667.3738667734552,0.0,0.0,0.0,46.33632539329052
2024-05-02 02:00:00,47.49129661039338,3.5506202211343627,621.0563270006412,0.0,0.0,0.0,43.94067638925901
2024-05-02 03:00:00,47.49129661039338,9.899783848387443,581.431393327566,0.0,0.0,0.0,37.591512762005934
2024-05-02 04:00:00,47.49129661039338,25.034310360942357,557.7596513504501,0.0,0.0,0.0,22.45698624945102
2024-05-02 05:00:00,47.49129661039338,57.416138560948404,567.1751831447327,0.0,0.0,9.924841950555027,0.0
2024-05-02 06:00:00,178.09236228897518,119.43201512662307,505.3417480216568,0.0,0.0,0.0,58.66034716235211
2024-05-02 07:00:00,593.6412076299173,225.31804183788853,117.09504171944792,0.0,0.0,0.0,368.32316579202876
2024-05-02 08:00:00,593.6412076299173,385.53126740065807,60.0,153.9448277485217,0.0,0.0,54.16511248073753
2024-05-02 09:00:00,593.6412076299173,598.2899025820819,64.41013925885034,0.0,0.0,4.648694952164647,0.0
2024-05-02 10:00:00,474.91296610393385,842.0777068512901,412.73319643891415,0.0,0.0,367.1647407473563,0.0
2024-05-02 11:00:00,474.91296610393385,1074.9322586919793,981.9614778252774,0.0,0.0,600.0192925880455,0.0
2024-05-02 12:00:00,474.91296610393385,1244.5101758182177,1188.8109821440532,0.0,551.5586875395612,218.03852217472263,0.0
2024-05-02 13:00:00,474.91296610393385,1306.7852903225803,1199.425816505579,0.0,820.6833063626997,11.189017855946759,0.0
2024-05-02 14:00:00,474.91296610393385,1244.5101758182177,1199.9705347967524,0.0,769.0230262198628,0.5741834944210495,0.0
2024-05-02 15:00:00,474.91296610393385,1074.9322586919793,1199.9984879429471,0.0,599.9898273847979,0.029465203247582394,0.0
2024-05-02 16:00:00,474.91296610393385,842.0777068512901,1199.999922406219,0.0,367.1632286903034,0.0015120570528779353,0.0
2024-05-02 17:00:00,474.91296610393385,598.2899025820819,1199.999996018143,0.0,123.37685888436704,7.759378104310599e-05,0.0
2024-05-02 18:00:00,356.18472457795036,385.53126740065807,1199.9999997956643,0.0,29.34653884085077,3.9818569348426536e-06,0.0
2024-05-02 19:00:00,356.18472457795036,225.31804183788853,1062.0544040325842,0.0,0.0,0.0,130.86668274006183
2024-05-02 20:00:00,148.41030190747932,119.43201512662307,1031.5086077268995,0.0,0.0,0.0,28.97828678085625
2024-05-02 21:00:00,148.41030190747932,57.416138560948404,935.5923377414172,0.0,0.0,0.0,90.99416334653091
2024-05-02 22:00:00,148.41030190747932,25.034310360942357,805.5426237851716,0.0,0.0,0.0,123.37599154653697
2024-05-02 23:00:00,47.49129661039338,9.899783848387443,765.9176901120964,0.0,0.0,0.0,37.591512762005934
2024-05-03 00:00:00,47.49129661039338,0.34074267627471283,716.2166423219537,0.0,0.0,0.0,47.15055393411866
2024-05-03 01:00:00,47.49129661039338,1.1549712171028534,667.3738667734552,0.0,0.0,0.0,46.33632539329052
2024-05-03 02:00:00,47.49129661039338,3.5506202211343627,621.0563270006412,0.0,0.0,0.0,43.94067638925901
2024-05-03 03:00:00,47.49129661039338,9.899783848387443,581.431393327566,0.0,0.0,0.0,37.591512762005934
2024-05-03 04:00:00,47.49129661039338,25.034310360942357,557.7596513504501,0.0,0.0,0.0,22.45698624945102
2024-05-03 05:00:00,47.49129661039338,57.416138560948404,567.1751831447327,0.0,0.0,9.924841950555027,0.0
2024-05-03 06:00:00,178.09236228897518,119.43201512662307,505.3417480216568,0.0,0.0,0.0,58.66034716235211
2024-05-03 07:00:00,593.6412076299173,225.31804183788853,117.09504171944792,0.0,0.0,0.0,368.32316579202876
2024-05-03 08:00:00,593.6412076299173,385.53126740065807,60.0,153.9448277485217,0.0,0.0,54.16511248073753
2024-05-03 09:00:00,593.6412076299173,598.2899025820819,64.41013925885034,0.0,0.0,4.648694952164647,0.0
2024-05-03 10:00:00,474.91296610393385,842.0777068512901,412.73319643891415,0.0,0.0,367.1647407473563,0.0
2024-05-03 11:00:00,474.91296610393385,1074.9322586919793,981.9614778252774,0.0,0.0,600.0192925880455,0.0
2024-05-03 12:00:00,474.91296610393385,1244.5101758182177,1188.8109821440532,0.0,551.5586875395612,218.03852217472263,0.0
2024-05-03 13:00:00,474.91296610393385,1306.7852903225803,1199.425816505579,0.0,820.6833063626997,11.189017855946759,0.0
2024-05-03 14:00:00,474.91296610393385,1244.5101758182177,1199.9705347967524,0.0,769.0230262198628,0.5741834944210495,0.0
2024-05-03 15:00:00,474.91296610393385,1074.9322586919793,1199.9984879429471,0.0,599.9898273847979,0.029465203247582394,0.0
2024-05-03 16:00:00,474.91296610393385,842.0777068512901,1199.999922406219,0.0,367.1632286903034,0.0015120570528779353,0.0
2024-05-03 17:00:00,474.91296610393385,598.2899025820819,1199.999996018143,0.0,123.37685888436704,7.759378104310599e-05,0.0
2024-05-03 18:00:00,356.18472457795036,385.53126740065807,1199.9999997956643,0.0,29.34653884085077,3.9818569348426536e-06,0.0
2024-05-03 19:00:00,356.18472457795036,225.31804183788853,1062.0544040325842,0.0,0.0,0.0,130.86668274006183
2024-05-03 20:00:00,148.41030190747932,119.43201512662307,1031.5086077268995,0.0,0.0,0.0,28.97828678085625
2024-05-03 21:00:00,148.41030190747932,57.416138560948404,935.5923377414172,0.0,0.0,0.0,90.99416334653091
2024-05-03 22:00:00,148.41030190747932,25.034310360942357,805.5426237851716,0.0,0.0,0.0,123.37599154653697
2024-05-03 23:00:00,47.49129661039338,9.899783848387443,765.9176901120964,0.0,0.0,0.0,37.591512762005934
2024-05-04 00:00:00,47.49129661039338,0.34074267627471283,716.2166423219537,0.0,0.0,0.0,47.15055393411866
2024-05-04 01:00:00,47.49129661039338,1.1549712171028534,667.3738667734552,0.0,0.0,0.0,46.33632539329052
2024-05-04 02:00:00,47.49129661039338,3.5506202211343627,621.0563270006412,0.0,0.0,0.0,43.94067638925901
2024-05-04 03:00:00,47.49129661039338,9.899783848387443,581.431393327566,0.0,0.0,0.0,37.591512762005934
2024-05-04 04:00:00,47.49129661039338,25.034310360942357,557.7596513504501,0.0,0.0,0.0,22.45698624945102
2024-05-04 05:00:00,47.49129661039338,57.416138560948404,567.1751831447327,0.0,0.0,9.924841950555027,0.0
2024-05-04 06:00:00,178.09236228897518,119.43201512662307,505.3417480216568,0.0,0.0,0.0,58.66034716235211
2024-05-04 07:00:00,593.6412076299173,225.31804183788853,117.09504171944792,0.0,0.0,0.0,368.32316579202876
2024-05-04 08:00:00,593.6412076299173,385.53126740065807,60.0,153.9448277485217,0.0,0.0,54.16511248073753
2024-05-04 09:00:00,593.6412076299173,598.2899025820819,64.41013925885034,0.0,0.0,4.648694952164647,0.0
2024-05-04 10:00:00,474.91296610393385,842.0777068512901,412.73319643891415,0.0,0.0,367.1647407473563,0.0
2024-05-04 11:00:00,474.91296610393385,1074.9322586919793,981.9614778252774,0.0,0.0,600.0192925880455,0.0
2024-05-04 12:00:00,474.91296610393385,1244.5101758182177,1188.8109821440532,0.0,551.5586875395612,218.03852217472263,0.0
2024-05-04 13:00:00,474.91296610393385,1306.7852903225803,1199.425816505579,0.0,820.6833063626997,11.189017855946759,0.0
2024-05-04 14:00:00,474.91296610393385,1244.5101758182177,1199.9705347967524,0.0,769.0230262198628,0.5741834944210495,0.0
2024-05-04 15:00:00,474.91296610393385,1074.9322586919793,1199.9984879429471,0.0,599.9898273847979,0.029465203247582394,0.0
2024-05-04 16:00:00,474.91296610393385,842.0777068512901,1199.999922406219,0.0,367.1632286903034,0.0015120570528779353,0.0
2024-05-04 17:00:00,474.91296610393385,598.2899025820819,1199.999996018143,0.0,123.37685888436704,7.759378104310599e-05,0.0
2024-05-04 18:00:00,356.18472457795036,385.53126740065807,1199.9999997956643,0.0,29.34653884085077,3.9818569348426536e-06,0.0
2024-05-04 19:00:00,356.18472457795036,225.31804183788853,1062.0544040325842,0.0,0.0,0.0,130.86668274006183
2024-05-04 20:00:00,148.41030190747932,119.43201512662307,1031.5086077268995,0.0,0.0,0.0,28.97828678085625
2024-05-04 21:00:00,148.41030190747932,57.416138560948404,935.5923377414172,0.0,0.0,0.0,90.99416334653091
2024-05-04 22:00:00,148.41030190747932,25.034310360942357,805.5426237851716,0.0,0.0,0.0,123.37599154653697
2024-05-04 23:00:00,47.49129661039338,9.899783848387443,765.9176901120964,0.0,0.0,0.0,37.591512762005934
2024-05-05 00:00:00,47.49129661039338,0.34074267627471283,716.2166423219537,0.0,0.0,0.0,47.15055393411866
2024-05-05 01:00:00,47.49129661039338,1.1549712171028534,667.3738667734552,0.0,0.0,0.0,46.33632539329052
2024-05-05 02:00:00,47.49129661039338,3.5506202211343627,621.0563270006412,0.0,0.0,0.0,43.94067638925901
2024-05-05 03:00:00,47.49129661039338,9.899783848387443,581.431393327566,0.0,0.0,0.0,37.591512762005934
2024-05-05 04:00:00,47.49129661039338,25.034310360942357,557.7596513504501,0.0,0.0,0.0,22.45698624945102
2024-05-05 05:00:00,47.49129661039338,57.416138560948404,567.1751831447327,0.0,0.0,9.924841950555027,0.0
2024-05-05 06:00:00,178.09236228897518,119.43201512662307,505.3417480216568,0.0,0.0,0.0,58.66034716235211
2024-05-05 07:00:00,593.6412076299173,225.31804183788853,117.09504171944792,0.0,0.0,0.0,368.32316579202876
2024-05-05 08:00:00,593.6412076299173,385.53126740065807,60.0,153.9448277485217,0.0,0.0,54.16511248073753
2024-05-05 09:00:00,593.6412076299173,598.2899025820819,64.41013925885034,0.0,0.0,4.648694952164647,0.0
2024-05-05 10:00:00,474.91296610393385,842.0777068512901,412.73319643891415,0.0,0.0,367.1647407473563,0.0
2024-05-05 11:00:00,474.91296610393385,1074.9322586919793,981.9614778252774,0.0,0.0,600.0192925880455,0.0
2024-05-05 12:00:00,474.91296610393385,1244.5101758182177,1188.8109821440532,0.0,551.5586875395612,218.03852217472263,0.0
2024-05-05 13:00:00,474.91296610393385,1306.7852903225803,1199.425816505579,0.0,820.6833063626997,11.189017855946759,0.0
2024-05-05 14:00:00,474.91296610393385,1244.5101758182177,1199.9705347967524,0.0,769.0230262198628,0.5741834944210495,0.0
2024-05-05 15:00:00,474.91296610393385,1074.9322586919793,1199.9984879429471,0.0,599.9898273847979,0.029465203247582394,0.0
2024-05-05 16:00:00,474.91296610393385,842.0777068512901,1199.999922406219,0.0,367.1632286903034,0.0015120570528779353,0.0
2024-05-05 17:00:00,474.91296610393385,598.2899025820819,1199.999996018143,0.0,123.37685888436704,7.759378104310599e-05,0.0
2024-05-05 18:00:00,356.18472457795036,385.53126740065807,1199.9999997956643,0.0,29.34653884085077,3.9818569348426536e-06,0.0
2024-05-05 19:00:00,356.18472457795036,225.31804183788853,1062.0544040325842,0.0,0.0,0.0,130.86668274006183
2024-05-05 20:00:00,148.41030190747932,119.43201512662307,1031.5086077268995,0.0,0.0,0.0,28.97828678085625
2024-05-05 21:00:00,148.41030190747932,57.416138560948404,935.5923377414172,0.0,0.0,0.0,90.99416334653091
2024-05-05 22:00:00,148.41030190747932,25.034310360942357,805.5426237851716,0.0,0.0,0.0,123.37599154653697
2024-05-05 23:00:00,47.49129661039338,9.899783848387443,765.9176901120964,0.0,0.0,0.0,37.591512762005934
2024-05-06 00:00:00,47.491296610393384,0.34074267627471283,716.2166423219537,0.0,0.0,0.0,47.15055393411867
2024-05-06 01:00:00,47.491296610393384,1.1549712171028534,667.3738667734552,0.0,0.0,0.0,46.33632539329053
2024-05-06 02:00:00,47.491296610393384,3.5506202211343627,621.0563270006412,0.0,0.0,0.0,43.940676389259025
2024-05-06 03:00:00,47.491296610393384,9.899783848387443,581.431393327566,0.0,0.0,0.0,37.59151276200594
2024-05-06 04:00:00,47.491296610393384,25.034310360942357,557.7596513504501,0.0,0.0,0.0,22.456986249451028
2024-05-06 05:00:00,47.491296610393384,57.416138560948404,567.1751831447327,0.0,0.0,9.92484195055502,0.0
2024-05-06 06:00:00,178.09236228897518,119.43201512662307,505.3417480216568,0.0,0.0,0.0,58.66034716235211
2024-05-06 07:00:00,593.6412076299173,225.31804183788853,117.09504171944792,0.0,0.0,0.0,368.32316579202876
2024-05-06 08:00:00,593.6412076299173,385.53126740065807,60.0,153.9448277485217,0.0,0.0,54.16511248073753
2024-05-06 09:00:00,593.6412076299173,598.2899025820819,64.41013925885034,0.0,0.0,4.648694952164647,0.0
2024-05-06 10:00:00,474.91296610393385,842.0777068512901,412.73319643891415,0.0,0.0,367.1647407473563,0.0
2024-05-06 11:00:00,474.91296610393385,1074.9322586919793,981.9614778252774,0.0,0.0,600.0192925880455,0.0
2024-05-06 12:00:00,474.91296610393385,1244.5101758182177,1188.8109821440532,0.0,551.5586875395612,218.03852217472263,0.0
2024-05-06 13:00:00,474.91296610393385,1306.7852903225803,1199.425816505579,0.0,820.6833063626997,11.189017855946759,0.0
2024-05-06 14:00:00,474.91296610393385,1244.5101758182177,1199.9705347967524,0.0,769.0230262198628,0.5741834944210495,0.0
2024-05-06 15:00:00,474.91296610393385,1074.9322586919793,1199.9984879429471,0.0,599.9898273847979,0.029465203247582394,0.0
2024-05-06 16:00:00,474.91296610393385,842.0777068512901,1199.999922406219,0.0,367.1632286903034,0.0015120570528779353,0.0
2024-05-06 17:00:00,474.91296610393385,598.2899025820819,1199.999996018143,0.0,123.37685888436704,7.759378104310599e-05,0.0
2024-05-06 18:00:00,356.18472457795036,385.53126740065807,1199.9999997956643,0.0,29.34653884085077,3.9818569348426536e-06,0.0
2024-05-06 19:00:00,356.18472457795036,225.31804183788853,1062.0544040325842,0.0,0.0,0.0,130.86668274006183
2024-05-06 20:00:00,148.41030190747932,119.43201512662307,1031.5086077268995,0.0,0.0,0.0,28.97828678085625
2024-05-06 21:00:00,148.41030190747932,57.416138560948404,935.5923377414172,0.0,0.0,0.0,90.99416334653091
2024-05-06 22:00:00,148.41030190747932,25.034310360942357,805.5426237851716,0.0,0.0,0.0,123.37599154653697
2024-05-06 23:00:00,47.491296610393384,9.899783848387443,765.9176901120964,0.0,0.0,0.0,37.59151276200594
2024-05-07 00:00:00,47.491296610393384,0.34074267627471283,716.2166423219537,0.0,0.0,0.0,47.15055393411867
2024-05-07 01:00:00,47.491296610393384,1.1549712171028534,667.3738667734552,0.0,0.0,0.0,46.33632539329053
2024-05-07 02:00:00,47.491296610393384,3.5506202211343627,621.0563270006412,0.0,0.0,0.0,43.940676389259025
2024-05-07 03:00:00,47.491296610393384,9.899783848387443,581.431393327566,0.0,0.0,0.0,37.59151276200594
2024-05-07 04:00:00,47.491296610393384,25.034310360942357,557.7596513504501,0.0,0.0,0.0,22.456986249451028
2024-05-07 05:00:00,47.491296610393384,57.416138560948404,567.1751831447327,0.0,0.0,9.92484195055502,0.0
2024-05-07 06:00:00,178.09236228897518,119.43201512662307,505.3417480216568,0.0,0.0,0.0,58.66034716235211
2024-05-07 07:00:00,593.6412076299173,225.31804183788853,117.09504171944792,0.0,0.0,0.0,368.32316579202876
2024-05-07 08:00:00,593.6412076299173,385.53126740065807,60.0,153.9448277485217,0.0,0.0,54.16511248073753
2024-05-07 09:00:00,593.6412076299173,598.2899025820819,64.41013925885034,0.0,0.0,4.648694952164647,0.0
2024-05-07 10:00:00,474.91296610393385,842.0777068512901,412.73319643891415,0.0,0.0,367.1647407473563,0.0
2024-05-07 11:00:00,474.91296610393385,1074.9322586919793,981.9614778252774,0.0,0.0,600.0192925880455,0.0
2024-05-07 12:00:00,474.91296610393385,1244.5101758182177,1188.8109821440532,0.0,551.5586875395612,218.03852217472263,0.0
2024-05-07 13:00:00,474.91296610393385,1306.7852903225803,1199.425816505579,0.0,820.6833063626997,11.189017855946759,0.0
2024-05-07 14:00:00,474.91296610393385,1244.5101758182177,1199.9705347967524,0.0,769.0230262198628,0.5741834944210495,0.0
2024-05-07 15:00:00,474.91296610393385,1074.9322586919793,1199.9984879429471,0.0,599.9898273847979,0.029465203247582394,0.0
2024-05-07 16:00:00,474.91296610393385,842.0777068512901,1199.999922406219,0.0,367.1632286903034,0.0015120570528779353,0.0
2024-05-07 17:00:00,474.91296610393385,598.2899025820819,1199.999996018143,0.0,123.37685888436704,7.759378104310599e-05,0.0
2024-05-07 18:00:00,356.18472457795036,385.53126740065807,1199.9999997956643,0.0,29.34653884085077,3.9818569348426536e-06,0.0
2024-05-07 19:00:00,356.18472457795036,225.31804183788853,1062.0544040325842,0.0,0.0,0.0,130.86668274006183
2024-05-07 20:00:00,148.41030190747932,119.43201512662307,1031.5086077268995,0.0,0.0,0.0,28.97828678085625
2024-05-07 21:00:00,148.41030190747932,57.416138560948404,935.5923377414172,0.0,0.0,0.0,90.99416334653091
2024-05-07 22:00:00,148.41030190747932,25.034310360942357,805.5426237851716,0.0,0.0,0.0,123.37599154653697
2024-05-07 23:00:00,47.491296610393384,9.899783848387443,765.9176901120964,0.0,0.0,0.0,37.59151276200594
2024-05-08 00:00:00,47.49129661039338,0.34074267627471283,716.2166423219537,0.0,0.0,0.0,47.15055393411866
2024-05-08 01:00:00,47.49129661039338,1.1549712171028534,667.3738667734552,0.0,0.0,0.0,46.33632539329052
2024-05-08 02:00:00,47.49129661039338,3.5506202211343627,621.0563270006412,0.0,0.0,0.0,43.94067638925901
2024-05-08 03:00:00,47.49129661039338,9.899783848387443,581.431393327566,0.0,0.0,0.0,37.591512762005934
2024-05-08 04:00:00,47.49129661039338,25.034310360942357,557.7596513504501,0.0,0.0,0.0,22.45698624945102
2024-05-08 05:00:00,47.49129661039338,57.416138560948404,567.1751831447327,0.0,0.0,9.924841950555027,0.0
2024-05-08 06:00:00,178.09236228897518,119.43201512662307,505.3417480216568,0.0,0.0,0.0,58.66034716235211
2024-05-08 07:00:00,593.6412076299173,225.31804183788853,117.09504171944792,0.0,0.0,0.0,368.32316579202876
2024-05-08 08:00:00,593.6412076299173,385.53126740065807,60.0,153.9448277485217,0.0,0.0,54.16511248073753
2024-05-08 09:00:00,593.6412076299173,598.2899025820819,64.41013925885034,0.0,0.0,4.648694952164647,0.0
2024-05-08 10:00:00,474.91296610393385,842.0777068512901,412.73319643891415,0.0,0.0,367.1647407473563,0.0
2024-05-08 11:00:00,474.91296610393385,1074.9322586919793,981.9614778252774,0.0,0.0,600.0192925880455,0.0
2024-05-08 12:00:00,474.91296610393385,1244.5101758182177,1188.8109821440532,0.0,551.5586875395612,218.03852217472263,0.0
2024-05-08 13:00:00,474.91296610393385,1306.7852903225803,1199.425816505579,0.0,820.6833063626997,11.189017855946759,0.0
2024-05-08 14:00:00,474.91296610393385,1244.5101758182177,1199.9705347967524,0.0,769.0230262198628,0.5741834944210495,0.0
2024-05-08 15:00:00,474.91296610393385,1074.9322586919793,1199.9984879429471,0.0,599.9898273847979,0.029465203247582394,0.0
2024-05-08 16:00:00,474.91296610393385,842.0777068512901,1199.999922406219,0.0,367.1632286903034,0.0015120570528779353,0.0
2024-05-08 17:00:00,474.91296610393385,598.2899025820819,1199.999996018143,0.0,123.37685888436704,7.759378104310599e-05,0.0
2024-05-08 18:00:00,356.18472457795036,385.53126740065807,1199.9999997956643,0.0,29.34653884085077,3.9818569348426536e-06,0.0
2024-05-08 19:00:00,356.18472457795036,225.31804183788853,1062.0544040325842,0.0,0.0,0.0,130.86668274006183
2024-05-08 20:00:00,148.41030190747932,119.43201512662307,1031.5086077268995,0.0,0.0,0.0,28.97828678085625
2024-05-08 21:00:00,148.41030190747932,57.416138560948404,935.5923377414172,0.0,0.0,0.0,90.99416334653091
2024-05-08 22:00:00,148.41030190747932,25.034310360942357,805.5426237851716,0.0,0.0,0.0,123.37599154653697
2024-05-08 23:00:00,47.49129661039338,9.899783848387443,765.9176901120964,0.0,0.0,0.0,37.591512762005934
2024-05-09 00:00:00,47.49129661039338,0.34074267627471283,716.2166423219537,0.0,0.0,0.0,47.15055393411866
2024-05-09 01:00:00,47.49129661039338,1.1549712171028534,667.3738667734552,0.0,0.0,0.0,46.33632539329052
2024-05-09 02:00:00,47.49129661039338,3.5506202211343627,621.0563270006412,0.0,0.0,0.0,43.94067638925901
2024-05-09 03:00:00,47.49129661039338,9.899783848387443,581.431393327566,0.0,0.0,0.0,37.591512762005934
2024-05-09 04:00:00,47.49129661039338,25.034310360942357,557.7596513504501,0.0,0.0,0.0,22.45698624945102
2024-05-09 05:00:00,47.49129661039338,57.416138560948404,567.1751831447327,0.0,0.0,9.924841950555027,0.0
2024-05-09 06:00:00,178.09236228897518,119.43201512662307,505.3417480216568,0.0,0.0,0.0,58.66034716235211
2024-05-09 07:00:00,593.6412076299173,225.31804183788853,117.09504171944792,0.0,0.0,0.0,368.32316579202876
2024-05-09 08:00:00,593.6412076299173,385.53126740065807,60.0,153.9448277485217,0.0,0.0,54.16511248073753
2024-05-09 09:00:00,593.6412076299173,598.2899025820819,64.41013925885034,0.0,0.0,4.648694952164647,0.0
2024-05-09 10:00:00,474.91296610393385,842.0777068512901,412.73319643891415,0.0,0.0,367.1647407473563,0.0
2024-05-09 11:00:00,474.91296610393385,1074.9322586919793,981.9614778252774,0.0,0.0,600.0192925880455,0.0
2024-05-09 12:00:00,474.91296610393385,1244.5101758182177,1188.8109821440532,0.0,551.5586875395612,218.03852217472263,0.0
2024-05-09 13:00:00,474.91296610393385,1306.7852903225803,1199.425816505579,0.0,820.6833063626997,11.189017855946759,0.0
2024-05-09 14:00:00,474.91296610393385,1244.5101758182177,1199.9705347967524,0.0,769.0230262198628,0.5741834944210495,0.0
2024-05-09 15:00:00,474.91296610393385,1074.9322586919793,1199.9984879429471,0.0,599.9898273847979,0.029465203247582394,0.0
2024-05-09 16:00:00,474.91296610393385,842.0777068512901,1199.999922406219,0.0,367.1632286903034,0.0015120570528779353,0.0
2024-05-09 17:00:00,474.91296610393385,598.2899025820819,1199.999996018143,0.0,123.37685888436704,7.759378104310599e-05,0.0
2024-05-09 18:00:00,356.18472457795036,385.53126740065807,1199.9999997956643,0.0,29.34653884085077,3.9818569348426536e-06,0.0
2024-05-09 19:00:00,356.18472457795036,225.31804183788853,1062.0544040325842,0.0,0.0,0.0,130.86668274006183
2024-05-09 20:00:00,148.41030190747932,119.43201512662307,1031.5086077268995,0.0,0.0,0.0,28.97828678085625
2024-05-09 21:00:00,148.41030190747932,57.416138560948404,935.5923377414172,0.0,0.0,0.0,90.99416334653091
2024-05-09 22:00:00,148.41030190747932,25.034310360942357,805.5426237851716,0.0,0.0,0.0,123.37599154653697
2024-05-09 23:00:00,47.49129661039338,9.899783848387443,765.9176901120964,0.0,0.0,0.0,37.591512762005934
2024-05-10 00:00:00,47.49129661039338,0.34074267627471283,716.2166423219537,0.0,0.0,0.0,47.15055393411866
2024-05-10 01:00:00,47.49129661039338,1.1549712171028534,667.3738667734552,0.0,0.0,0.0,46.33632539329052
2024-05-10 02:00:00,47.49129661039338,3.5506202211343627,621.0563270006412,0.0,0.0,0.0,43.94067638925901
2024-05-10 03:00:00,47.49129661039338,9.899783848387443,581.431393327566,0.0,0.0,0.0,37.591512762005934
2024-05-10 04:00:00,47.49129661039338,25.034310360942357,557.7596513504501,0.0,0.0,0.0,22.45698624945102
2024-05-10 05:00:00,47.49129661039338,57.416138560948404,567.1751831447327,0.0,0.0,9.924841950555027,0.0
2024-05-10 06:00:00,178.09236228897518,119.43201512662307,505.3417480216568,0.0,0.0,0.0,58.66034716235211
2024-05-10 07:00:00,593.6412076299173,225.31804183788853,117.09504171944792,0.0,0.0,0.0,368.32316579202876
2024-05-10 08:00:00,593.6412076299173,385.53126740065807,60.0,153.9448277485217,0.0,0.0,54.16511248073753
2024-05-10 09:00:00,593.6412076299173,598.2899025820819,64.41013925885034,0.0,0.0,4.648694952164647,0.0
2024-05-10 10:00:00,474.91296610393385,842.0777068512901,412.73319643891415,0.0,0.0,367.1647407473563,0.0
2024-05-10 11:00:00,474.91296610393385,1074.9322586919793,981.9614778252774,0.0,0.0,600.0192925880455,0.0
2024-05-10 12:00:00,474.91296610393385,1244.5101758182177,1188.8109821440532,0.0,551.5586875395612,218.03852217472263,0.0
2024-05-10 13:00:00,474.91296610393385,1306.7852903225803,1199.425816505579,0.0,820.6833063626997,11.189017855946759,0.0
2024-05-10 14:00:00,474.91296610393385,1244.5101758182177,1199.9705347967524,0.0,769.0230262198628,0.5741834944210495,0.0
2024-05-10 15:00:00,474.91296610393385,1074.9322586919793,1199.9984879429471,0.0,599.9898273847979,0.029465203247582394,0.0
2024-05-10 16:00:00,474.91296610393385,842.0777068512901,1199.999922406219,0.0,367.1632286903034,0.0015120570528779353,0.0
2024-05-10 17:00:00,474.91296610393385,598.2899025820819,1199.999996018143,0.0,123.37685888436704,7.759378104310599e-05,0.0
2024-05-10 18:00:00,356.18472457795036,385.53126740065807,1199.9999997956643,0.0,29.34653884085077,3.9818569348426536e-06,0.0
2024-05-10 19:00:00,356.18472457795036,225.31804183788853,1062.0544040325842,0.0,0.0,0.0,130.86668274006183
2024-05-10 20:00:00,148.41030190747932,119.43201512662307,1031.5086077268995,0.0,0.0,0.0,28.97828678085625
2024-05-10 21:00:00,148.41030190747932,57.416138560948404,935.5923377414172,0.0,0.0,0.0,90.99416334653091
2024-05-10 22:00:00,148.41030190747932,25.034310360942357,805.5426237851716,0.0,0.0,0.0,123.37599154653697
2024-05-10 23:00:00,47.49129661039338,9.899783848387443,765.9176901120964,0.0,0.0,0.0,37.591512762005934
2024-05-11 00:00:00,47.49129661039338,0.34074267627471283,716.2166423219537,0.0,0.0,0.0,47.15055393411866
2024-05-11 01:00:00,47.49129661039338,1.1549712171028534,667.3738667734552,0.0,0.0,0.0,46.33632539329052
2024-05-11 02:00:00,47.49129661039338,3.5506202211343627,621.0563270006412,0.0,0.0,0.0,43.94067638925901
2024-05-11 03:00:00,47.49129661039338,9.899783848387443,581.431393327566,0.0,0.0,0.0,37.591512762005934
2024-05-11 04:00:00,47.49129661039338,25.034310360942357,557.7596513504501,0.0,0.0,0.0,22.45698624945102
2024-05-11 05:00:00,47.49129661039338,57.416138560948404,567.1751831447327,0.0,0.0,9.924841950555027,0.0
2024-05-11 06:00:00,178.09236228897518,119.43201512662307,505.3417480216568,0.0,0.0,0.0,58.66034716235211
2024-05-11 07:00:00,593.6412076299173,225.31804183788853,117.09504171944792,0.0,0.0,0.0,368.32316579202876
2024-05-11 08:00:00,593.6412076299173,385.53126740065807,60.0,153.9448277485217,0.0,0.0,54.16511248073753
2024-05-11 09:00:00,593.6412076299173,598.2899025820819,64.41013925885034,0.0,0.0,4.648694952164647,0.0
2024-05-11 10:00:00,474.91296610393385,842.0777068512901,412.73319643891415,0.0,0.0,367.1647407473563,0.0
2024-05-11 11:00:00,474.91296610393385,1074.9322586919793,981.9614778252774,0.0,0.0,600.0192925880455,0.0
2024-05-11 12:00:00,474.91296610393385,1244.5101758182177,1188.8109821440532,0.0,551.5586875395612,218.03852217472263,0.0
2024-05-11 13:00:00,474.91296610393385,1306.7852903225803,1199.425816505579,0.0,820.6833063626997,11.189017855946759,0.0
2024-05-11 14:00:00,474.91296610393385,1244.5101758182177,1199.9705347967524,0.0,769.0230262198628,0.5741834944210495,0.0
2024-05-11 15:00:00,474.91296610393385,1074.9322586919793,1199.9984879429471,0.0,599.9898273847979,0.029465203247582394,0.0
2024-05-11 16:00:00,474.91296610393385,842.0777068512901,1199.999922406219,0.0,367.1632286903034,0.0015120570528779353,0.0
2024-05-11 17:00:00,474.91296610393385,598.2899025820819,1199.999996018143,0.0,123.37685888436704,7.759378104310599e-05,0.0
2024-05-11 18:00:00,356.18472457795036,385.53126740065807,1199.9999997956643,0.0,29.34653884085077,3.9818569348426536e-06,0.0
2024-05-11 19:00:00,356.18472457795036,225.31804183788853,1062.0544040325842,0.0,0.0,0.0,130.86668274006183
2024-05-11 20:00:00,148.41030190747932,119.43201512662307,1031.5086077268995,0.0,0.0,0.0,28.97828678085625
2024-05-11 21:00:00,148.41030190747932,57.416138560948404,935.5923377414172,0.0,0.0,0.0,90.99416334653091
2024-05-11 22:00:00,148.41030190747932,25.034310360942357,805.5426237851716,0.0,0.0,0.0,123.37599154653697
2024-05-11 23:00:00,47.49129661039338,9.899783848387443,765.9176901120964,0.0,0.0,0.0,37.591512762005934
2024-05-12 00:00:00,47.49129661039338,0.34074267627471283,716.2166423219537,0.0,0.0,0.0,47.15055393411866
2024-05-12 01:00:00,47.49129661039338,1.1549712171028534,667.3738667734552,0.0,0.0,0.0,46.33632539329052
2024-05-12 02:00:00,47.49129661039338,3.5506202211343627,621.0563270006412,0.0,0.0,0.0,43.94067638925901
2024-05-12 03:00:00,47.49129661039338,9.899783848387443,581.431393327566,0.0,0.0,0.0,37.591512762005934
2024-05-12 04:00:00,47.49129661039338,25.034310360942357,557.7596513504501,0.0,0.0,0.0,22.45698624945102
2024-05-12 05:00:00,47.49129661039338,57.416138560948404,567.1751831447327,0.0,0.0,9.924841950555027,0.0
2024-05-12 06:00:00,178.09236228897518,119.43201512662307,505.3417480216568,0.0,0.0,0.0,58.66034716235211
2024-05-12 07:00:00,593.6412076299173,225.31804183788853,117.09504171944792,0.0,0.0,0.0,368.32316579202876
2024-05-12 08:00:00,593.6412076299173,385.53126740065807,60.0,153.9448277485217,0.0,0.0,54.16511248073753
2024-05-12 09:00:00,593.6412076299173,598.2899025820819,64.41013925885034,0.0,0.0,4.648694952164647,0.0
2024-05-12 10:00:00,474.91296610393385,842.0777068512901,412.73319643891415,0.0,0.0,367.1647407473563,0.0
2024-05-12 11:00:00,474.91296610393385,1074.9322586919793,981.9614778252774,0.0,0.0,600.0192925880455,0.0
2024-05-12 12:00:00,474.91296610393385,1244.5101758182177,1188.8109821440532,0.0,551.5586875395612,218.03852217472263,0.0
2024-05-12 13:00:00,474.91296610393385,1306.7852903225803,1199.425816505579,0.0,820.6833063626997,11.189017855946759,0.0
2024-05-12 14:00:00,474.91296610393385,1244.5101758182177,1199.9705347967524,0.0,769.0230262198628,0.5741834944210495,0.0
2024-05-12 15:00:00,474.91296610393385,1074.9322586919793,1199.9984879429471,0.0,599.9898273847979,0.029465203247582394,0.0
2024-05-12 16:00:00,474.91296610393385,842.0777068512901,1199.999922406219,0.0,367.1632286903034,0.0015120570528779353,0.0
2024-05-12 17:00:00,474.91296610393385,598.2899025820819,1199.999996018143,0.0,123.37685888436704,7.759378104310599e-05,0.0
2024-05-12 18:00:00,356.18472457795036,385.53126740065807,1199.9999997956643,0.0,29.34653884085077,3.9818569348426536e-06,0.0
2024-05-12 19:00:00,356.18472457795036,225.31804183788853,1062.0544040325842,0.0,0.0,0.0,130.86668274006183
2024-05-12 20:00:00,148.41030190747932,119.43201512662307,1031.5086077268995,0.0,0.0,0.0,28.97828678085625
2024-05-12 21:00:00,148.41030190747932,57.416138560948404,935.5923377414172,0.0,0.0,0.0,90.99416334653091
2024-05-12 22:00:00,148.41030190747932,25.034310360942357,805.5426237851716,0.0,0.0,0.0,123.37599154653697
2024-05-12 23:00:00,47.49129661039338,9.899783848387443,765.9176901120964,0.0,0.0,0.0,37.591512762005934
2024-05-13 00:00:00,47.491296610393384,0.34074267627471283,716.2166423219537,0.0,0.0,0.0,47.15055393411867
2024-05-13 01:00:00,47.491296610393384,1.1549712171028534,667.3738667734552,0.0,0.0,0.0,46.33632539329053
2024-05-13 02:00:00,47.491296610393384,3.5506202211343627,621.0563270006412,0.0,0.0,0.0,43.940676389259025
2024-05-13 03:00:00,47.491296610393384,9.899783848387443,581.431393327566,0.0,0.0,0.0,37.59151276200594
2024-05-13 04:00:00,47.491296610393384,25.034310360942357,557.7596513504501,0.0,0.0,0.0,22.456986249451028
2024-05-13 05:00:00,47.491296610393384,57.416138560948404,567.1751831447327,0.0,0.0,9.92484195055502,0.0
2024-05-13 06:00:00,178.09236228897518,119.43201512662307,505.3417480216568,0.0,0.0,0.0,58.66034716235211
2024-05-13 07:00:00,593.6412076299173,225.31804183788853,117.09504171944792,0.0,0.0,0.0,368.32316579202876
2024-05-13 08:00:00,593.6412076299173,385.53126740065807,60.0,153.9448277485217,0.0,0.0,54.16511248073753
2024-05-13 09:00:00,593.6412076299173,598.2899025820819,64.41013925885034,0.0,0.0,4.648694952164647,0.0
2024-05-13 10:00:00,474.91296610393385,842.0777068512901,412.73319643891415,0.0,0.0,367.1647407473563,0.0
2024-05-13 11:00:00,474.91296610393385,1074.9322586919793,981.9614778252774,0.0,0.0,600.0192925880455,0.0
2024-05-13 12:00:00,474.91296610393385,1244.5101758182177,1188.8109821440532,0.0,551.5586875395612,218.03852217472263,0.0
2024-05-13 13:00:00,474.91296610393385,1306.7852903225803,1199.425816505579,0.0,820.6833063626997,11.189017855946759,0.0
2024-05-13 14:00:00,474.91296610393385,1244.5101758182177,1199.9705347967524,0.0,769.0230262198628,0.5741834944210495,0.0
2024-05-13 15:00:00,474.91296610393385,1074.9322586919793,1199.9984879429471,0.0,599.9898273847979,0.029465203247582394,0.0
2024-05-13 16:00:00,474.91296610393385,842.0777068512901,1199.999922406219,0.0,367.1632286903034,0.0015120570528779353,0.0
2024-05-13 17:00:00,474.91296610393385,598.2899025820819,1199.999996018143,0.0,123.37685888436704,7.759378104310599e-05,0.0
2024-05-13 18:00:00,356.18472457795036,385.53126740065807,1199.9999997956643,0.0,29.34653884085077,3.9818569348426536e-06,0.0
2024-05-13 19:00:00,356.18472457795036,225.31804183788853,1062.0544040325842,0.0,0.0,0.0,130.86668274006183
2024-05-13 20:00:00,148.41030190747932,119.43201512662307,1031.5086077268995,0.0,0.0,0.0,28.97828678085625
2024-05-13 21:00:00,148.41030190747932,57.416138560948404,935.5923377414172,0.0,0.0,0.0,90.99416334653091
2024-05-13 22:00:00,148.41030190747932,25.034310360942357,805.5426237851716,0.0,0.0,0.0,123.37599154653697
2024-05-13 23:00:00,47.491296610393384,9.899783848387443,765.9176901120964,0.0,0.0,0.0,37.59151276200594
2024-05-14 00:00:00,47.491296610393384,0.34074267627471283,716.2166423219537,0.0,0.0,0.0,47.15055393411867
2024-05-14 01:00:00,47.491296610393384,1.1549712171028534,667.3738667734552,0.0,0.0,0.0,46.33632539329053
2024-05-14 02:00:00,47.491296610393384,3.5506202211343627,621.0563270006412,0.0,0.0,0.0,43.940676389259025
2024-05-14 03:00:00,47.491296610393384,9.899783848387443,581.431393327566,0.0,0.0,0.0,37.59151276200594
2024-05-14 04:00:00,47.491296610393384,25.034310360942357,557.7596513504501,0.0,0.0,0.0,22.456986249451028
2024-05-14 05:00:00,47.491296610393384,57.416138560948404,567.1751831447327,0.0,0.0,9.92484195055502,0.0
2024-05-14 06:00:00,178.09236228897518,119.43201512662307,505.3417480216568,0.0,0.0,0.0,58.66034716235211
2024-05-14 07:00:00,593.6412076299173,225.31804183788853,117.09504171944792,0.0,0.0,0.0,368.32316579202876
2024-05-14 08:00:00,593.6412076299173,385.53126740065807,60.0,153.9448277485217,0.0,0.0,54.16511248073753
2024-05-14 09:00:00,593.6412076299173,598.2899025820819,64.41013925885034,0.0,0.0,4.648694952164647,0.0
2024-05-14 10:00:00,474.91296610393385,842.0777068512901,412.73319643891415,0.0,0.0,367.1647407473563,0.0
2024-05-14 11:00:00,474.91296610393385,1074.9322586919793,981.9614778252774,0.0,0.0,600.0192925880455,0.0
2024-05-14 12:00:00,474.91296610393385,1244.5101758182177,1188.8109821440532,0.0,551.5586875395612,218.03852217472263,0.0
2024-05-14 13:00:00,474.91296610393385,1306.7852903225803,1199.425816505579,0.0,820.6833063626997,11.189017855946759,0.0
2024-05-14 14:00:00,474.91296610393385,1244.5101758182177,1199.9705347967524,0.0,769.0230262198628,0.5741834944210495,0.0
2024-05-14 15:00:00,474.91296610393385,1074.9322586919793,1199.9984879429471,0.0,599.9898273847979,0.029465203247582394,0.0
2024-05-14 16:00:00,474.91296610393385,842.0777068512901,1199.999922406219,0.0,367.1632286903034,0.0015120570528779353,0.0
2024-05-14 17:00:00,474.91296610393385,598.2899025820819,1199.999996018143,0.0,123.37685888436704,7.759378104310599e-05,0.0
2024-05-14 18:00:00,356.18472457795036,385.53126740065807,1199.9999997956643,0.0,29.34653884085077,3.9818569348426536e-06,0.0
2024-05-14 19:00:00,356.18472457795036,225.31804183788853,1062.0544040325842,0.0,0.0,0.0,130.86668274006183
2024-05-14 20:00:00,148.41030190747932,119.43201512662307,1031.5086077268995,0.0,0.0,0.0,28.97828678085625
2024-05-14 21:00:00,148.41030190747932,57.416138560948404,935.5923377414172,0.0,0.0,0.0,90.99416334653091
2024-05-14 22:00:00,148.41030190747932,25.034310360942357,805.5426237851716,0.0,0.0,0.0,123.37599154653697
2024-05-14 23:00:00,47.491296610393384,9.899783848387443,765.9176901120964,0.0,0.0,0.0,37.59151276200594
2024-05-15 00:00:00,47.49129661039338,0.34074267627471283,716.2166423219537,0.0,0.0,0.0,47.15055393411866
2024-05-15 01:00:00,47.49129661039338,1.1549712171028534,667.3738667734552,0.0,0.0,0.0,46.33632539329052
2024-05-15 02:00:00,47.49129661039338,3.5506202211343627,621.0563270006412,0.0,0.0,0.0,43.94067638925901
2024-05-15 03:00:00,47.49129661039338,9.899783848387443,581.431393327566,0.0,0.0,0.0,37.591512762005934
2024-05-15 04:00:00,47.49129661039338,25.034310360942357,557.7596513504501,0.0,0.0,0.0,22.45698624945102
2024-05-15 05:00:00,47.49129661039338,57.416138560948404,567.1751831447327,0.0,0.0,9.924841950555027,0.0
2024-05-15 06:00:00,178.09236228897518,119.43201512662307,505.3417480216568,0.0,0.0,0.0,58.66034716235211
2024-05-15 07:00:00,593.6412076299173,225.31804183788853,117.09504171944792,0.0,0.0,0.0,368.32316579202876
2024-05-15 08:00:00,593.6412076299173,385.53126740065807,60.0,153.9448277485217,0.0,0.0,54.16511248073753
2024-05-15 09:00:00,593.6412076299173,598.2899025820819,64.41013925885034,0.0,0.0,4.648694952164647,0.0
2024-05-15 10:00:00,474.91296610393385,842.0777068512901,412.73319643891415,0.0,0.0,367.1647407473563,0.0
2024-05-15 11:00:00,474.91296610393385,1074.9322586919793,981.9614778252774,0.0,0.0,600.0192925880455,0.0
2024-05-15 12:00:00,474.91296610393385,1244.5101758182177,1188.8109821440532,0.0,551.5586875395612,218.03852217472263,0.0
2024-05-15 13:00:00,474.91296610393385,1306.7852903225803,1199.425816505579,0.0,820.6833063626997,11.189017855946759,0.0
2024-05-15 14:00:00,474.91296610393385,1244.5101758182177,1199.9705347967524,0.0,769.0230262198628,0.5741834944210495,0.0
2024-05-15 15:00:00,474.91296610393385,1074.9322586919793,1199.9984879429471,0.0,599.9898273847979,0.029465203247582394,0.0
2024-05-15 16:00:00,474.91296610393385,842.0777068512901,1199.999922406219,0.0,367.1632286903034,0.0015120570528779353,0.0
2024-05-15 17:00:00,474.91296610393385,598.2899025820819,1199.999996018143,0.0,123.37685888436704,7.759378104310599e-05,0.0
2024-05-15 18:00:00,356.18472457795036,385.53126740065807,1199.9999997956643,0.0,29.34653884085077,3.9818569348426536e-06,0.0
2024-05-15 19:00:00,356.18472457795036,225.31804183788853,1062.0544040325842,0.0,0.0,0.0,130.86668274006183
2024-05-15 20:00:00,148.41030190747932,119.43201512662307,1031.5086077268995,0.0,0.0,0.0,28.97828678085625
2024-05-15 21:00:00,148.41030190747932,57.416138560948404,935.5923377414172,0.0,0.0,0.0,90.99416334653091
2024-05-15 22:00:00,148.41030190747932,25.034310360942357,805.5426237851716,0.0,0.0,0.0,123.37599154653697
2024-05-15 23:00:00,47.49129661039338,9.899783848387443,765.9176901120964,0.0,0.0,0.0,37.591512762005934
2024-05-16 00:00:00,47.49129661039338,0.34074267627471283,716.2166423219537,0.0,0.0,0.0,47.15055393411866
2024-05-16 01:00:00,47.49129661039338,1.1549712171028534,667.3738667734552,0.0,0.0,0.0,46.33632539329052
2024-05-16 02:00:00,47.49129661039338,3.5506202211343627,621.0563270006412,0.0,0.0,0.0,43.94067638925901
2024-05-16 03:00:00,47.49129661039338,9.899783848387443,581.431393327566,0.0,0.0,0.0,37.591512762005934
2024-05-16 04:00:00,47.49129661039338,25.034310360942357,557.7596513504501,0.0,0.0,0.0,22.45698624945102
2024-05-16 05:00:00,47.49129661039338,57.416138560948404,567.1751831447327,0.0,0.0,9.924841950555027,0.0
2024-05-16 06:00:00,178.09236228897518,119.43201512662307,505.3417480216568,0.0,0.0,0.0,58.66034716235211
2024-05-16 07:00:00,593.6412076299173,225.31804183788853,117.09504171944792,0.0,0.0,0.0,368.32316579202876
2024-05-16 08:00:00,593.6412076299173,385.53126740065807,60.0,153.9448277485217,0.0,0.0,54.16511248073753
2024-05-16 09:00:00,593.6412076299173,598.2899025820819,64.41013925885034,0.0,0.0,4.648694952164647,0.0
2024-05-16 10:00:00,474.91296610393385,842.0777068512901,412.73319643891415,0.0,0.0,367.1647407473563,0.0
2024-05-16 11:00:00,474.91296610393385,1074.9322586919793,981.9614778252774,0.0,0.0,600.0192925880455,0.0
2024-05-16 12:00:00,474.91296610393385,1244.5101758182177,1188.8109821440532,0.0,551.5586875395612,218.03852217472263,0.0
2024-05-16 13:00:00,474.91296610393385,1306.7852903225803,1199.425816505579,0.0,820.6833063626997,11.189017855946759,0.0
2024-05-16 14:00:00,474.91296610393385,1244.5101758182177,1199.9705347967524,0.0,769.0230262198628,0.5741834944210495,0.0
2024-05-16 15:00:00,474.91296610393385,1074.9322586919793,1199.9984879429471,0.0,599.9898273847979,0.029465203247582394,0.0
2024-05-16 16:00:00,474.91296610393385,842.0777068512901,1199.999922406219,0.0,367.1632286903034,0.0015120570528779353,0.0
2024-05-16 17:00:00,474.91296610393385,598.2899025820819,1199.999996018143,0.0,123.37685888436704,7.759378104310599e-05,0.0
2024-05-16 18:00:00,356.18472457795036,385.53126740065807,1199.9999997956643,0.0,29.34653884085077,3.9818569348426536e-06,0.0
2024-05-16 19:00:00,356.18472457795036,225.31804183788853,1062.0544040325842,0.0,0.0,0.0,130.86668274006183
2024-05-16 20:00:00,148.41030190747932,119.43201512662307,1031.5086077268995,0.0,0.0,0.0,28.97828678085625
2024-05-16 21:00:00,148.41030190747932,57.416138560948404,935.5923377414172,0.0,0.0,0.0,90.99416334653091
2024-05-16 22:00:00,148.41030190747932,25.034310360942357,805.5426237851716,0.0,0.0,0.0,123.37599154653697
2024-05-16 23:00:00,47.49129661039338,9.899783848387443,765.9176901120964,0.0,0.0,0.0,37.591512762005934
2024-05-17 00:00:00,47.49129661039338,0.34074267627471283,716.2166423219537,0.0,0.0,0.0,47.15055393411866
2024-05-17 01:00:00,47.49129661039338,1.1549712171028534,667.3738667734552,0.0,0.0,0.0,46.33632539329052
2024-05-17 02:00:00,47.49129661039338,3.5506202211343627,621.0563270006412,0.0,0.0,0.0,43.94067638925901
2024-05-17 03:00:00,47.49129661039338,9.899783848387443,581.431393327566,0.0,0.0,0.0,37.591512762005934
2024-05-17 04:00:00,47.49129661039338,25.034310360942357,557.7596513504501,0.0,0.0,0.0,22.45698624945102
2024-05-17 05:00:00,47.49129661039338,57.416138560948404,567.1751831447327,0.0,0.0,9.924841950555027,0.0
2024-05-17 06:00:00,178.09236228897518,119.43201512662307,505.3417480216568,0.0,0.0,0.0,58.66034716235211
2024-05-17 07:00:00,593.6412076299173,225.31804183788853,117.09504171944792,0.0,0.0,0.0,368.32316579202876
2024-05-17 08:00:00,593.6412076299173,385.53126740065807,60.0,153.9448277485217,0.0,0.0,54.16511248073753
2024-05-17 09:00:00,593.6412076299173,598.2899025820819,64.41013925885034,0.0,0.0,4.648694952164647,0.0
2024-05-17 10:00:00,474.91296610393385,842.0777068512901,412.73319643891415,0.0,0.0,367.1647407473563,0.0
2024-05-17 11:00:00,474.91296610393385,1074.9322586919793,981.9614778252774,0.0,0.0,600.0192925880455,0.0
2024-05-17 12:00:00,474.91296610393385,1244.5101758182177,1188.8109821440532,0.0,551.5586875395612,218.03852217472263,0.0
2024-05-17 13:00:00,474.91296610393385,1306.7852903225803,1199.425816505579,0.0,820.6833063626997,11.189017855946759,0.0
2024-05-17 14:00:00,474.91296610393385,1244.5101758182177,1199.9705347967524,0.0,769.0230262198628,0.5741834944210495,0.0
2024-05-17 15:00:00,474.91296610393385,1074.9322586919793,1199.9984879429471,0.0,599.9898273847979,0.029465203247582394,0.0
2024-05-17 16:00:00,474.91296610393385,842.0777068512901,1199.999922406219,0.0,367.1632286903034,0.0015120570528779353,0.0
2024-05-17 17:00:00,474.91296610393385,598.2899025820819,1199.999996018143,0.0,123.37685888436704,7.759378104310599e-05,0.0
2024-05-17 18:00:00,356.18472457795036,385.53126740065807,1199.9999997956643,0.0,29.34653884085077,3.9818569348426536e-06,0.0
2024-05-17 19:00:00,356.18472457795036,225.31804183788853,1062.0544040325842,0.0,0.0,0.0,130.86668274006183
2024-05-17 20:00:00,148.41030190747932,119.43201512662307,1031.5086077268995,0.0,0.0,0.0,28.97828678085625
2024-05-17 21:00:00,148.41030190747932,57.416138560948404,935.5923377414172,0.0,0.0,0.0,90.99416334653091
2024-05-17 22:00:00,148.41030190747932,25.034310360942357,805.5426237851716,0.0,0.0,0.0,123.37599154653697
2024-05-17 23:00:00,47.49129661039338,9.899783848387443,765.9176901120964,0.0,0.0,0.0,37.591512762005934
2024-05-18 00:00:00,47.49129661039338,0.34074267627471283,716.2166423219537,0.0,0.0,0.0,47.15055393411866
2024-05-18 01:00:00,47.49129661039338,1.1549712171028534,667.3738667734552,0.0,0.0,0.0,46.33632539329052
2024-05-18 02:00:00,47.49129661039338,3.5506202211343627,621.0563270006412,0.0,0.0,0.0,43.94067638925901
2024-05-18 03:00:00,47.49129661039338,9.899783848387443,581.431393327566,0.0,0.0,0.0,37.591512762005934
2024-05-18 04:00:00,47.49129661039338,25.034310360942357,557.7596513504501,0.0,0.0,0.0,22.45698624945102
2024-05-18 05:00:00,47.49129661039338,57.416138560948404,567.1751831447327,0.0,0.0,9.924841950555027,0.0
2024-05-18 06:00:00,178.09236228897518,119.43201512662307,505.3417480216568,0.0,0.0,0.0,58.66034716235211
2024-05-18 07:00:00,593.6412076299173,225.31804183788853,117.09504171944792,0.0,0.0,0.0,368.32316579202876
2024-05-18 08:00:00,593.6412076299173,385.53126740065807,60.0,153.9448277485217,0.0,0.0,54.16511248073753
2024-05-18 09:00:00,593.6412076299173,598.2899025820819,64.41013925885034,0.0,0.0,4.648694952164647,0.0
2024-05-18 10:00:00,474.91296610393385,842.0777068512901,412.73319643891415,0.0,0.0,367.1647407473563,0.0
2024-05-18 11:00:00,474.91296610393385,1074.9322586919793,981.9614778252774,0.0,0.0,600.0192925880455,0.0
2024-05-18 12:00:00,474.91296610393385,1244.5101758182177,1188.8109821440532,0.0,551.5586875395612,218.03852217472263,0.0
2024-05-18 13:00:00,474.91296610393385,1306.7852903225803,1199.425816505579,0.0,820.6833063626997,11.189017855946759,0.0
2024-05-18 14:00:00,474.91296610393385,1244.5101758182177,1199.9705347967524,0.0,769.0230262198628,0.5741834944210495,0.0
2024-05-18 15:00:00,474.91296610393385,1074.9322586919793,1199.9984879429471,0.0,599.9898273847979,0.029465203247582394,0.0
2024-05-18 16:00:00,474.91296610393385,842.0777068512901,1199.999922406219,0.0,367.1632286903034,0.0015120570528779353,0.0
2024-05-18 17:00:00,474.91296610393385,598.2899025820819,1199.999996018143,0.0,123.37685888436704,7.759378104310599e-05,0.0
2024-05-18 18:00:00,356.18472457795036,385.53126740065807,1199.9999997956643,0.0,29.34653884085077,3.9818569348426536e-06,0.0
2024-05-18 19:00:00,356.18472457795036,225.31804183788853,1062.0544040325842,0.0,0.0,0.0,130.86668274006183
2024-05-18 20:00:00,148.41030190747932,119.43201512662307,1031.5086077268995,0.0,0.0,0.0,28.97828678085625
2024-05-18 21:00:00,148.41030190747932,57.416138560948404,935.5923377414172,0.0,0.0,0.0,90.99416334653091
2024-05-18 22:00:00,148.41030190747932,25.034310360942357,805.5426237851716,0.0,0.0,0.0,123.37599154653697
2024-05-18 23:00:00,47.49129661039338,9.899783848387443,765.9176901120964,0.0,0.0,0.0,37.591512762005934
2024-05-19 00:00:00,47.49129661039338,0.34074267627471283,716.2166423219537,0.0,0.0,0.0,47.15055393411866
2024-05-19 01:00:00,47.49129661039338,1.1549712171028534,667.3738667734552,0.0,0.0,0.0,46.33632539329052
2024-05-19 02:00:00,47.49129661039338,3.5506202211343627,621.0563270006412,0.0,0.0,0.0,43.94067638925901
2024-05-19 03:00:00,47.49129661039338,9.899783848387443,581.431393327566,0.0,0.0,0.0,37.591512762005934
2024-05-19 04:00:00,47.49129661039338,25.034310360942357,557.7596513504501,0.0,0.0,0.0,22.45698624945102
2024-05-19 05:00:00,47.49129661039338,57.416138560948404,567.1751831447327,0.0,0.0,9.924841950555027,0.0
2024-05-19 06:00:00,178.09236228897518,119.43201512662307,505.3417480216568,0.0,0.0,0.0,58.66034716235211
2024-05-19 07:00:00,593.6412076299173,225.31804183788853,117.09504171944792,0.0,0.0,0.0,368.32316579202876
2024-05-19 08:00:00,593.6412076299173,385.53126740065807,60.0,153.9448277485217,0.0,0.0,54.16511248073753
2024-05-19 09:00:00,593.6412076299173,598.2899025820819,64.41013925885034,0.0,0.0,4.648694952164647,0.0
2024-05-19 10:00:00,474.91296610393385,842.0777068512901,412.73319643891415,0.0,0.0,367.1647407473563,0.0
2024-05-19 11:00:00,474.91296610393385,1074.9322586919793,981.9614778252774,0.0,0.0,600.0192925880455,0.0
2024-05-19 12:00:00,474.91296610393385,1244.5101758182177,1188.8109821440532,0.0,551.5586875395612,218.03852217472263,0.0
2024-05-19 13:00:00,474.91296610393385,1306.7852903225803,1199.425816505579,0.0,820.6833063626997,11.189017855946759,0.0
2024-05-19 14:00:00,474.91296610393385,1244.5101758182177,1199.9705347967524,0.0,769.0230262198628,0.5741834944210495,0.0
2024-05-19 15:00:00,474.91296610393385,1074.9322586919793,1199.9984879429471,0.0,599.9898273847979,0.029465203247582394,0.0
2024-05-19 16:00:00,474.91296610393385,842.0777068512901,1199.999922406219,0.0,367.1632286903034,0.0015120570528779353,0.0
2024-05-19 17:00:00,474.91296610393385,598.2899025820819,1199.999996018143,0.0,123.37685888436704,7.759378104310599e-05,0.0
2024-05-19 18:00:00,356.18472457795036,385.53126740065807,1199.9999997956643,0.0,29.34653884085077,3.9818569348426536e-06,0.0
2024-05-19 19:00:00,356.18472457795036,225.31804183788853,1062.0544040325842,0.0,0.0,0.0,130.86668274006183
2024-05-19 20:00:00,148.41030190747932,119.43201512662307,1031.5086077268995,0.0,0.0,0.0,28.97828678085625
2024-05-19 21:00:00,148.41030190747932,57.416138560948404,935.5923377414172,0.0,0.0,0.0,90.99416334653091
2024-05-19 22:00:00,148.41030190747932,25.034310360942357,805.5426237851716,0.0,0.0,0.0,123.37599154653697
2024-05-19 23:00:00,47.49129661039338,9.899783848387443,765.9176901120964,0.0,0.0,0.0,37.591512762005934
2024-05-20 00:00:00,47.491296610393384,0.34074267627471283,716.2166423219537,0.0,0.0,0.0,47.15055393411867
2024-05-20 01:00:00,47.491296610393384,1.1549712171028534,667.3738667734552,0.0,0.0,0.0,46.33632539329053
2024-05-20 02:00:00,47.491296610393384,3.5506202211343627,621.0563270006412,0.0,0.0,0.0,43.940676389259025
2024-05-20 03:00:00,47.491296610393384,9.899783848387443,581.431393327566,0.0,0.0,0.0,37.59151276200594
2024-05-20 04:00:00,47.491296610393384,25.034310360942357,557.7596513504501,0.0,0.0,0.0,22.456986249451028
2024-05-20 05:00:00,47.491296610393384,57.416138560948404,567.1751831447327,0.0,0.0,9.92484195055502,0.0
2024-05-20 06:00:00,178.09236228897518,119.43201512662307,505.3417480216568,0.0,0.0,0.0,58.66034716235211
2024-05-20 07:00:00,593.6412076299173,225.31804183788853,117.09504171944792,0.0,0.0,0.0,368.32316579202876
2024-05-20 08:00:00,593.6412076299173,385.53126740065807,60.0,153.9448277485217,0.0,0.0,54.16511248073753
2024-05-20 09:00:00,593.6412076299173,598.2899025820819,64.41013925885034,0.0,0.0,4.648694952164647,0.0
2024-05-20 10:00:00,474.91296610393385,842.0777068512901,412.73319643891415,0.0,0.0,367.1647407473563,0.0
2024-05-20 11:00:00,474.91296610393385,1074.9322586919793,981.9614778252774,0.0,0.0,600.0192925880455,0.0
2024-05-20 12:00:00,474.91296610393385,1244.5101758182177,1188.8109821440532,0.0,551.5586875395612,218.03852217472263,0.0
2024-05-20 13:00:00,474.91296610393385,1306.7852903225803,1199.425816505579,0.0,820.6833063626997,11.189017855946759,0.0
2024-05-20 14:00:00,474.91296610393385,1244.5101758182177,1199.9705347967524,0.0,769.0230262198628,0.5741834944210495,0.0
2024-05-20 15:00:00,474.91296610393385,1074.9322586919793,1199.9984879429471,0.0,599.9898273847979,0.029465203247582394,0.0
2024-05-20 16:00:00,474.91296610393385,842.0777068512901,1199.999922406219,0.0,367.1632286903034,0.0015120570528779353,0.0
2024-05-20 17:00:00,474.91296610393385,598.2899025820819,1199.999996018143,0.0,123.37685888436704,7.759378104310599e-05,0.0
2024-05-20 18:00:00,356.18472457795036,385.53126740065807,1199.9999997956643,0.0,29.34653884085077,3.9818569348426536e-06,0.0
2024-05-20 19:00:00,356.18472457795036,225.31804183788853,1062.0544040325842,0.0,0.0,0.0,130.86668274006183
2024-05-20 20:00:00,148.41030190747932,119.43201512662307,1031.5086077268995,0.0,0.0,0.0,28.97828678085625
2024-05-20 21:00:00,148.41030190747932,57.416138560948404,935.5923377414172,0.0,0.0,0.0,90.99416334653091
2024-05-20 22:00:00,148.41030190747932,25.034310360942357,805.5426237851716,0.0,0.0,0.0,123.37599154653697
2024-05-20 23:00:00,47.491296610393384,9.899783848387443,765.9176901120964,0.0,0.0,0.0,37.59151276200594
2024-05-21 00:00:00,47.491296610393384,0.34074267627471283,716.2166423219537,0.0,0.0,0.0,47.15055393411867
2024-05-21 01:00:00,47.491296610393384,1.1549712171028534,667.3738667734552,0.0,0.0,0.0,46.33632539329053
2024-05-21 02:00:00,47.491296610393384,3.5506202211343627,621.0563270006412,0.0,0.0,0.0,43.940676389259025
2024-05-21 03:00:00,47.491296610393384,9.899783848387443,581.431393327566,0.0,0.0,0.0,37.59151276200594
2024-05-21 04:00:00,47.491296610393384,25.034310360942357,557.7596513504501,0.0,0.0,0.0,22.456986249451028
2024-05-21 05:00:00,47.491296610393384,57.416138560948404,567.1751831447327,0.0,0.0,9.92484195055502,0.0
2024-05-21 06:00:00,178.09236228897518,119.43201512662307,505.3417480216568,0.0,0.0,0.0,58.66034716235211
2024-05-21 07:00:00,593.6412076299173,225.31804183788853,117.09504171944792,0.0,0.0,0.0,368.32316579202876
2024-05-21 08:00:00,593.6412076299173,385.53126740065807,60.0,153.9448277485217,0.0,0.0,54.16511248073753
2024-05-21 09:00:00,593.6412076299173,598.2899025820819,64.41013925885034,0.0,0.0,4.648694952164647,0.0
2024-05-21 10:00:00,474.91296610393385,842.0777068512901,412.73319643891415,0.0,0.0,367.1647407473563,0.0
2024-05-21 11:00:00,474.91296610393385,1074.9322586919793,981.9614778252774,0.0,0.0,600.0192925880455,0.0
2024-05-21 12:00:00,474.91296610393385,1244.5101758182177,1188.8109821440532,0.0,551.5586875395612,218.03852217472263,0.0
2024-05-21 13:00:00,474.91296610393385,1306.7852903225803,1199.425816505579,0.0,820.6833063626997,11.189017855946759,0.0
2024-05-21 14:00:00,474.91296610393385,1244.5101758182177,1199.9705347967524,0.0,769.0230262198628,0.5741834944210495,0.0
2024-05-21 15:00:00,474.91296610393385,1074.9322586919793,1199.9984879429471,0.0,599.9898273847979,0.029465203247582394,0.0
2024-05-21 16:00:00,474.91296610393385,842.0777068512901,1199.999922406219,0.0,367.1632286903034,0.0015120570528779353,0.0
2024-05-21 17:00:00,474.91296610393385,598.2899025820819,1199.999996018143,0.0,123.37685888436704,7.759378104310599e-05,0.0
2024-05-21 18:00:00,356.18472457795036,385.53126740065807,1199.9999997956643,0.0,29.34653884085077,3.9818569348426536e-06,0.0
2024-05-21 19:00:00,356.18472457795036,225.31804183788853,1062.0544040325842,0.0,0.0,0.0,130.86668274006183
2024-05-21 20:00:00,148.41030190747932,119.43201512662307,1031.5086077268995,0.0,0.0,0.0,28.97828678085625
2024-05-21 21:00:00,148.41030190747932,57.416138560948404,935.5923377414172,0.0,0.0,0.0,90.99416334653091
2024-05-21 22:00:00,148.41030190747932,25.034310360942357,805.5426237851716,0.0,0.0,0.0,123.37599154653697
2024-05-21 23:00:00,47.491296610393384,9.899783848387443,765.9176901120964,0.0,0.0,0.0,37.59151276200594
2024-05-22 00:00:00,47.49129661039338,0.34074267627471283,716.2166423219537,0.0,0.0,0.0,47.15055393411866
2024-05-22 01:00:00,47.49129661039338,1.1549712171028534,667.3738667734552,0.0,0.0,0.0,46.33632539329052
2024-05-22 02:00:00,47.49129661039338,3.5506202211343627,621.0563270006412,0.0,0.0,0.0,43.94067638925901
2024-05-22 03:00:00,47.49129661039338,9.899783848387443,581.431393327566,0.0,0.0,0.0,37.591512762005934
2024-05-22 04:00:00,47.49129661039338,25.034310360942357,557.7596513504501,0.0,0.0,0.0,22.45698624945102
2024-05-22 05:00:00,47.49129661039338,57.416138560948404,567.1751831447327,0.0,0.0,9.924841950555027,0.0
2024-05-22 06:00:00,178.09236228897518,119.43201512662307,505.3417480216568,0.0,0.0,0.0,58.66034716235211
2024-05-22 07:00:00,593.6412076299173,225.31804183788853,117.09504171944792,0.0,0.0,0.0,368.32316579202876
2024-05-22 08:00:00,593.6412076299173,385.53126740065807,60.0,153.9448277485217,0.0,0.0,54.16511248073753
2024-05-22 09:00:00,593.6412076299173,598.2899025820819,64.41013925885034,0.0,0.0,4.648694952164647,0.0
2024-05-22 10:00:00,474.91296610393385,842.0777068512901,412.73319643891415,0.0,0.0,367.1647407473563,0.0
2024-05-22 11:00:00,474.91296610393385,1074.9322586919793,981.9614778252774,0.0,0.0,600.0192925880455,0.0
2024-05-22 12:00:00,474.91296610393385,1244.5101758182177,1188.8109821440532,0.0,551.5586875395612,218.03852217472263,0.0
2024-05-22 13:00:00,474.91296610393385,1306.7852903225803,1199.425816505579,0.0,820.6833063626997,11.189017855946759,0.0
2024-05-22 14:00:00,474.91296610393385,1244.5101758182177,1199.9705347967524,0.0,769.0230262198628,0.5741834944210495,0.0
2024-05-22 15:00:00,474.91296610393385,1074.9322586919793,1199.9984879429471,0.0,599.9898273847979,0.029465203247582394,0.0
2024-05-22 16:00:00,474.91296610393385,842.0777068512901,1199.999922406219,0.0,367.1632286903034,0.0015120570528779353,0.0
2024-05-22 17:00:00,474.91296610393385,598.2899025820819,1199.999996018143,0.0,123.37685888436704,7.759378104310599e-05,0.0
2024-05-22 18:00:00,356.18472457795036,385.53126740065807,1199.9999997956643,0.0,29.34653884085077,3.9818569348426536e-06,0.0
2024-05-22 19:00:00,356.18472457795036,225.31804183788853,1062.0544040325842,0.0,0.0,0.0,130.86668274006183
2024-05-22 20:00:00,148.41030190747932,119.43201512662307,1031.5086077268995,0.0,0.0,0.0,28.97828678085625
2024-05-22 21:00:00,148.41030190747932,57.416138560948404,935.5923377414172,0.0,0.0,0.0,90.99416334653091
2024-05-22 22:00:00,148.41030190747932,25.034310360942357,805.5426237851716,0.0,0.0,0.0,123.37599154653697
2024-05-22 23:00:00,47.49129661039338,9.899783848387443,765.9176901120964,0.0,0.0,0.0,37.591512762005934
2024-05-23 00:00:00,47.49129661039338,0.34074267627471283,716.2166423219537,0.0,0.0,0.0,47.15055393411866
2024-05-23 01:00:00,47.49129661039338,1.1549712171028534,667.3738667734552,0.0,0.0,0.0,46.33632539329052
2024-05-23 02:00:00,47.49129661039338,3.5506202211343627,621.0563270006412,0.0,0.0,0.0,43.94067638925901
2024-05-23 03:00:00,47.49129661039338,9.899783848387443,581.431393327566,0.0,0.0,0.0,37.591512762005934
2024-05-23 04:00:00,47.49129661039338,25.034310360942357,557.7596513504501,0.0,0.0,0.0,22.45698624945102
2024-05-23 05:00:00,47.49129661039338,57.416138560948404,567.1751831447327,0.0,0.0,9.924841950555027,0.0
2024-05-23 06:00:00,178.09236228897518,119.43201512662307,505.3417480216568,0.0,0.0,0.0,58.66034716235211
2024-05-23 07:00:00,593.6412076299173,225.31804183788853,117.09504171944792,0.0,0.0,0.0,368.32316579202876
2024-05-23 08:00:00,593.6412076299173,385.53126740065807,60.0,153.9448277485217,0.0,0.0,54.16511248073753
2024-05-23 09:00:00,593.6412076299173,598.2899025820819,64.41013925885034,0.0,0.0,4.648694952164647,0.0
2024-05-23 10:00:00,474.91296610393385,842.0777068512901,412.73319643891415,0.0,0.0,367.1647407473563,0.0
2024-05-23 11:00:00,474.91296610393385,1074.9322586919793,981.9614778252774,0.0,0.0,600.0192925880455,0.0
2024-05-23 12:00:00,474.91296610393385,1244.5101758182177,1188.8109821440532,0.0,551.5586875395612,218.03852217472263,0.0
2024-05-23 13:00:00,474.91296610393385,1306.7852903225803,1199.425816505579,0.0,820.6833063626997,11.189017855946759,0.0
2024-05-23 14:00:00,474.91296610393385,1244.5101758182177,1199.9705347967524,0.0,769.0230262198628,0.5741834944210495,0.0
2024-05-23 15:00:00,474.91296610393385,1074.9322586919793,1199.9984879429471,0.0,599.9898273847979,0.029465203247582394,0.0
2024-05-23 16:00:00,474.91296610393385,842.0777068512901,1199.999922406219,0.0,367.1632286903034,0.0015120570528779353,0.0
2024-05-23 17:00:00,474.91296610393385,598.2899025820819,1199.999996018143,0.0,123.37685888436704,7.759378104310599e-05,0.0
2024-05-23 18:00:00,356.18472457795036,385.53126740065807,1199.9999997956643,0.0,29.34653884085077,3.9818569348426536e-06,0.0
2024-05-23 19:00:00,356.18472457795036,225.31804183788853,1062.0544040325842,0.0,0.0,0.0,130.86668274006183
2024-05-23 20:00:00,148.41030190747932,119.43201512662307,1031.5086077268995,0.0,0.0,0.0,28.97828678085625
2024-05-23 21:00:00,148.41030190747932,57.416138560948404,935.5923377414172,0.0,0.0,0.0,90.99416334653091
2024-05-23 22:00:00,148.41030190747932,25.034310360942357,805.5426237851716,0.0,0.0,0.0,123.37599154653697
2024-05-23 23:00:00,47.49129661039338,9.899783848387443,765.9176901120964,0.0,0.0,0.0,37.591512762005934
2024-05-24 00:00:00,47.49129661039338,0.34074267627471283,716.2166423219537,0.0,0.0,0.0,47.15055393411866
2024-05-24 01:00:00,47.49129661039338,1.1549712171028534,667.3738667734552,0.0,0.0,0.0,46.33632539329052
2024-05-24 02:00:00,47.49129661039338,3.5506202211343627,621.0563270006412,0.0,0.0,0.0,43.94067638925901
2024-05-24 03:00:00,47.49129661039338,9.899783848387443,581.431393327566,0.0,0.0,0.0,37.591512762005934
2024-05-24 04:00:00,47.49129661039338,25.034310360942357,557.7596513504501,0.0,0.0,0.0,22.45698624945102
2024-05-24 05:00:00,47.49129661039338,57.416138560948404,567.1751831447327,0.0,0.0,9.924841950555027,0.0
2024-05-24 06:00:00,178.09236228897518,119.43201512662307,505.3417480216568,0.0,0.0,0.0,58.66034716235211
2024-05-24 07:00:00,593.6412076299173,225.31804183788853,117.09504171944792,0.0,0.0,0.0,368.32316579202876
2024-05-24 08:00:00,593.6412076299173,385.53126740065807,60.0,153.9448277485217,0.0,0.0,54.16511248073753
2024-05-24 09:00:00,593.6412076299173,598.2899025820819,64.41013925885034,0.0,0.0,4.648694952164647,0.0
2024-05-24 10:00:00,474.91296610393385,842.0777068512901,412.73319643891415,0.0,0.0,367.1647407473563,0.0
2024-05-24 11:00:00,474.91296610393385,1074.9322586919793,981.9614778252774,0.0,0.0,600.0192925880455,0.0
2024-05-24 12:00:00,474.91296610393385,1244.5101758182177,1188.8109821440532,0.0,551.5586875395612,218.03852217472263,0.0
2024-05-24 13:00:00,474.91296610393385,1306.7852903225803,1199.425816505579,0.0,820.6833063626997,11.189017855946759,0.0
2024-05-24 14:00:00,474.91296610393385,1244.5101758182177,1199.9705347967524,0.0,769.0230262198628,0.5741834944210495,0.0
2024-05-24 15:00:00,474.91296610393385,1074.9322586919793,1199.9984879429471,0.0,599.9898273847979,0.029465203247582394,0.0
2024-05-24 16:00:00,474.91296610393385,842.0777068512901,1199.999922406219,0.0,367.1632286903034,0.0015120570528779353,0.0
2024-05-24 17:00:00,474.91296610393385,598.2899025820819,1199.999996018143,0.0,123.37685888436704,7.759378104310599e-05,0.0
2024-05-24 18:00:00,356.18472457795036,385.53126740065807,1199.9999997956643,0.0,29.34653884085077,3.9818569348426536e-06,0.0
2024-05-24 19:00:00,356.18472457795036,225.31804183788853,1062.0544040325842,0.0,0.0,0.0,130.86668274006183
2024-05-24 20:00:00,148.41030190747932,119.43201512662307,1031.5086077268995,0.0,0.0,0.0,28.97828678085625
2024-05-24 21:00:00,148.41030190747932,57.416138560948404,935.5923377414172,0.0,0.0,0.0,90.99416334653091
2024-05-24 22:00:00,148.41030190747932,25.034310360942357,805.5426237851716,0.0,0.0,0.0,123.37599154653697
2024-05-24 23:00:00,47.49129661039338,9.899783848387443,765.9176901120964,0.0,0.0,0.0,37.591512762005934
2024-05-25 00:00:00,47.49129661039338,0.34074267627471283,716.2166423219537,0.0,0.0,0.0,47.15055393411866
2024-05-25 01:00:00,47.49129661039338,1.1549712171028534,667.3738667734552,0.0,0.0,0.0,46.33632539329052
2024-05-25 02:00:00,47.49129661039338,3.5506202211343627,621.0563270006412,0.0,0.0,0.0,43.94067638925901
2024-05-25 03:00:00,47.49129661039338,9.899783848387443,581.431393327566,0.0,0.0,0.0,37.591512762005934
2024-05-25 04:00:00,47.49129661039338,25.034310360942357,557.7596513504501,0.0,0.0,0.0,22.45698624945102
2024-05-25 05:00:00,47.49129661039338,57.416138560948404,567.1751831447327,0.0,0.0,9.924841950555027,0.0
2024-05-25 06:00:00,178.09236228897518,119.43201512662307,505.3417480216568,0.0,0.0,0.0,58.66034716235211
2024-05-25 07:00:00,593.6412076299173,225.31804183788853,117.09504171944792,0.0,0.0,0.0,368.32316579202876
2024-05-25 08:00:00,593.6412076299173,385.53126740065807,60.0,153.9448277485217,0.0,0.0,54.16511248073753
2024-05-25 09:00:00,593.6412076299173,598.2899025820819,64.41013925885034,0.0,0.0,4.648694952164647,0.0
2024-05-25 10:00:00,474.91296610393385,842.0777068512901,412.73319643891415,0.0,0.0,367.1647407473563,0.0
2024-05-25 11:00:00,474.91296610393385,1074.9322586919793,981.9614778252774,0.0,0.0,600.0192925880455,0.0
2024-05-25 12:00:00,474.91296610393385,1244.5101758182177,1188.8109821440532,0.0,551.5586875395612,218.03852217472263,0.0
2024-05-25 13:00:00,474.91296610393385,1306.7852903225803,1199.425816505579,0.0,820.6833063626997,11.189017855946759,0.0
2024-05-25 14:00:00,474.91296610393385,1244.5101758182177,1199.9705347967524,0.0,769.0230262198628,0.5741834944210495,0.0
2024-05-25 15:00:00,474.91296610393385,1074.9322586919793,1199.9984879429471,0.0,599.9898273847979,0.029465203247582394,0.0
2024-05-25 16:00:00,474.91296610393385,842.0777068512901,1199.999922406219,0.0,367.1632286903034,0.0015120570528779353,0.0
2024-05-25 17:00:00,474.91296610393385,598.2899025820819,1199.999996018143,0.0,123.37685888436704,7.759378104310599e-05,0.0
2024-05-25 18:00:00,356.18472457795036,385.53126740065807,1199.9999997956643,0.0,29.34653884085077,3.9818569348426536e-06,0.0
2024-05-25 19:00:00,356.18472457795036,225.31804183788853,1062.0544040325842,0.0,0.0,0.0,130.86668274006183
2024-05-25 20:00:00,148.41030190747932,119.43201512662307,1031.5086077268995,0.0,0.0,0.0,28.97828678085625
2024-05-25 21:00:00,148.41030190747932,57.416138560948404,935.5923377414172,0.0,0.0,0.0,90.99416334653091
2024-05-25 22:00:00,148.41030190747932,25.034310360942357,805.5426237851716,0.0,0.0,0.0,123.37599154653697
2024-05-25 23:00:00,47.49129661039338,9.899783848387443,765.9176901120964,0.0,0.0,0.0,37.591512762005934
2024-05-26 00:00:00,47.49129661039338,0.34074267627471283,716.2166423219537,0.0,0.0,0.0,47.15055393411866
2024-05-26 01:00:00,47.49129661039338,1.1549712171028534,667.3738667734552,0.0,0.0,0.0,46.33632539329052
2024-05-26 02:00:00,47.49129661039338,3.5506202211343627,621.0563270006412,0.0,0.0,0.0,43.94067638925901
2024-05-26 03:00:00,47.49129661039338,9.899783848387443,581.431393327566,0.0,0.0,0.0,37.591512762005934
2024-05-26 04:00:00,47.49129661039338,25.034310360942357,557.7596513504501,0.0,0.0,0.0,22.45698624945102
2024-05-26 05:00:00,47.49129661039338,57.416138560948404,567.1751831447327,0.0,0.0,9.924841950555027,0.0
2024-05-26 06:00:00,178.09236228897518,119.43201512662307,505.3417480216568,0.0,0.0,0.0,58.66034716235211
2024-05-26 07:00:00,593.6412076299173,225.31804183788853,117.09504171944792,0.0,0.0,0.0,368.32316579202876
2024-05-26 08:00:00,593.6412076299173,385.53126740065807,60.0,153.9448277485217,0.0,0.0,54.16511248073753
2024-05-26 09:00:00,593.6412076299173,598.2899025820819,64.41013925885034,0.0,0.0,4.648694952164647,0.0
2024-05-26 10:00:00,474.91296610393385,842.0777068512901,412.73319643891415,0.0,0.0,367.1647407473563,0.0
2024-05-26 11:00:00,474.91296610393385,1074.9322586919793,981.9614778252774,0.0,0.0,600.0192925880455,0.0
2024-05-26 12:00:00,474.91296610393385,1244.5101758182177,1188.8109821440532,0.0,551.5586875395612,218.03852217472263,0.0
2024-05-26 13:00:00,474.91296610393385,1306.7852903225803,1199.425816505579,0.0,820.6833063626997,11.189017855946759,0.0
2024-05-26 14:00:00,474.91296610393385,1244.5101758182177,1199.9705347967524,0.0,769.0230262198628,0.5741834944210495,0.0
2024-05-26 15:00:00,474.91296610393385,1074.9322586919793,1199.9984879429471,0.0,599.9898273847979,0.029465203247582394,0.0
2024-05-26 16:00:00,474.91296610393385,842.0777068512901,1199.999922406219,0.0,367.1632286903034,0.0015120570528779353,0.0
2024-05-26 17:00:00,474.91296610393385,598.2899025820819,1199.999996018143,0.0,123.37685888436704,7.759378104310599e-05,0.0
2024-05-26 18:00:00,356.18472457795036,385.53126740065807,1199.9999997956643,0.0,29.34653884085077,3.9818569348426536e-06,0.0
2024-05-26 19:00:00,356.18472457795036,225.31804183788853,1062.0544040325842,0.0,0.0,0.0,130.86668274006183
2024-05-26 20:00:00,148.41030190747932,119.43201512662307,1031.5086077268995,0.0,0.0,0.0,28.97828678085625
2024-05-26 21:00:00,148.41030190747932,57.416138560948404,935.5923377414172,0.0,0.0,0.0,90.99416334653091
2024-05-26 22:00:00,148.41030190747932,25.034310360942357,805.5426237851716,0.0,0.0,0.0,123.37599154653697
2024-05-26 23:00:00,47.49129661039338,9.899783848387443,765.9176901120964,0.0,0.0,0.0,37.591512762005934
2024-05-27 00:00:00,47.491296610393384,0.34074267627471283,716.2166423219537,0.0,0.0,0.0,47.15055393411867
2024-05-27 01:00:00,47.491296610393384,1.1549712171028534,667.3738667734552,0.0,0.0,0.0,46.33632539329053
2024-05-27 02:00:00,47.491296610393384,3.5506202211343627,621.0563270006412,0.0,0.0,0.0,43.940676389259025
2024-05-27 03:00:00,47.491296610393384,9.899783848387443,581.431393327566,0.0,0.0,0.0,37.59151276200594
2024-05-27 04:00:00,47.491296610393384,25.034310360942357,557.7596513504501,0.0,0.0,0.0,22.456986249451028
2024-05-27 05:00:00,47.491296610393384,57.416138560948404,567.1751831447327,0.0,0.0,9.92484195055502,0.0
2024-05-27 06:00:00,178.09236228897518,119.43201512662307,505.3417480216568,0.0,0.0,0.0,58.66034716235211
2024-05-27 07:00:00,593.6412076299173,225.31804183788853,117.09504171944792,0.0,0.0,0.0,368.32316579202876
2024-05-27 08:00:00,593.6412076299173,385.53126740065807,60.0,153.9448277485217,0.0,0.0,54.16511248073753
2024-05-27 09:00:00,593.6412076299173,598.2899025820819,64.41013925885034,0.0,0.0,4.648694952164647,0.0
2024-05-27 10:00:00,474.91296610393385,842.0777068512901,412.73319643891415,0.0,0.0,367.1647407473563,0.0
2024-05-27 11:00:00,474.91296610393385,1074.9322586919793,981.9614778252774,0.0,0.0,600.0192925880455,0.0
2024-05-27 12:00:00,474.91296610393385,1244.5101758182177,1188.8109821440532,0.0,551.5586875395612,218.03852217472263,0.0
2024-05-27 13:00:00,474.91296610393385,1306.7852903225803,1199.425816505579,0.0,820.6833063626997,11.189017855946759,0.0
2024-05-27 14:00:00,474.91296610393385,1244.5101758182177,1199.9705347967524,0.0,769.0230262198628,0.5741834944210495,0.0
2024-05-27 15:00:00,474.91296610393385,1074.9322586919793,1199.9984879429471,0.0,599.9898273847979,0.029465203247582394,0.0
2024-05-27 16:00:00,474.91296610393385,842.0777068512901,1199.999922406219,0.0,367.1632286903034,0.0015120570528779353,0.0
2024-05-27 17:00:00,474.91296610393385,598.2899025820819,1199.999996018143,0.0,123.37685888436704,7.759378104310599e-05,0.0
2024-05-27 18:00:00,356.18472457795036,385.53126740065807,1199.9999997956643,0.0,29.34653884085077,3.9818569348426536e-06,0.0
2024-05-27 19:00:00,356.18472457795036,225.31804183788853,1062.0544040325842,0.0,0.0,0.0,130.86668274006183
2024-05-27 20:00:00,148.41030190747932,119.43201512662307,1031.5086077268995,0.0,0.0,0.0,28.97828678085625
2024-05-27 21:00:00,148.41030190747932,57.416138560948404,935.5923377414172,0.0,0.0,0.0,90.99416334653091
2024-05-27 22:00:00,148.41030190747932,25.034310360942357,805.5426237851716,0.0,0.0,0.0,123.37599154653697
2024-05-27 23:00:00,47.491296610393384,9.899783848387443,765.9176901120964,0.0,0.0,0.0,37.59151276200594
2024-05-28 00:00:00,47.491296610393384,0.34074267627471283,716.2166423219537,0.0,0.0,0.0,47.15055393411867
2024-05-28 01:00:00,47.491296610393384,1.1549712171028534,667.3738667734552,0.0,0.0,0.0,46.33632539329053
2024-05-28 02:00:00,47.491296610393384,3.5506202211343627,621.0563270006412,0.0,0.0,0.0,43.940676389259025
2024-05-28 03:00:00,47.491296610393384,9.899783848387443,581.431393327566,0.0,0.0,0.0,37.59151276200594
2024-05-28 04:00:00,47.491296610393384,25.034310360942357,557.7596513504501,0.0,0.0,0.0,22.456986249451028
2024-05-28 05:00:00,47.491296610393384,57.416138560948404,567.1751831447327,0.0,0.0,9.92484195055502,0.0
2024-05-28 06:00:00,178.09236228897518,119.43201512662307,505.3417480216568,0.0,0.0,0.0,58.66034716235211
2024-05-28 07:00:00,593.6412076299173,225.31804183788853,117.09504171944792,0.0,0.0,0.0,368.32316579202876
2024-05-28 08:00:00,593.6412076299173,385.53126740065807,60.0,153.9448277485217,0.0,0.0,54.16511248073753
2024-05-28 09:00:00,593.6412076299173,598.2899025820819,64.41013925885034,0.0,0.0,4.648694952164647,0.0
2024-05-28 10:00:00,474.91296610393385,842.0777068512901,412.73319643891415,0.0,0.0,367.1647407473563,0.0
2024-05-28 11:00:00,474.91296610393385,1074.9322586919793,981.9614778252774,0.0,0.0,600.0192925880455,0.0
2024-05-28 12:00:00,474.91296610393385,1244.5101758182177,1188.8109821440532,0.0,551.5586875395612,218.03852217472263,0.0
2024-05-28 13:00:00,474.91296610393385,1306.7852903225803,1199.425816505579,0.0,820.6833063626997,11.189017855946759,0.0
2024-05-28 14:00:00,474.91296610393385,1244.5101758182177,1199.9705347967524,0.0,769.0230262198628,0.5741834944210495,0.0
2024-05-28 15:00:00,474.91296610393385,1074.9322586919793,1199.9984879429471,0.0,599.9898273847979,0.029465203247582394,0.0
2024-05-28 16:00:00,474.91296610393385,842.0777068512901,1199.999922406219,0.0,367.1632286903034,0.0015120570528779353,0.0
2024-05-28 17:00:00,474.91296610393385,598.2899025820819,1199.999996018143,0.0,123.37685888436704,7.759378104310599e-05,0.0
2024-05-28 18:00:00,356.18472457795036,385.53126740065807,1199.9999997956643,0.0,29.34653884085077,3.9818569348426536e-06,0.0
2024-05-28 19:00:00,356.18472457795036,225.31804183788853,1062.0544040325842,0.0,0.0,0.0,130.86668274006183
2024-05-28 20:00:00,148.41030190747932,119.43201512662307,1031.5086077268995,0.0,0.0,0.0,28.97828678085625
2024-05-28 21:00:00,148.41030190747932,57.416138560948404,935.5923377414172,0.0,0.0,0.0,90.99416334653091
2024-05-28 22:00:00,148.41030190747932,25.034310360942357,805.5426237851716,0.0,0.0,0.0,123.37599154653697
2024-05-28 23:00:00,47.491296610393384,9.899783848387443,765.9176901120964,0.0,0.0,0.0,37.59151276200594
2024-05-29 00:00:00,47.49129661039338,0.34074267627471283,716.2166423219537,0.0,0.0,0.0,47.15055393411866
2024-05-29 01:00:00,47.49129661039338,1.1549712171028534,667.3738667734552,0.0,0.0,0.0,46.33632539329052
2024-05-29 02:00:00,47.49129661039338,3.5506202211343627,621.0563270006412,0.0,0.0,0.0,43.94067638925901
2024-05-29 03:00:00,47.49129661039338,9.899783848387443,581.431393327566,0.0,0.0,0.0,37.591512762005934
2024-05-29 04:00:00,47.49129661039338,25.034310360942357,557.7596513504501,0.0,0.0,0.0,22.45698624945102
2024-05-29 05:00:00,47.49129661039338,57.416138560948404,567.1751831447327,0.0,0.0,9.924841950555027,0.0
2024-05-29 06:00:00,178.09236228897518,119.43201512662307,505.3417480216568,0.0,0.0,0.0,58.66034716235211
2024-05-29 07:00:00,593.6412076299173,225.31804183788853,117.09504171944792,0.0,0.0,0.0,368.32316579202876
2024-05-29 08:00:00,593.6412076299173,385.53126740065807,60.0,153.9448277485217,0.0,0.0,54.16511248073753
2024-05-29 09:00:00,593.6412076299173,598.2899025820819,64.41013925885034,0.0,0.0,4.648694952164647,0.0
2024-05-29 10:00:00,474.91296610393385,842.0777068512901,412.73319643891415,0.0,0.0,367.1647407473563,0.0
2024-05-29 11:00:00,474.91296610393385,1074.9322586919793,981.9614778252774,0.0,0.0,600.0192925880455,0.0
2024-05-29 12:00:00,474.91296610393385,1244.5101758182177,1188.8109821440532,0.0,551.5586875395612,218.03852217472263,0.0
2024-05-29 13:00:00,474.91296610393385,1306.7852903225803,1199.425816505579,0.0,820.6833063626997,11.189017855946759,0.0
2024-05-29 14:00:00,474.91296610393385,1244.5101758182177,1199.9705347967524,0.0,769.0230262198628,0.5741834944210495,0.0
2024-05-29 15:00:00,474.91296610393385,1074.9322586919793,1199.9984879429471,0.0,599.9898273847979,0.029465203247582394,0.0
2024-05-29 16:00:00,474.91296610393385,842.0777068512901,1199.999922406219,0.0,367.1632286903034,0.0015120570528779353,0.0
2024-05-29 17:00:00,474.91296610393385,598.2899025820819,1199.999996018143,0.0,123.37685888436704,7.759378104310599e-05,0.0
2024-05-29 18:00:00,356.18472457795036,385.53126740065807,1199.9999997956643,0.0,29.34653884085077,3.9818569348426536e-06,0.0
2024-05-29 19:00:00,356.18472457795036,225.31804183788853,1062.0544040325842,0.0,0.0,0.0,130.86668274006183
2024-05-29 20:00:00,148.41030190747932,119.43201512662307,1031.5086077268995,0.0,0.0,0.0,28.97828678085625
2024-05-29 21:00:00,148.41030190747932,57.416138560948404,935.5923377414172,0.0,0.0,0.0,90.99416334653091
2024-05-29 22:00:00,148.41030190747932,25.034310360942357,805.5426237851716,0.0,0.0,0.0,123.37599154653697
2024-05-29 23:00:00,47.49129661039338,9.899783848387443,765.9176901120964,0.0,0.0,0.0,37.591512762005934
2024-05-30 00:00:00,47.49129661039338,0.34074267627471283,716.2166423219537,0.0,0.0,0.0,47.15055393411866
2024-05-30 01:00:00,47.49129661039338,1.1549712171028534,667.3738667734552,0.0,0.0,0.0,46.33632539329052
2024-05-30 02:00:00,47.49129661039338,3.5506202211343627,621.0563270006412,0.0,0.0,0.0,43.94067638925901
2024-05-30 03:00:00,47.49129661039338,9.899783848387443,581.431393327566,0.0,0.0,0.0,37.591512762005934
2024-05-30 04:00:00,47.49129661039338,25.034310360942357,557.7596513504501,0.0,0.0,0.0,22.45698624945102
2024-05-30 05:00:00,47.49129661039338,57.416138560948404,567.1751831447327,0.0,0.0,9.924841950555027,0.0
2024-05-30 06:00:00,178.09236228897518,119.43201512662307,505.3417480216568,0.0,0.0,0.0,58.66034716235211
2024-05-30 07:00:00,593.6412076299173,225.31804183788853,117.09504171944792,0.0,0.0,0.0,368.32316579202876
2024-05-30 08:00:00,593.6412076299173,385.53126740065807,60.0,153.9448277485217,0.0,0.0,54.16511248073753
2024-05-30 09:00:00,593.6412076299173,598.2899025820819,64.41013925885034,0.0,0.0,4.648694952164647,0.0
2024-05-30 10:00:00,474.91296610393385,842.0777068512901,412.73319643891415,0.0,0.0,367.1647407473563,0.0
2024-05-30 11:00:00,474.91296610393385,1074.9322586919793,981.9614778252774,0.0,0.0,600.0192925880455,0.0
2024-05-30 12:00:00,474.91296610393385,1244.5101758182177,1188.8109821440532,0.0,551.5586875395612,218.03852217472263,0.0
2024-05-30 13:00:00,474.91296610393385,1306.7852903225803,1199.425816505579,0.0,820.6833063626997,11.189017855946759,0.0
2024-05-30 14:00:00,474.91296610393385,1244.5101758182177,1199.9705347967524,0.0,769.0230262198628,0.5741834944210495,0.0
2024-05-30 15:00:00,474.91296610393385,1074.9322586919793,1199.9984879429471,0.0,599.9898273847979,0.029465203247582394,0.0
2024-05-30 16:00:00,474.91296610393385,842.0777068512901,1199.999922406219,0.0,367.1632286903034,0.0015120570528779353,0.0
2024-05-30 17:00:00,474.91296610393385,598.2899025820819,1199.999996018143,0.0,123.37685888436704,7.759378104310599e-05,0.0
2024-05-30 18:00:00,356.18472457795036,385.53126740065807,1199.9999997956643,0.0,29.34653884085077,3.9818569348426536e-06,0.0
2024-05-30 19:00:00,356.18472457795036,225.31804183788853,1062.0544040325842,0.0,0.0,0.0,130.86668274006183
2024-05-30 20:00:00,148.41030190747932,119.43201512662307,1031.5086077268995,0.0,0.0,0.0,28.97828678085625
2024-05-30 21:00:00,148.41030190747932,57.416138560948404,935.5923377414172,0.0,0.0,0.0,90.99416334653091
2024-05-30 22:00:00,148.41030190747932,25.034310360942357,805.5426237851716,0.0,0.0,0.0,123.37599154653697
2024-05-30 23:00:00,47.49129661039338,9.899783848387443,765.9176901120964,0.0,0.0,0.0,37.591512762005934
2024-05-31 00:00:00,47.49129661039338,0.34074267627471283,716.2166423219537,0.0,0.0,0.0,47.15055393411866
2024-05-31 01:00:00,47.49129661039338,1.1549712171028534,667.3738667734552,0.0,0.0,0.0,46.33632539329052
2024-05-31 02:00:00,47.49129661039338,3.5506202211343627,621.0563270006412,0.0,0.0,0.0,43.94067638925901
2024-05-31 03:00:00,47.49129661039338,9.899783848387443,581.431393327566,0.0,0.0,0.0,37.591512762005934
2024-05-31 04:00:00,47.49129661039338,25.034310360942357,557.7596513504501,0.0,0.0,0.0,22.45698624945102
2024-05-31 05:00:00,47.49129661039338,57.416138560948404,567.1751831447327,0.0,0.0,9.924841950555027,0.0
2024-05-31 06:00:00,178.09236228897518,119.43201512662307,505.3417480216568,0.0,0.0,0.0,58.66034716235211
2024-05-31 07:00:00,593.6412076299173,225.31804183788853,117.09504171944792,0.0,0.0,0.0,368.32316579202876
2024-05-31 08:00:00,593.6412076299173,385.53126740065807,60.0,153.9448277485217,0.0,0.0,54.16511248073753
2024-05-31 09:00:00,593.6412076299173,598.2899025820819,64.41013925885034,0.0,0.0,4.648694952164647,0.0
2024-05-31 10:00:00,474.91296610393385,842.0777068512901,412.73319643891415,0.0,0.0,367.1647407473563,0.0
2024-05-31 11:00:00,474.91296610393385,1074.9322586919793,981.9614778252774,0.0,0.0,600.0192925880455,0.0
2024-05-31 12:00:00,474.91296610393385,1244.5101758182177,1188.8109821440532,0.0,551.5586875395612,218.03852217472263,0.0
2024-05-31 13:00:00,474.91296610393385,1306.7852903225803,1199.425816505579,0.0,820.6833063626997,11.189017855946759,0.0
2024-05-31 14:00:00,474.91296610393385,1244.5101758182177,1199.9705347967524,0.0,769.0230262198628,0.5741834944210495,0.0
2024-05-31 15:00:00,474.91296610393385,1074.9322586919793,1199.9984879429471,0.0,599.9898273847979,0.029465203247582394,0.0
2024-05-31 16:00:00,474.91296610393385,842.0777068512901,1199.999922406219,0.0,367.1632286903034,0.0015120570528779353,0.0
2024-05-31 17:00:00,474.91296610393385,598.2899025820819,1199.999996018143,0.0,123.37685888436704,7.759378104310599e-05,0.0
2024-05-31 18:00:00,356.18472457795036,385.53126740065807,1199.9999997956643,0.0,29.34653884085077,3.9818569348426536e-06,0.0
2024-05-31 19:00:00,356.18472457795036,225.31804183788853,1062.0544040325842,0.0,0.0,0.0,130.86668274006183
2024-05-31 20:00:00,148.41030190747932,119.43201512662307,1031.5086077268995,0.0,0.0,0.0,28.97828678085625
2024-05-31 21:00:00,148.41030190747932,57.416138560948404,935.5923377414172,0.0,0.0,0.0,90.99416334653091
2024-05-31 22:00:00,148.41030190747932,25.034310360942357,805.5426237851716,0.0,0.0,0.0,123.37599154653697
2024-05-31 23:00:00,47.49129661039338,9.899783848387443,765.9176901120964,0.0,0.0,0.0,37.591512762005934
2024-06-01 00:00:00,46.305084399355366,0.35627823219300064,717.4833956941549,0.0,0.0,0.0,45.94880616716237
2024-06-01 01:00:00,46.305084399355366,1.2076300742894075,669.9465049132815,0.0,0.0,0.0,45.09745432506596
2024-06-01 02:00:00,46.305084399355366,3.712504431216591,625.0499835392213,0.0,0.0,0.0,42.59257996813877
2024-06-01 03:00:00,46.305084399355366,10.35114687469528,587.1512057294473,0.0,0.0,0.0,35.953937524660084
2024-06-01 04:00:00,46.305084399355366,26.175705189263297,565.9329769997366,0.0,0.0,0.0,20.12937921009207
2024-06-01 05:00:00,46.305084399355366,60.033925217371326,578.9572989853825,0.0,0.0,13.72884081801596,0.0
2024-06-01 06:00:00,173.6440664975826,124.87730530781998,527.5526191623317,0.0,0.0,0.0,48.76676118976262
2024-06-01 07:00:00,578.813554991942,235.59101696575166,165.76429767349367,0.0,0.0,0.0,343.22253802619036
2024-06-01 08:00:00,578.813554991942,403.1088794228238,60.0,75.36785283623199,0.0,0.0,100.33682273288626
2024-06-01 09:00:00,578.813554991942,625.5678659370957,104.35503390552759,0.0,0.0,46.754310945153634,0.0
2024-06-01 10:00:00,463.05084399355366,880.4707412823068,500.35431873732864,0.0,0.0,417.41989728875313,0.0
2024-06-01 11:00:00,463.05084399355366,1123.9418820120038,1127.3306083366995,0.0,0.0,660.8910380184502,0.0
2024-06-01 12:00:00,463.05084399355366,1301.2514024784045,1196.270846487164,0.0,765.5311668215504,72.66939166330053,0.0
2024-06-01 13:00:00,463.05084399355366,1366.36584,1199.808632140658,0.0,899.5858424936102,3.729153512836092,0.0
2024-06-01 14:00:00,463.05084399355366,1301.2514024784045,1199.9901796325994,0.0,838.0091906255088,0.1913678593421082,0.0
2024-06-01 15:00:00,463.05084399355366,1123.9418820120038,1199.999496051133,0.0,660.8812176510496,0.00982036740060721,0.0
2024-06-01 16:00:00,463.05084399355366,880.4707412823068,1199.999974139006,0.0,417.4193933398862,0.0005039488669353887,0.0
2024-06-01 17:00:00,463.05084399355366,625.5678659370957,1199.999998672899,0.0,162.51699608254813,2.5860993901005713e-05,0.0
2024-06-01 18:00:00,347.2881329951652,403.1088794228238,1199.9999999318975,0.0,55.82074510055759,1.3271010175230913e-06,0.0
2024-06-01 19:00:00,347.2881329951652,235.59101696575166,1082.2609016902143,0.0,0.0,0.0,111.69711602941354
2024-06-01 20:00:00,144.7033887479855,124.87730530781998,1061.3623747730576,0.0,0.0,0.0,19.826083440165533
2024-06-01 21:00:00,144.7033887479855,60.033925217371326,972.1129237659567,0.0,0.0,0.0,84.6694635306142
2024-06-01 22:00:00,144.7033887479855,26.175705189263297,847.1737751562052,0.0,0.0,0.0,118.52768355872222
2024-06-01 23:00:00,46.305084399355366,10.35114687469528,809.2749973464312,0.0,0.0,0.0,35.953937524660084
2024-06-02 00:00:00,46.305084399355366,0.35627823219300064,760.8407029284897,0.0,0.0,0.0,45.94880616716237
2024-06-02 01:00:00,46.305084399355366,1.2076300742894075,713.3038121476163,0.0,0.0,0.0,45.09745432506596
2024-06-02 02:00:00,46.305084399355366,3.712504431216591,668.4072907735562,0.0,0.0,0.0,42.59257996813877
2024-06-02 03:00:00,46.305084399355366,10.35114687469528,630.5085129637821,0.0,0.0,0.0,35.953937524660084
2024-06-02 04:00:00,46.305084399355366,26.175705189263297,609.2902842340715,0.0,0.0,0.0,20.12937921009207
2024-06-02 05:00:00,46.305084399355366,60.033925217371326,622.3146062197173,0.0,0.0,13.72884081801596,0.0
2024-06-02 06:00:00,173.6440664975826,124.87730530781998,570.9099263966665,0.0,0.0,0.0,48.76676118976262
2024-06-02 07:00:00,578.813554991942,235.59101696575166,209.1216049078285,0.0,0.0,0.0,343.22253802619036
2024-06-02 08:00:00,578.813554991942,403.1088794228238,60.0,34.235499614573826,0.0,0.0,141.46917595454443
2024-06-02 09:00:00,578.813554991942,625.5678659370957,104.35503390552759,0.0,0.0,46.754310945153634,0.0
2024-06-02 10:00:00,463.05084399355366,880.4707412823068,500.35431873732864,0.0,0.0,417.41989728875313,0.0
2024-06-02 11:00:00,463.05084399355366,1123.9418820120038,1127.3306083366995,0.0,0.0,660.8910380184502,0.0
2024-06-02 12:00:00,463.05084399355366,1301.2514024784045,1196.270846487164,0.0,765.5311668215504,72.66939166330053,0.0
2024-06-02 13:00:00,463.05084399355366,1366.36584,1199.808632140658,0.0,899.5858424936102,3.729153512836092,0.0
2024-06-02 14:00:00,463.05084399355366,1301.2514024784045,1199.9901796325994,0.0,838.0091906255088,0.1913678593421082,0.0
2024-06-02 15:00:00,463.05084399355366,1123.9418820120038,1199.999496051133,0.0,660.8812176510496,0.00982036740060721,0.0
2024-06-02 16:00:00,463.05084399355366,880.4707412823068,1199.999974139006,0.0,417.4193933398862,0.0005039488669353887,0.0
2024-06-02 17:00:00,463.05084399355366,625.5678659370957,1199.999998672899,0.0,162.51699608254813,2.5860993901005713e-05,0.0
2024-06-02 18:00:00,347.2881329951652,403.1088794228238,1199.9999999318975,0.0,55.82074510055759,1.3271010175230913e-06,0.0
2024-06-02 19:00:00,347.2881329951652,235.59101696575166,1082.2609016902143,0.0,0.0,0.0,111.69711602941354
2024-06-02 20:00:00,144.7033887479855,124.87730530781998,1061.3623747730576,0.0,0.0,0.0,19.826083440165533
2024-06-02 21:00:00,144.7033887479855,60.033925217371326,972.1129237659567,0.0,0.0,0.0,84.6694635306142
2024-06-02 22:00:00,144.7033887479855,26.175705189263297,847.1737751562052,0.0,0.0,0.0,118.52768355872222
2024-06-02 23:00:00,46.305084399355366,10.35114687469528,809.2749973464312,0.0,0.0,0.0,35.953937524660084
2024-06-03 00:00:00,46.305084399355366,0.35627823219300064,760.8407029284897,0.0,0.0,0.0,45.94880616716237
2024-06-03 01:00:00,46.305084399355366,1.2076300742894075,713.3038121476163,0.0,0.0,0.0,45.09745432506596
2024-06-03 02:00:00,46.305084399355366,3.712504431216591,668.4072907735562,0.0,0.0,0.0,42.59257996813877
2024-06-03 03:00:00,46.305084399355366,10.35114687469528,630.5085129637821,0.0,0.0,0.0,35.953937524660084
2024-06-03 04:00:00,46.305084399355366,26.175705189263297,609.2902842340715,0.0,0.0,0.0,20.12937921009207
2024-06-03 05:00:00,46.305084399355366,60.033925217371326,622.3146062197173,0.0,0.0,13.72884081801596,0.0
2024-06-03 06:00:00,173.6440664975826,124.87730530781998,570.9099263966665,0.0,0.0,0.0,48.76676118976262
2024-06-03 07:00:00,578.813554991942,235.59101696575166,209.1216049078285,0.0,0.0,0.0,343.22253802619036
2024-06-03 08:00:00,578.813554991942,403.1088794228238,60.0,34.235499614573826,0.0,0.0,141.46917595454443
2024-06-03 09:00:00,578.813554991942,625.5678659370957,104.35503390552759,0.0,0.0,46.754310945153634,0.0
2024-06-03 10:00:00,463.05084399355366,880.4707412823068,500.35431873732864,0.0,0.0,417.41989728875313,0.0
2024-06-03 11:00:00,463.05084399355366,1123.9418820120038,1127.3306083366995,0.0,0.0,660.8910380184502,0.0
2024-06-03 12:00:00,463.05084399355366,1301.2514024784045,1196.270846487164,0.0,765.5311668215504,72.66939166330053,0.0
2024-06-03 13:00:00,463.05084399355366,1366.36584,1199.808632140658,0.0,899.5858424936102,3.729153512836092,0.0
2024-06-03 14:00:00,463.05084399355366,1301.2514024784045,1199.9901796325994,0.0,838.0091906255088,0.1913678593421082,0.0
2024-06-03 15:00:00,463.05084399355366,1123.9418820120038,1199.999496051133,0.0,660.8812176510496,0.00982036740060721,0.0
2024-06-03 16:00:00,463.05084399355366,880.4707412823068,1199.999974139006,0.0,417.4193933398862,0.0005039488669353887,0.0
2024-06-03 17:00:00,463.05084399355366,625.5678659370957,1199.999998672899,0.0,162.51699608254813,2.5860993901005713e-05,0.0
2024-06-03 18:00:00,347.2881329951652,403.1088794228238,1199.9999999318975,0.0,55.82074510055759,1.3271010175230913e-06,0.0
2024-06-03 19:00:00,347.2881329951652,235.59101696575166,1082.2609016902143,0.0,0.0,0.0,111.69711602941354
2024-06-03 20:00:00,144.7033887479855,124.87730530781998,1061.3623747730576,0.0,0.0,0.0,19.826083440165533
2024-06-03 21:00:00,144.7033887479855,60.033925217371326,972.1129237659567,0.0,0.0,0.0,84.6694635306142
2024-06-03 22:00:00,144.7033887479855,26.175705189263297,847.1737751562052,0.0,0.0,0.0,118.52768355872222
2024-06-03 23:00:00,46.305084399355366,10.35114687469528,809.2749973464312,0.0,0.0,0.0,35.953937524660084
2024-06-04 00:00:00,46.305084399355366,0.35627823219300064,760.8407029284897,0.0,0.0,0.0,45.94880616716237
2024-06-04 01:00:00,46.305084399355366,1.2076300742894075,713.3038121476163,0.0,0.0,0.0,45.09745432506596
2024-06-04 02:00:00,46.305084399355366,3.712504431216591,668.4072907735562,0.0,0.0,0.0,42.59257996813877
2024-06-04 03:00:00,46.305084399355366,10.35114687469528,630.5085129637821,0.0,0.0,0.0,35.953937524660084
2024-06-04 04:00:00,46.305084399355366,26.175705189263297,609.2902842340715,0.0,0.0,0.0,20.12937921009207
2024-06-04 05:00:00,46.305084399355366,60.033925217371326,622.3146062197173,0.0,0.0,13.72884081801596,0.0
2024-06-04 06:00:00,173.6440664975826,124.87730530781998,570.9099263966665,0.0,0.0,0.0,48.76676118976262
2024-06-04 07:00:00,578.813554991942,235.59101696575166,209.1216049078285,0.0,0.0,0.0,343.22253802619036
2024-06-04 08:00:00,578.813554991942,403.1088794228238,60.0,34.235499614573826,0.0,0.0,141.46917595454443
2024-06-04 09:00:00,578.813554991942,625.5678659370957,104.35503390552759,0.0,0.0,46.754310945153634,0.0
2024-06-04 10:00:00,463.05084399355366,880.4707412823068,500.35431873732864,0.0,0.0,417.41989728875313,0.0
2024-06-04 11:00:00,463.05084399355366,1123.9418820120038,1127.3306083366995,0.0,0.0,660.8910380184502,0.0
2024-06-04 12:00:00,463.05084399355366,1301.2514024784045,1196.270846487164,0.0,765.5311668215504,72.66939166330053,0.0
2024-06-04 13:00:00,463.05084399355366,1366.36584,1199.808632140658,0.0,899.5858424936102,3.729153512836092,0.0
2024-06-04 14:00:00,463.05084399355366,1301.2514024784045,1199.9901796325994,0.0,838.0091906255088,0.1913678593421082,0.0
2024-06-04 15:00:00,463.05084399355366,1123.9418820120038,1199.999496051133,0.0,660.8812176510496,0.00982036740060721,0.0
2024-06-04 16:00:00,463.05084399355366,880.4707412823068,1199.999974139006,0.0,417.4193933398862,0.0005039488669353887,0.0
2024-06-04 17:00:00,463.05084399355366,625.5678659370957,1199.999998672899,0.0,162.51699608254813,2.5860993901005713e-05,0.0
2024-06-04 18:00:00,347.2881329951652,403.1088794228238,1199.9999999318975,0.0,55.82074510055759,1.3271010175230913e-06,0.0
2024-06-04 19:00:00,347.2881329951652,235.59101696575166,1082.2609016902143,0.0,0.0,0.0,111.69711602941354
2024-06-04 20:00:00,144.7033887479855,124.87730530781998,1061.3623747730576,0.0,0.0,0.0,19.826083440165533
2024-06-04 21:00:00,144.7033887479855,60.033925217371326,972.1129237659567,0.0,0.0,0.0,84.6694635306142
2024-06-04 22:00:00,144.7033887479855,26.175705189263297,847.1737751562052,0.0,0.0,0.0,118.52768355872222
2024-06-04 23:00:00,46.305084399355366,10.35114687469528,809.2749973464312,0.0,0.0,0.0,35.953937524660084
2024-06-05 00:00:00,46.305084399355366,0.35627823219300064,760.8407029284897,0.0,0.0,0.0,45.94880616716237
2024-06-05 01:00:00,46.305084399355366,1.2076300742894075,713.3038121476163,0.0,0.0,0.0,45.09745432506596
2024-06-05 02:00:00,46.305084399355366,3.712504431216591,668.4072907735562,0.0,0.0,0.0,42.59257996813877
2024-06-05 03:00:00,46.305084399355366,10.35114687469528,630.5085129637821,0.0,0.0,0.0,35.953937524660084
2024-06-05 04:00:00,46.305084399355366,26.175705189263297,609.2902842340715,0.0,0.0,0.0,20.12937921009207
2024-06-05 05:00:00,46.305084399355366,60.033925217371326,622.3146062197173,0.0,0.0,13.72884081801596,0.0
2024-06-05 06:00:00,173.6440664975826,124.87730530781998,570.9099263966665,0.0,0.0,0.0,48.76676118976262
2024-06-05 07:00:00,578.813554991942,235.59101696575166,209.1216049078285,0.0,0.0,0.0,343.22253802619036
2024-06-05 08:00:00,578.813554991942,403.1088794228238,60.0,34.235499614573826,0.0,0.0,141.46917595454443
2024-06-05 09:00:00,578.813554991942,625.5678659370957,104.35503390552759,0.0,0.0,46.754310945153634,0.0
2024-06-05 10:00:00,463.05084399355366,880.4707412823068,500.35431873732864,0.0,0.0,417.41989728875313,0.0
2024-06-05 11:00:00,463.05084399355366,1123.9418820120038,1127.3306083366995,0.0,0.0,660.8910380184502,0.0
2024-06-05 12:00:00,463.05084399355366,1301.2514024784045,1196.270846487164,0.0,765.5311668215504,72.66939166330053,0.0
2024-06-05 13:00:00,463.05084399355366,1366.36584,1199.808632140658,0.0,899.5858424936102,3.729153512836092,0.0
2024-06-05 14:00:00,463.05084399355366,1301.2514024784045,1199.9901796325994,0.0,838.0091906255088,0.1913678593421082,0.0
2024-06-05 15:00:00,463.05084399355366,1123.9418820120038,1199.999496051133,0.0,660.8812176510496,0.00982036740060721,0.0
2024-06-05 16:00:00,463.05084399355366,880.4707412823068,1199.999974139006,0.0,417.4193933398862,0.0005039488669353887,0.0
2024-06-05 17:00:00,463.05084399355366,625.5678659370957,1199.999998672899,0.0,162.51699608254813,2.5860993901005713e-05,0.0
2024-06-05 18:00:00,347.2881329951652,403.1088794228238,1199.9999999318975,0.0,55.82074510055759,1.3271010175230913e-06,0.0
2024-06-05 19:00:00,347.2881329951652,235.59101696575166,1082.2609016902143,0.0,0.0,0.0,111.69711602941354
2024-06-05 20:00:00,144.7033887479855,124.87730530781998,1061.3623747730576,0.0,0.0,0.0,19.826083440165533
2024-06-05 21:00:00,144.7033887479855,60.033925217371326,972.1129237659567,0.0,0.0,0.0,84.6694635306142
2024-06-05 22:00:00,144.7033887479855,26.175705189263297,847.1737751562052,0.0,0.0,0.0,118.52768355872222
2024-06-05 23:00:00,46.305084399355366,10.35114687469528,809.2749973464312,0.0,0.0,0.0,35.953937524660084
2024-06-06 00:00:00,46.305084399355366,0.35627823219300064,760.8407029284897,0.0,0.0,0.0,45.94880616716237
2024-06-06 01:00:00,46.305084399355366,1.2076300742894075,713.3038121476163,0.0,0.0,0.0,45.09745432506596
2024-06-06 02:00:00,46.305084399355366,3.712504431216591,668.4072907735562,0.0,0.0,0.0,42.59257996813877
2024-06-06 03:00:00,46.305084399355366,10.35114687469528,630.5085129637821,0.0,0.0,0.0,35.953937524660084
2024-06-06 04:00:00,46.305084399355366,26.175705189263297,609.2902842340715,0.0,0.0,0.0,20.12937921009207
2024-06-06 05:00:00,46.305084399355366,60.033925217371326,622.3146062197173,0.0,0.0,13.72884081801596,0.0
2024-06-06 06:00:00,173.6440664975826,124.87730530781998,570.9099263966665,0.0,0.0,0.0,48.76676118976262
2024-06-06 07:00:00,578.813554991942,235.59101696575166,209.1216049078285,0.0,0.0,0.0,343.22253802619036
2024-06-06 08:00:00,578.813554991942,403.1088794228238,60.0,34.235499614573826,0.0,0.0,141.46917595454443
2024-06-06 09:00:00,578.813554991942,625.5678659370957,104.35503390552759,0.0,0.0,46.754310945153634,0.0
2024-06-06 10:00:00,463.05084399355366,880.4707412823068,500.35431873732864,0.0,0.0,417.41989728875313,0.0
2024-06-06 11:00:00,463.05084399355366,1123.9418820120038,1127.3306083366995,0.0,0.0,660.8910380184502,0.0
2024-06-06 12:00:00,463.05084399355366,1301.2514024784045,1196.270846487164,0.0,765.5311668215504,72.66939166330053,0.0
2024-06-06 13:00:00,463.05084399355366,1366.36584,1199.808632140658,0.0,899.5858424936102,3.729153512836092,0.0
2024-06-06 14:00:00,463.05084399355366,1301.2514024784045,1199.9901796325994,0.0,838.0091906255088,0.1913678593421082,0.0
2024-06-06 15:00:00,463.05084399355366,1123.9418820120038,1199.999496051133,0.0,660.8812176510496,0.00982036740060721,0.0
2024-06-06 16:00:00,463.05084399355366,880.4707412823068,1199.999974139006,0.0,417.4193933398862,0.0005039488669353887,0.0
2024-06-06 17:00:00,463.05084399355366,625.5678659370957,1199.999998672899,0.0,162.51699608254813,2.5860993901005713e-05,0.0
2024-06-06 18:00:00,347.2881329951652,403.1088794228238,1199.9999999318975,0.0,55.82074510055759,1.3271010175230913e-06,0.0
2024-06-06 19:00:00,347.2881329951652,235.59101696575166,1082.2609016902143,0.0,0.0,0.0,111.69711602941354
2024-06-06 20:00:00,144.7033887479855,124.87730530781998,1061.3623747730576,0.0,0.0,0.0,19.826083440165533
2024-06-06 21:00:00,144.7033887479855,60.033925217371326,972.1129237659567,0.0,0.0,0.0,84.6694635306142
2024-06-06 22:00:00,144.7033887479855,26.175705189263297,847.1737751562052,0.0,0.0,0.0,118.52768355872222
2024-06-06 23:00:00,46.305084399355366,10.35114687469528,809.2749973464312,0.0,0.0,0.0,35.953937524660084
2024-06-07 00:00:00,46.305084399355366,0.35627823219300064,760.8407029284897,0.0,0.0,0.0,45.94880616716237
2024-06-07 01:00:00,46.305084399355366,1.2076300742894075,713.3038121476163,0.0,0.0,0.0,45.09745432506596
2024-06-07 02:00:00,46.305084399355366,3.712504431216591,668.4072907735562,0.0,0.0,0.0,42.59257996813877
2024-06-07 03:00:00,46.305084399355366,10.35114687469528,630.5085129637821,0.0,0.0,0.0,35.953937524660084
2024-06-07 04:00:00,46.305084399355366,26.175705189263297,609.2902842340715,0.0,0.0,0.0,20.12937921009207
2024-06-07 05:00:00,46.305084399355366,60.033925217371326,622.3146062197173,0.0,0.0,13.72884081801596,0.0
2024-06-07 06:00:00,173.6440664975826,124.87730530781998,570.9099263966665,0.0,0.0,0.0,48.76676118976262
2024-06-07 07:00:00,578.813554991942,235.59101696575166,209.1216049078285,0.0,0.0,0.0,343.22253802619036
2024-06-07 08:00:00,578.813554991942,403.1088794228238,60.0,34.235499614573826,0.0,0.0,141.46917595454443
2024-06-07 09:00:00,578.813554991942,625.5678659370957,104.35503390552759,0.0,0.0,46.754310945153634,0.0
2024-06-07 10:00:00,463.05084399355366,880.4707412823068,500.35431873732864,0.0,0.0,417.41989728875313,0.0
2024-06-07 11:00:00,463.05084399355366,1123.9418820120038,1127.3306083366995,0.0,0.0,660.8910380184502,0.0
2024-06-07 12:00:00,463.05084399355366,1301.2514024784045,1196.270846487164,0.0,765.5311668215504,72.66939166330053,0.0
2024-06-07 13:00:00,463.05084399355366,1366.36584,1199.808632140658,0.0,899.5858424936102,3.729153512836092,0.0
2024-06-07 14:00:00,463.05084399355366,1301.2514024784045,1199.9901796325994,0.0,838.0091906255088,0.1913678593421082,0.0
2024-06-07 15:00:00,463.05084399355366,1123.9418820120038,1199.999496051133,0.0,660.8812176510496,0.00982036740060721,0.0
2024-06-07 16:00:00,463.05084399355366,880.4707412823068,1199.999974139006,0.0,417.4193933398862,0.0005039488669353887,0.0
2024-06-07 17:00:00,463.05084399355366,625.5678659370957,1199.999998672899,0.0,162.51699608254813,2.5860993901005713e-05,0.0
2024-06-07 18:00:00,347.2881329951652,403.1088794228238,1199.9999999318975,0.0,55.82074510055759,1.3271010175230913e-06,0.0
2024-06-07 19:00:00,347.2881329951652,235.59101696575166,1082.2609016902143,0.0,0.0,0.0,111.69711602941354
2024-06-07 20:00:00,144.7033887479855,124.87730530781998,1061.3623747730576,0.0,0.0,0.0,19.826083440165533
2024-06-07 21:00:00,144.7033887479855,60.033925217371326,972.1129237659567,0.0,0.0,0.0,84.6694635306142
2024-06-07 22:00:00,144.7033887479855,26.175705189263297,847.1737751562052,0.0,0.0,0.0,118.52768355872222
2024-06-07 23:00:00,46.305084399355366,10.35114687469528,809.2749973464312,0.0,0.0,0.0,35.953937524660084
2024-06-08 00:00:00,46.305084399355366,0.35627823219300064,760.8407029284897,0.0,0.0,0.0,45.94880616716237
2024-06-08 01:00:00,46.305084399355366,1.2076300742894075,713.3038121476163,0.0,0.0,0.0,45.09745432506596
2024-06-08 02:00:00,46.305084399355366,3.712504431216591,668.4072907735562,0.0,0.0,0.0,42.59257996813877
2024-06-08 03:00:00,46.305084399355366,10.35114687469528,630.5085129637821,0.0,0.0,0.0,35.953937524660084
2024-06-08 04:00:00,46.305084399355366,26.175705189263297,609.2902842340715,0.0,0.0,0.0,20.12937921009207
2024-06-08 05:00:00,46.305084399355366,60.033925217371326,622.3146062197173,0.0,0.0,13.72884081801596,0.0
2024-06-08 06:00:00,173.6440664975826,124.87730530781998,570.9099263966665,0.0,0.0,0.0,48.76676118976262
2024-06-08 07:00:00,578.813554991942,235.59101696575166,209.1216049078285,0.0,0.0,0.0,343.22253802619036
2024-06-08 08:00:00,578.813554991942,403.1088794228238,60.0,34.235499614573826,0.0,0.0,141.46917595454443
2024-06-08 09:00:00,578.813554991942,625.5678659370957,104.35503390552759,0.0,0.0,46.754310945153634,0.0
2024-06-08 10:00:00,463.05084399355366,880.4707412823068,500.35431873732864,0.0,0.0,417.41989728875313,0.0
2024-06-08 11:00:00,463.05084399355366,1123.9418820120038,1127.3306083366995,0.0,0.0,660.8910380184502,0.0
2024-06-08 12:00:00,463.05084399355366,1301.2514024784045,1196.270846487164,0.0,765.5311668215504,72.66939166330053,0.0
2024-06-08 13:00:00,463.05084399355366,1366.36584,1199.808632140658,0.0,899.5858424936102,3.729153512836092,0.0
2024-06-08 14:00:00,463.05084399355366,1301.2514024784045,1199.9901796325994,0.0,838.0091906255088,0.1913678593421082,0.0
2024-06-08 15:00:00,463.05084399355366,1123.9418820120038,1199.999496051133,0.0,660.8812176510496,0.00982036740060721,0.0
2024-06-08 16:00:00,463.05084399355366,880.4707412823068,1199.999974139006,0.0,417.4193933398862,0.0005039488669353887,0.0
2024-06-08 17:00:00,463.05084399355366,625.5678659370957,1199.999998672899,0.0,162.51699608254813,2.5860993901005713e-05,0.0
2024-06-08 18:00:00,347.2881329951652,403.1088794228238,1199.9999999318975,0.0,55.82074510055759,1.3271010175230913e-06,0.0
2024-06-08 19:00:00,347.2881329951652,235.59101696575166,1082.2609016902143,0.0,0.0,0.0,111.69711602941354
2024-06-08 20:00:00,144.7033887479855,124.87730530781998,1061.3623747730576,0.0,0.0,0.0,19.826083440165533
2024-06-08 21:00:00,144.7033887479855,60.033925217371326,972.1129237659567,0.0,0.0,0.0,84.6694635306142
2024-06-08 22:00:00,144.7033887479855,26.175705189263297,847.1737751562052,0.0,0.0,0.0,118.52768355872222
2024-06-08 23:00:00,46.305084399355366,10.35114687469528,809.2749973464312,0.0,0.0,0.0,35.953937524660084
2024-06-09 00:00:00,46.305084399355366,0.35627823219300064,760.8407029284897,0.0,0.0,0.0,45.94880616716237
2024-06-09 01:00:00,46.305084399355366,1.2076300742894075,713.3038121476163,0.0,0.0,0.0,45.09745432506596
2024-06-09 02:00:00,46.305084399355366,3.712504431216591,668.4072907735562,0.0,0.0,0.0,42.59257996813877
2024-06-09 03:00:00,46.305084399355366,10.35114687469528,630.5085129637821,0.0,0.0,0.0,35.953937524660084
2024-06-09 04:00:00,46.305084399355366,26.175705189263297,609.2902842340715,0.0,0.0,0.0,20.12937921009207
2024-06-09 05:00:00,46.305084399355366,60.033925217371326,622.3146062197173,0.0,0.0,13.72884081801596,0.0
2024-06-09 06:00:00,173.6440664975826,124.87730530781998,570.9099263966665,0.0,0.0,0.0,48.76676118976262
2024-06-09 07:00:00,578.813554991942,235.59101696575166,209.1216049078285,0.0,0.0,0.0,343.22253802619036
2024-06-09 08:00:00,578.813554991942,403.1088794228238,60.0,34.235499614573826,0.0,0.0,141.46917595454443
2024-06-09 09:00:00,578.813554991942,625.5678659370957,104.35503390552759,0.0,0.0,46.754310945153634,0.0
2024-06-09 10:00:00,463.05084399355366,880.4707412823068,500.35431873732864,0.0,0.0,417.41989728875313,0.0
2024-06-09 11:00:00,463.05084399355366,1123.9418820120038,1127.3306083366995,0.0,0.0,660.8910380184502,0.0
2024-06-09 12:00:00,463.05084399355366,1301.2514024784045,1196.270846487164,0.0,765.5311668215504,72.66939166330053,0.0
2024-06-09 13:00:00,463.05084399355366,1366.36584,1199.808632140658,0.0,899.5858424936102,3.729153512836092,0.0
2024-06-09 14:00:00,463.05084399355366,1301.2514024784045,1199.9901796325994,0.0,838.0091906255088,0.1913678593421082,0.0
2024-06-09 15:00:00,463.05084399355366,1123.9418820120038,1199.999496051133,0.0,660.8812176510496,0.00982036740060721,0.0
2024-06-09 16:00:00,463.05084399355366,880.4707412823068,1199.999974139006,0.0,417.4193933398862,0.0005039488669353887,0.0
2024-06-09 17:00:00,463.05084399355366,625.5678659370957,1199.999998672899,0.0,162.51699608254813,2.5860993901005713e-05,0.0
2024-06-09 18:00:00,347.2881329951652,403.1088794228238,1199.9999999318975,0.0,55.82074510055759,1.3271010175230913e-06,0.0
2024-06-09 19:00:00,347.2881329951652,235.59101696575166,1082.2609016902143,0.0,0.0,0.0,111.69711602941354
2024-06-09 20:00:00,144.7033887479855,124.87730530781998,1061.3623747730576,0.0,0.0,0.0,19.826083440165533
2024-06-09 21:00:00,144.7033887479855,60.033925217371326,972.1129237659567,0.0,0.0,0.0,84.6694635306142
2024-06-09 22:00:00,144.7033887479855,26.175705189263297,847.1737751562052,0.0,0.0,0.0,118.52768355872222
2024-06-09 23:00:00,46.305084399355366,10.35114687469528,809.2749973464312,0.0,0.0,0.0,35.953937524660084
2024-06-10 00:00:00,46.305084399355366,0.35627823219300064,760.8407029284897,0.0,0.0,0.0,45.94880616716237
2024-06-10 01:00:00,46.305084399355366,1.2076300742894075,713.3038121476163,0.0,0.0,0.0,45.09745432506596
2024-06-10 02:00:00,46.305084399355366,3.712504431216591,668.4072907735562,0.0,0.0,0.0,42.59257996813877
2024-06-10 03:00:00,46.305084399355366,10.35114687469528,630.5085129637821,0.0,0.0,0.0,35.953937524660084
2024-06-10 04:00:00,46.305084399355366,26.175705189263297,609.2902842340715,0.0,0.0,0.0,20.12937921009207
2024-06-10 05:00:00,46.305084399355366,60.033925217371326,622.3146062197173,0.0,0.0,13.72884081801596,0.0
2024-06-10 06:00:00,173.6440664975826,124.87730530781998,570.9099263966665,0.0,0.0,0.0,48.76676118976262
2024-06-10 07:00:00,578.813554991942,235.59101696575166,209.1216049078285,0.0,0.0,0.0,343.22253802619036
2024-06-10 08:00:00,578.813554991942,403.1088794228238,60.0,34.235499614573826,0.0,0.0,141.46917595454443
2024-06-10 09:00:00,578.813554991942,625.5678659370957,104.35503390552759,0.0,0.0,46.754310945153634,0.0
2024-06-10 10:00:00,463.05084399355366,880.4707412823068,500.35431873732864,0.0,0.0,417.41989728875313,0.0
2024-06-10 11:00:00,463.05084399355366,1123.9418820120038,1127.3306083366995,0.0,0.0,660.8910380184502,0.0
2024-06-10 12:00:00,463.05084399355366,1301.2514024784045,1196.270846487164,0.0,765.5311668215504,72.66939166330053,0.0
2024-06-10 13:00:00,463.05084399355366,1366.36584,1199.808632140658,0.0,899.5858424936102,3.729153512836092,0.0
2024-06-10 14:00:00,463.05084399355366,1301.2514024784045,1199.9901796325994,0.0,838.0091906255088,0.1913678593421082,0.0
2024-06-10 15:00:00,463.05084399355366,1123.9418820120038,1199.999496051133,0.0,660.8812176510496,0.00982036740060721,0.0
2024-06-10 16:00:00,463.05084399355366,880.4707412823068,1199.999974139006,0.0,417.4193933398862,0.0005039488669353887,0.0
2024-06-10 17:00:00,463.05084399355366,625.5678659370957,1199.999998672899,0.0,162.51699608254813,2.5860993901005713e-05,0.0
2024-06-10 18:00:00,347.2881329951652,403.1088794228238,1199.9999999318975,0.0,55.82074510055759,1.3271010175230913e-06,0.0
2024-06-10 19:00:00,347.2881329951652,235.59101696575166,1082.2609016902143,0.0,0.0,0.0,111.69711602941354
2024-06-10 20:00:00,144.7033887479855,124.87730530781998,1061.3623747730576,0.0,0.0,0.0,19.826083440165533
2024-06-10 21:00:00,144.7033887479855,60.033925217371326,972.1129237659567,0.0,0.0,0.0,84.6694635306142
2024-06-10 22:00:00,144.7033887479855,26.175705189263297,847.1737751562052,0.0,0.0,0.0,118.52768355872222
2024-06-10 23:00:00,46.305084399355366,10.35114687469528,809.2749973464312,0.0,0.0,0.0,35.953937524660084
2024-06-11 00:00:00,46.305084399355366,0.35627823219300064,760.8407029284897,0.0,0.0,0.0,45.94880616716237
2024-06-11 01:00:00,46.305084399355366,1.2076300742894075,713.3038121476163,0.0,0.0,0.0,45.09745432506596
2024-06-11 02:00:00,46.305084399355366,3.712504431216591,668.4072907735562,0.0,0.0,0.0,42.59257996813877
2024-06-11 03:00:00,46.305084399355366,10.35114687469528,630.5085129637821,0.0,0.0,0.0,35.953937524660084
2024-06-11 04:00:00,46.305084399355366,26.175705189263297,609.2902842340715,0.0,0.0,0.0,20.12937921009207
2024-06-11 05:00:00,46.305084399355366,60.033925217371326,622.3146062197173,0.0,0.0,13.72884081801596,0.0
2024-06-11 06:00:00,173.6440664975826,124.87730530781998,570.9099263966665,0.0,0.0,0.0,48.76676118976262
2024-06-11 07:00:00,578.813554991942,235.59101696575166,209.1216049078285,0.0,0.0,0.0,343.22253802619036
2024-06-11 08:00:00,578.813554991942,403.1088794228238,60.0,34.235499614573826,0.0,0.0,141.46917595454443
2024-06-11 09:00:00,578.813554991942,625.5678659370957,104.35503390552759,0.0,0.0,46.754310945153634,0.0
2024-06-11 10:00:00,463.05084399355366,880.4707412823068,500.35431873732864,0.0,0.0,417.41989728875313,0.0
2024-06-11 11:00:00,463.05084399355366,1123.9418820120038,1127.3306083366995,0.0,0.0,660.8910380184502,0.0
2024-06-11 12:00:00,463.05084399355366,1301.2514024784045,1196.270846487164,0.0,765.5311668215504,72.66939166330053,0.0
2024-06-11 13:00:00,463.05084399355366,1366.36584,1199.808632140658,0.0,899.5858424936102,3.729153512836092,0.0
2024-06-11 14:00:00,463.05084399355366,1301.2514024784045,1199.9901796325994,0.0,838.0091906255088,0.1913678593421082,0.0
2024-06-11 15:00:00,463.05084399355366,1123.9418820120038,1199.999496051133,0.0,660.8812176510496,0.00982036740060721,0.0
2024-06-11 16:00:00,463.05084399355366,880.4707412823068,1199.999974139006,0.0,417.4193933398862,0.0005039488669353887,0.0
2024-06-11 17:00:00,463.05084399355366,625.5678659370957,1199.999998672899,0.0,162.51699608254813,2.5860993901005713e-05,0.0
2024-06-11 18:00:00,347.2881329951652,403.1088794228238,1199.9999999318975,0.0,55.82074510055759,1.3271010175230913e-06,0.0
2024-06-11 19:00:00,347.2881329951652,235.59101696575166,1082.2609016902143,0.0,0.0,0.0,111.69711602941354
2024-06-11 20:00:00,144.7033887479855,124.87730530781998,1061.3623747730576,0.0,0.0,0.0,19.826083440165533
2024-06-11 21:00:00,144.7033887479855,60.033925217371326,972.1129237659567,0.0,0.0,0.0,84.6694635306142
2024-06-11 22:00:00,144.7033887479855,26.175705189263297,847.1737751562052,0.0,0.0,0.0,118.52768355872222
2024-06-11 23:00:00,46.305084399355366,10.35114687469528,809.2749973464312,0.0,0.0,0.0,35.953937524660084
2024-06-12 00:00:00,46.305084399355366,0.35627823219300064,760.8407029284897,0.0,0.0,0.0,45.94880616716237
2024-06-12 01:00:00,46.305084399355366,1.2076300742894075,713.3038121476163,0.0,0.0,0.0,45.09745432506596
2024-06-12 02:00:00,46.305084399355366,3.712504431216591,668.4072907735562,0.0,0.0,0.0,42.59257996813877
2024-06-12 03:00:00,46.305084399355366,10.35114687469528,630.5085129637821,0.0,0.0,0.0,35.953937524660084
2024-06-12 04:00:00,46.305084399355366,26.175705189263297,609.2902842340715,0.0,0.0,0.0,20.12937921009207
2024-06-12 05:00:00,46.305084399355366,60.033925217371326,622.3146062197173,0.0,0.0,13.72884081801596,0.0
2024-06-12 06:00:00,173.6440664975826,124.87730530781998,570.9099263966665,0.0,0.0,0.0,48.76676118976262
2024-06-12 07:00:00,578.813554991942,235.59101696575166,209.1216049078285,0.0,0.0,0.0,343.22253802619036
2024-06-12 08:00:00,578.813554991942,403.1088794228238,60.0,34.235499614573826,0.0,0.0,141.46917595454443
2024-06-12 09:00:00,578.813554991942,625.5678659370957,104.35503390552759,0.0,0.0,46.754310945153634,0.0
2024-06-12 10:00:00,463.05084399355366,880.4707412823068,500.35431873732864,0.0,0.0,417.41989728875313,0.0
2024-06-12 11:00:00,463.05084399355366,1123.9418820120038,1127.3306083366995,0.0,0.0,660.8910380184502,0.0
2024-06-12 12:00:00,463.05084399355366,1301.2514024784045,1196.270846487164,0.0,765.5311668215504,72.66939166330053,0.0
2024-06-12 13:00:00,463.05084399355366,1366.36584,1199.808632140658,0.0,899.5858424936102,3.729153512836092,0.0
2024-06-12 14:00:00,463.05084399355366,1301.2514024784045,1199.9901796325994,0.0,838.0091906255088,0.1913678593421082,0.0
2024-06-12 15:00:00,463.05084399355366,1123.9418820120038,1199.999496051133,0.0,660.8812176510496,0.00982036740060721,0.0
2024-06-12 16:00:00,463.05084399355366,880.4707412823068,1199.999974139006,0.0,417.4193933398862,0.0005039488669353887,0.0
2024-06-12 17:00:00,463.05084399355366,625.5678659370957,1199.999998672899,0.0,162.51699608254813,2.5860993901005713e-05,0.0
2024-06-12 18:00:00,347.2881329951652,403.1088794228238,1199.9999999318975,0.0,55.82074510055759,1.3271010175230913e-06,0.0
2024-06-12 19:00:00,347.2881329951652,235.59101696575166,1082.2609016902143,0.0,0.0,0.0,111.69711602941354
2024-06-12 20:00:00,144.7033887479855,124.87730530781998,1061.3623747730576,0.0,0.0,0.0,19.826083440165533
2024-06-12 21:00:00,144.7033887479855,60.033925217371326,972.1129237659567,0.0,0.0,0.0,84.6694635306142
2024-06-12 22:00:00,144.7033887479855,26.175705189263297,847.1737751562052,0.0,0.0,0.0,118.52768355872222
2024-06-12 23:00:00,46.305084399355366,10.35114687469528,809.2749973464312,0.0,0.0,0.0,35.953937524660084
2024-06-13 00:00:00,46.305084399355366,0.35627823219300064,760.8407029284897,0.0,0.0,0.0,45.94880616716237
2024-06-13 01:00:00,46.305084399355366,1.2076300742894075,713.3038121476163,0.0,0.0,0.0,45.09745432506596
2024-06-13 02:00:00,46.305084399355366,3.712504431216591,668.4072907735562,0.0,0.0,0.0,42.59257996813877
2024-06-13 03:00:00,46.305084399355366,10.35114687469528,630.5085129637821,0.0,0.0,0.0,35.953937524660084
2024-06-13 04:00:00,46.305084399355366,26.175705189263297,609.2902842340715,0.0,0.0,0.0,20.12937921009207
2024-06-13 05:00:00,46.305084399355366,60.033925217371326,622.3146062197173,0.0,0.0,13.72884081801596,0.0
2024-06-13 06:00:00,173.6440664975826,124.87730530781998,570.9099263966665,0.0,0.0,0.0,48.76676118976262
2024-06-13 07:00:00,578.813554991942,235.59101696575166,209.1216049078285,0.0,0.0,0.0,343.22253802619036
2024-06-13 08:00:00,578.813554991942,403.1088794228238,60.0,34.235499614573826,0.0,0.0,141.46917595454443
2024-06-13 09:00:00,578.813554991942,625.5678659370957,104.35503390552759,0.0,0.0,46.754310945153634,0.0
2024-06-13 10:00:00,463.05084399355366,880.4707412823068,500.35431873732864,0.0,0.0,417.41989728875313,0.0
2024-06-13 11:00:00,463.05084399355366,1123.9418820120038,1127.3306083366995,0.0,0.0,660.8910380184502,0.0
2024-06-13 12:00:00,463.05084399355366,1301.2514024784045,1196.270846487164,0.0,765.5311668215504,72.66939166330053,0.0
2024-06-13 13:00:00,463.05084399355366,1366.36584,1199.808632140658,0.0,899.5858424936102,3.729153512836092,0.0
2024-06-13 14:00:00,463.05084399355366,1301.2514024784045,1199.9901796325994,0.0,838.0091906255088,0.1913678593421082,0.0
2024-06-13 15:00:00,463.05084399355366,1123.9418820120038,1199.999496051133,0.0,660.8812176510496,0.00982036740060721,0.0
2024-06-13 16:00:00,463.05084399355366,880.4707412823068,1199.999974139006,0.0,417.4193933398862,0.0005039488669353887,0.0
2024-06-13 17:00:00,463.05084399355366,625.5678659370957,1199.999998672899,0.0,162.51699608254813,2.5860993901005713e-05,0.0
2024-06-13 18:00:00,347.2881329951652,403.1088794228238,1199.9999999318975,0.0,55.82074510055759,1.3271010175230913e-06,0.0
2024-06-13 19:00:00,347.2881329951652,235.59101696575166,1082.2609016902143,0.0,0.0,0.0,111.69711602941354
2024-06-13 20:00:00,144.7033887479855,124.87730530781998,1061.3623747730576,0.0,0.0,0.0,19.826083440165533
2024-06-13 21:00:00,144.7033887479855,60.033925217371326,972.1129237659567,0.0,0.0,0.0,84.6694635306142
2024-06-13 22:00:00,144.7033887479855,26.175705189263297,847.1737751562052,0.0,0.0,0.0,118.52768355872222
2024-06-13 23:00:00,46.305084399355366,10.35114687469528,809.2749973464312,0.0,0.0,0.0,35.953937524660084
2024-06-14 00:00:00,46.305084399355366,0.35627823219300064,760.8407029284897,0.0,0.0,0.0,45.94880616716237
2024-06-14 01:00:00,46.305084399355366,1.2076300742894075,713.3038121476163,0.0,0.0,0.0,45.09745432506596
2024-06-14 02:00:00,46.305084399355366,3.712504431216591,668.4072907735562,0.0,0.0,0.0,42.59257996813877
2024-06-14 03:00:00,46.305084399355366,10.35114687469528,630.5085129637821,0.0,0.0,0.0,35.953937524660084
2024-06-14 04:00:00,46.305084399355366,26.175705189263297,609.2902842340715,0.0,0.0,0.0,20.12937921009207
2024-06-14 05:00:00,46.305084399355366,60.033925217371326,622.3146062197173,0.0,0.0,13.72884081801596,0.0
2024-06-14 06:00:00,173.6440664975826,124.87730530781998,570.9099263966665,0.0,0.0,0.0,48.76676118976262
2024-06-14 07:00:00,578.813554991942,235.59101696575166,209.1216049078285,0.0,0.0,0.0,343.22253802619036
2024-06-14 08:00:00,578.813554991942,403.1088794228238,60.0,34.235499614573826,0.0,0.0,141.46917595454443
2024-06-14 09:00:00,578.813554991942,625.5678659370957,104.35503390552759,0.0,0.0,46.754310945153634,0.0
2024-06-14 10:00:00,463.05084399355366,880.4707412823068,500.35431873732864,0.0,0.0,417.41989728875313,0.0
2024-06-14 11:00:00,463.05084399355366,1123.9418820120038,1127.3306083366995,0.0,0.0,660.8910380184502,0.0
2024-06-14 12:00:00,463.05084399355366,1301.2514024784045,1196.270846487164,0.0,765.5311668215504,72.66939166330053,0.0
2024-06-14 13:00:00,463.05084399355366,1366.36584,1199.808632140658,0.0,899.5858424936102,3.729153512836092,0.0
2024-06-14 14:00:00,463.05084399355366,1301.2514024784045,1199.9901796325994,0.0,838.0091906255088,0.1913678593421082,0.0
2024-06-14 15:00:00,463.05084399355366,1123.9418820120038,1199.999496051133,0.0,660.8812176510496,0.00982036740060721,0.0
2024-06-14 16:00:00,463.05084399355366,880.4707412823068,1199.999974139006,0.0,417.4193933398862,0.0005039488669353887,0.0
2024-06-14 17:00:00,463.05084399355366,625.5678659370957,1199.999998672899,0.0,162.51699608254813,2.5860993901005713e-05,0.0
2024-06-14 18:00:00,347.2881329951652,403.1088794228238,1199.9999999318975,0.0,55.82074510055759,1.3271010175230913e-06,0.0
2024-06-14 19:00:00,347.2881329951652,235.59101696575166,1082.2609016902143,0.0,0.0,0.0,111.69711602941354
2024-06-14 20:00:00,144.7033887479855,124.87730530781998,1061.3623747730576,0.0,0.0,0.0,19.826083440165533
2024-06-14 21:00:00,144.7033887479855,60.033925217371326,972.1129237659567,0.0,0.0,0.0,84.6694635306142
2024-06-14 22:00:00,144.7033887479855,26.175705189263297,847.1737751562052,0.0,0.0,0.0,118.52768355872222
2024-06-14 23:00:00,46.305084399355366,10.35114687469528,809.2749973464312,0.0,0.0,0.0,35.953937524660084
2024-06-15 00:00:00,46.305084399355366,0.35627823219300064,760.8407029284897,0.0,0.0,0.0,45.94880616716237
2024-06-15 01:00:00,46.305084399355366,1.2076300742894075,713.3038121476163,0.0,0.0,0.0,45.09745432506596
2024-06-15 02:00:00,46.305084399355366,3.712504431216591,668.4072907735562,0.0,0.0,0.0,42.59257996813877
2024-06-15 03:00:00,46.305084399355366,10.35114687469528,630.5085129637821,0.0,0.0,0.0,35.953937524660084
2024-06-15 04:00:00,46.305084399355366,26.175705189263297,609.2902842340715,0.0,0.0,0.0,20.12937921009207
2024-06-15 05:00:00,46.305084399355366,60.033925217371326,622.3146062197173,0.0,0.0,13.72884081801596,0.0
2024-06-15 06:00:00,173.6440664975826,124.87730530781998,570.9099263966665,0.0,0.0,0.0,48.76676118976262
2024-06-15 07:00:00,578.813554991942,235.59101696575166,209.1216049078285,0.0,0.0,0.0,343.22253802619036
2024-06-15 08:00:00,578.813554991942,403.1088794228238,60.0,34.235499614573826,0.0,0.0,141.46917595454443
2024-06-15 09:00:00,578.813554991942,625.5678659370957,104.35503390552759,0.0,0.0,46.754310945153634,0.0
2024-06-15 10:00:00,463.05084399355366,880.4707412823068,500.35431873732864,0.0,0.0,417.41989728875313,0.0
2024-06-15 11:00:00,463.05084399355366,1123.9418820120038,1127.3306083366995,0.0,0.0,660.8910380184502,0.0
2024-06-15 12:00:00,463.05084399355366,1301.2514024784045,1196.270846487164,0.0,765.5311668215504,72.66939166330053,0.0
2024-06-15 13:00:00,463.05084399355366,1366.36584,1199.808632140658,0.0,899.5858424936102,3.729153512836092,0.0
2024-06-15 14:00:00,463.05084399355366,1301.2514024784045,1199.9901796325994,0.0,838.0091906255088,0.1913678593421082,0.0
2024-06-15 15:00:00,463.05084399355366,1123.9418820120038,1199.999496051133,0.0,660.8812176510496,0.00982036740060721,0.0
2024-06-15 16:00:00,463.05084399355366,880.4707412823068,1199.999974139006,0.0,417.4193933398862,0.0005039488669353887,0.0
2024-06-15 17:00:00,463.05084399355366,625.5678659370957,1199.999998672899,0.0,162.51699608254813,2.5860993901005713e-05,0.0
2024-06-15 18:00:00,347.2881329951652,403.1088794228238,1199.9999999318975,0.0,55.82074510055759,1.3271010175230913e-06,0.0
2024-06-15 19:00:00,347.2881329951652,235.59101696575166,1082.2609016902143,0.0,0.0,0.0,111.69711602941354
2024-06-15 20:00:00,144.7033887479855,124.87730530781998,1061.3623747730576,0.0,0.0,0.0,19.826083440165533
2024-06-15 21:00:00,144.7033887479855,60.033925217371326,972.1129237659567,0.0,0.0,0.0,84.6694635306142
2024-06-15 22:00:00,144.7033887479855,26.175705189263297,847.1737751562052,0.0,0.0,0.0,118.52768355872222
2024-06-15 23:00:00,46.305084399355366,10.35114687469528,809.2749973464312,0.0,0.0,0.0,35.953937524660084
2024-06-16 00:00:00,46.305084399355366,0.35627823219300064,760.8407029284897,0.0,0.0,0.0,45.94880616716237
2024-06-16 01:00:00,46.305084399355366,1.2076300742894075,713.3038121476163,0.0,0.0,0.0,45.09745432506596
2024-06-16 02:00:00,46.305084399355366,3.712504431216591,668.4072907735562,0.0,0.0,0.0,42.59257996813877
2024-06-16 03:00:00,46.305084399355366,10.35114687469528,630.5085129637821,0.0,0.0,0.0,35.953937524660084
2024-06-16 04:00:00,46.305084399355366,26.175705189263297,609.2902842340715,0.0,0.0,0.0,20.12937921009207
2024-06-16 05:00:00,46.305084399355366,60.033925217371326,622.3146062197173,0.0,0.0,13.72884081801596,0.0
2024-06-16 06:00:00,173.6440664975826,124.87730530781998,570.9099263966665,0.0,0.0,0.0,48.76676118976262
2024-06-16 07:00:00,578.813554991942,235.59101696575166,209.1216049078285,0.0,0.0,0.0,343.22253802619036
2024-06-16 08:00:00,578.813554991942,403.1088794228238,60.0,34.235499614573826,0.0,0.0,141.46917595454443
2024-06-16 09:00:00,578.813554991942,625.5678659370957,104.35503390552759,0.0,0.0,46.754310945153634,0.0
2024-06-16 10:00:00,463.05084399355366,880.4707412823068,500.35431873732864,0.0,0.0,417.41989728875313,0.0
2024-06-16 11:00:00,463.05084399355366,1123.9418820120038,1127.3306083366995,0.0,0.0,660.8910380184502,0.0
2024-06-16 12:00:00,463.05084399355366,1301.2514024784045,1196.270846487164,0.0,765.5311668215504,72.66939166330053,0.0
2024-06-16 13:00:00,463.05084399355366,1366.36584,1199.808632140658,0.0,899.5858424936102,3.729153512836092,0.0
2024-06-16 14:00:00,463.05084399355366,1301.2514024784045,1199.9901796325994,0.0,838.0091906255088,0.1913678593421082,0.0
2024-06-16 15:00:00,463.05084399355366,1123.9418820120038,1199.999496051133,0.0,660.8812176510496,0.00982036740060721,0.0
2024-06-16 16:00:00,463.05084399355366,880.4707412823068,1199.999974139006,0.0,417.4193933398862,0.0005039488669353887,0.0
2024-06-16 17:00:00,463.05084399355366,625.5678659370957,1199.999998672899,0.0,162.51699608254813,2.5860993901005713e-05,0.0
2024-06-16 18:00:00,347.2881329951652,403.1088794228238,1199.9999999318975,0.0,55.82074510055759,1.3271010175230913e-06,0.0
2024-06-16 19:00:00,347.2881329951652,235.59101696575166,1082.2609016902143,0.0,0.0,0.0,111.69711602941354
2024-06-16 20:00:00,144.7033887479855,124.87730530781998,1061.3623747730576,0.0,0.0,0.0,19.826083440165533
2024-06-16 21:00:00,144.7033887479855,60.033925217371326,972.1129237659567,0.0,0.0,0.0,84.6694635306142
2024-06-16 22:00:00,144.7033887479855,26.175705189263297,847.1737751562052,0.0,0.0,0.0,118.52768355872222
2024-06-16 23:00:00,46.305084399355366,10.35114687469528,809.2749973464312,0.0,0.0,0.0,35.953937524660084
2024-06-17 00:00:00,46.305084399355366,0.35627823219300064,760.8407029284897,0.0,0.0,0.0,45.94880616716237
2024-06-17 01:00:00,46.305084399355366,1.2076300742894075,713.3038121476163,0.0,0.0,0.0,45.09745432506596
2024-06-17 02:00:00,46.305084399355366,3.712504431216591,668.4072907735562,0.0,0.0,0.0,42.59257996813877
2024-06-17 03:00:00,46.305084399355366,10.35114687469528,630.5085129637821,0.0,0.0,0.0,35.953937524660084
2024-06-17 04:00:00,46.305084399355366,26.175705189263297,609.2902842340715,0.0,0.0,0.0,20.12937921009207
2024-06-17 05:00:00,46.305084399355366,60.033925217371326,622.3146062197173,0.0,0.0,13.72884081801596,0.0
2024-06-17 06:00:00,173.6440664975826,124.87730530781998,570.9099263966665,0.0,0.0,0.0,48.76676118976262
2024-06-17 07:00:00,578.813554991942,235.59101696575166,209.1216049078285,0.0,0.0,0.0,343.22253802619036
2024-06-17 08:00:00,578.813554991942,403.1088794228238,60.0,34.235499614573826,0.0,0.0,141.46917595454443
2024-06-17 09:00:00,578.813554991942,625.5678659370957,104.35503390552759,0.0,0.0,46.754310945153634,0.0
2024-06-17 10:00:00,463.05084399355366,880.4707412823068,500.35431873732864,0.0,0.0,417.41989728875313,0.0
2024-06-17 11:00:00,463.05084399355366,1123.9418820120038,1127.3306083366995,0.0,0.0,660.8910380184502,0.0
2024-06-17 12:00:00,463.05084399355366,1301.2514024784045,1196.270846487164,0.0,765.5311668215504,72.66939166330053,0.0
2024-06-17 13:00:00,463.05084399355366,1366.36584,1199.808632140658,0.0,899.5858424936102,3.729153512836092,0.0
2024-06-17 14:00:00,463.05084399355366,1301.2514024784045,1199.9901796325994,0.0,838.0091906255088,0.1913678593421082,0.0
2024-06-17 15:00:00,463.05084399355366,1123.9418820120038,1199.999496051133,0.0,660.8812176510496,0.00982036740060721,0.0
2024-06-17 16:00:00,463.05084399355366,880.4707412823068,1199.999974139006,0.0,417.4193933398862,0.0005039488669353887,0.0
2024-06-17 17:00:00,463.05084399355366,625.5678659370957,1199.999998672899,0.0,162.51699608254813,2.5860993901005713e-05,0.0
2024-06-17 18:00:00,347.2881329951652,403.1088794228238,1199.9999999318975,0.0,55.82074510055759,1.3271010175230913e-06,0.0
2024-06-17 19:00:00,347.2881329951652,235.59101696575166,1082.2609016902143,0.0,0.0,0.0,111.69711602941354
2024-06-17 20:00:00,144.7033887479855,124.87730530781998,1061.3623747730576,0.0,0.0,0.0,19.826083440165533
2024-06-17 21:00:00,144.7033887479855,60.033925217371326,972.1129237659567,0.0,0.0,0.0,84.6694635306142
2024-06-17 22:00:00,144.7033887479855,26.175705189263297,847.1737751562052,0.0,0.0,0.0,118.52768355872222
2024-06-17 23:00:00,46.305084399355366,10.35114687469528,809.2749973464312,0.0,0.0,0.0,35.953937524660084
2024-06-18 00:00:00,46.305084399355366,0.35627823219300064,760.8407029284897,0.0,0.0,0.0,45.94880616716237
2024-06-18 01:00:00,46.305084399355366,1.2076300742894075,713.3038121476163,0.0,0.0,0.0,45.09745432506596
2024-06-18 02:00:00,46.305084399355366,3.712504431216591,668.4072907735562,0.0,0.0,0.0,42.59257996813877
2024-06-18 03:00:00,46.305084399355366,10.35114687469528,630.5085129637821,0.0,0.0,0.0,35.953937524660084
2024-06-18 04:00:00,46.305084399355366,26.175705189263297,609.2902842340715,0.0,0.0,0.0,20.12937921009207
2024-06-18 05:00:00,46.305084399355366,60.033925217371326,622.3146062197173,0.0,0.0,13.72884081801596,0.0
2024-06-18 06:00:00,173.6440664975826,124.87730530781998,570.9099263966665,0.0,0.0,0.0,48.76676118976262
2024-06-18 07:00:00,578.813554991942,235.59101696575166,209.1216049078285,0.0,0.0,0.0,343.22253802619036
2024-06-18 08:00:00,578.813554991942,403.1088794228238,60.0,34.235499614573826,0.0,0.0,141.46917595454443
2024-06-18 09:00:00,578.813554991942,625.5678659370957,104.35503390552759,0.0,0.0,46.754310945153634,0.0
2024-06-18 10:00:00,463.05084399355366,880.4707412823068,500.35431873732864,0.0,0.0,417.41989728875313,0.0
2024-06-18 11:00:00,463.05084399355366,1123.9418820120038,1127.3306083366995,0.0,0.0,660.8910380184502,0.0
2024-06-18 12:00:00,463.05084399355366,1301.2514024784045,1196.270846487164,0.0,765.5311668215504,72.66939166330053,0.0
2024-06-18 13:00:00,463.05084399355366,1366.36584,1199.808632140658,0.0,899.5858424936102,3.729153512836092,0.0
2024-06-18 14:00:00,463.05084399355366,1301.2514024784045,1199.9901796325994,0.0,838.0091906255088,0.1913678593421082,0.0
2024-06-18 15:00:00,463.05084399355366,1123.9418820120038,1199.999496051133,0.0,660.8812176510496,0.00982036740060721,0.0
2024-06-18 16:00:00,463.05084399355366,880.4707412823068,1199.999974139006,0.0,417.4193933398862,0.0005039488669353887,0.0
2024-06-18 17:00:00,463.05084399355366,625.5678659370957,1199.999998672899,0.0,162.51699608254813,2.5860993901005713e-05,0.0
2024-06-18 18:00:00,347.2881329951652,403.1088794228238,1199.9999999318975,0.0,55.82074510055759,1.3271010175230913e-06,0.0
2024-06-18 19:00:00,347.2881329951652,235.59101696575166,1082.2609016902143,0.0,0.0,0.0,111.69711602941354
2024-06-18 20:00:00,144.7033887479855,124.87730530781998,1061.3623747730576,0.0,0.0,0.0,19.826083440165533
2024-06-18 21:00:00,144.7033887479855,60.033925217371326,972.1129237659567,0.0,0.0,0.0,84.6694635306142
2024-06-18 22:00:00,144.7033887479855,26.175705189263297,847.1737751562052,0.0,0.0,0.0,118.52768355872222
2024-06-18 23:00:00,46.305084399355366,10.35114687469528,809.2749973464312,0.0,0.0,0.0,35.953937524660084
2024-06-19 00:00:00,46.305084399355366,0.35627823219300064,760.8407029284897,0.0,0.0,0.0,45.94880616716237
2024-06-19 01:00:00,46.305084399355366,1.2076300742894075,713.3038121476163,0.0,0.0,0.0,45.09745432506596
2024-06-19 02:00:00,46.305084399355366,3.712504431216591,668.4072907735562,0.0,0.0,0.0,42.59257996813877
2024-06-19 03:00:00,46.305084399355366,10.35114687469528,630.5085129637821,0.0,0.0,0.0,35.953937524660084
2024-06-19 04:00:00,46.305084399355366,26.175705189263297,609.2902842340715,0.0,0.0,0.0,20.12937921009207
2024-06-19 05:00:00,46.305084399355366,60.033925217371326,622.3146062197173,0.0,0.0,13.72884081801596,0.0
2024-06-19 06:00:00,173.6440664975826,124.87730530781998,570.9099263966665,0.0,0.0,0.0,48.76676118976262
2024-06-19 07:00:00,578.813554991942,235.59101696575166,209.1216049078285,0.0,0.0,0.0,343.22253802619036
2024-06-19 08:00:00,578.813554991942,403.1088794228238,60.0,34.235499614573826,0.0,0.0,141.46917595454443
2024-06-19 09:00:00,578.813554991942,625.5678659370957,104.35503390552759,0.0,0.0,46.754310945153634,0.0
2024-06-19 10:00:00,463.05084399355366,880.4707412823068,500.35431873732864,0.0,0.0,417.41989728875313,0.0
2024-06-19 11:00:00,463.05084399355366,1123.9418820120038,1127.3306083366995,0.0,0.0,660.8910380184502,0.0
2024-06-19 12:00:00,463.05084399355366,1301.2514024784045,1196.270846487164,0.0,765.5311668215504,72.66939166330053,0.0
2024-06-19 13:00:00,463.05084399355366,1366.36584,1199.808632140658,0.0,899.5858424936102,3.729153512836092,0.0
2024-06-19 14:00:00,463.05084399355366,1301.2514024784045,1199.9901796325994,0.0,838.0091906255088,0.1913678593421082,0.0
2024-06-19 15:00:00,463.05084399355366,1123.9418820120038,1199.999496051133,0.0,660.8812176510496,0.00982036740060721,0.0
2024-06-19 16:00:00,463.05084399355366,880.4707412823068,1199.999974139006,0.0,417.4193933398862,0.0005039488669353887,0.0
2024-06-19 17:00:00,463.05084399355366,625.5678659370957,1199.999998672899,0.0,162.51699608254813,2.5860993901005713e-05,0.0
2024-06-19 18:00:00,347.2881329951652,403.1088794228238,1199.9999999318975,0.0,55.82074510055759,1.3271010175230913e-06,0.0
2024-06-19 19:00:00,347.2881329951652,235.59101696575166,1082.2609016902143,0.0,0.0,0.0,111.69711602941354
2024-06-19 20:00:00,144.7033887479855,124.87730530781998,1061.3623747730576,0.0,0.0,0.0,19.826083440165533
2024-06-19 21:00:00,144.7033887479855,60.033925217371326,972.1129237659567,0.0,0.0,0.0,84.6694635306142
2024-06-19 22:00:00,144.7033887479855,26.175705189263297,847.1737751562052,0.0,0.0,0.0,118.52768355872222
2024-06-19 23:00:00,46.305084399355366,10.35114687469528,809.2749973464312,0.0,0.0,0.0,35.953937524660084
2024-06-20 00:00:00,46.305084399355366,0.35627823219300064,760.8407029284897,0.0,0.0,0.0,45.94880616716237
2024-06-20 01:00:00,46.305084399355366,1.2076300742894075,713.3038121476163,0.0,0.0,0.0,45.09745432506596
2024-06-20 02:00:00,46.305084399355366,3.712504431216591,668.4072907735562,0.0,0.0,0.0,42.59257996813877
2024-06-20 03:00:00,46.305084399355366,10.35114687469528,630.5085129637821,0.0,0.0,0.0,35.953937524660084
2024-06-20 04:00:00,46.305084399355366,26.175705189263297,609.2902842340715,0.0,0.0,0.0,20.12937921009207
2024-06-20 05:00:00,46.305084399355366,60.033925217371326,622.3146062197173,0.0,0.0,13.72884081801596,0.0
2024-06-20 06:00:00,173.6440664975826,124.87730530781998,570.9099263966665,0.0,0.0,0.0,48.76676118976262
2024-06-20 07:00:00,578.813554991942,235.59101696575166,209.1216049078285,0.0,0.0,0.0,343.22253802619036
2024-06-20 08:00:00,578.813554991942,403.1088794228238,60.0,34.235499614573826,0.0,0.0,141.46917595454443
2024-06-20 09:00:00,578.813554991942,625.5678659370957,104.35503390552759,0.0,0.0,46.754310945153634,0.0
2024-06-20 10:00:00,463.05084399355366,880.4707412823068,500.35431873732864,0.0,0.0,417.41989728875313,0.0
2024-06-20 11:00:00,463.05084399355366,1123.9418820120038,1127.3306083366995,0.0,0.0,660.8910380184502,0.0
2024-06-20 12:00:00,463.05084399355366,1301.2514024784045,1196.270846487164,0.0,765.5311668215504,72.66939166330053,0.0
2024-06-20 13:00:00,463.05084399355366,1366.36584,1199.808632140658,0.0,899.5858424936102,3.729153512836092,0.0
2024-06-20 14:00:00,463.05084399355366,1301.2514024784045,1199.9901796325994,0.0,838.0091906255088,0.1913678593421082,0.0
2024-06-20 15:00:00,463.05084399355366,1123.9418820120038,1199.999496051133,0.0,660.8812176510496,0.00982036740060721,0.0
2024-06-20 16:00:00,463.05084399355366,880.4707412823068,1199.999974139006,0.0,417.4193933398862,0.0005039488669353887,0.0
2024-06-20 17:00:00,463.05084399355366,625.5678659370957,1199.999998672899,0.0,162.51699608254813,2.5860993901005713e-05,0.0
2024-06-20 18:00:00,347.2881329951652,403.1088794228238,1199.9999999318975,0.0,55.82074510055759,1.3271010175230913e-06,0.0
2024-06-20 19:00:00,347.2881329951652,235.59101696575166,1082.2609016902143,0.0,0.0,0.0,111.69711602941354
2024-06-20 20:00:00,144.7033887479855,124.87730530781998,1061.3623747730576,0.0,0.0,0.0,19.826083440165533
2024-06-20 21:00:00,144.7033887479855,60.033925217371326,972.1129237659567,0.0,0.0,0.0,84.6694635306142
2024-06-20 22:00:00,144.7033887479855,26.175705189263297,847.1737751562052,0.0,0.0,0.0,118.52768355872222
2024-06-20 23:00:00,46.305084399355366,10.35114687469528,809.2749973464312,0.0,0.0,0.0,35.953937524660084
2024-06-21 00:00:00,46.305084399355366,0.35627823219300064,760.8407029284897,0.0,0.0,0.0,45.94880616716237
2024-06-21 01:00:00,46.305084399355366,1.2076300742894075,713.3038121476163,0.0,0.0,0.0,45.09745432506596
2024-06-21 02:00:00,46.305084399355366,3.712504431216591,668.4072907735562,0.0,0.0,0.0,42.59257996813877
2024-06-21 03:00:00,46.305084399355366,10.35114687469528,630.5085129637821,0.0,0.0,0.0,35.953937524660084
2024-06-21 04:00:00,46.305084399355366,26.175705189263297,609.2902842340715,0.0,0.0,0.0,20.12937921009207
2024-06-21 05:00:00,46.305084399355366,60.033925217371326,622.3146062197173,0.0,0.0,13.72884081801596,0.0
2024-06-21 06:00:00,173.6440664975826,124.87730530781998,570.9099263966665,0.0,0.0,0.0,48.76676118976262
2024-06-21 07:00:00,578.813554991942,235.59101696575166,209.1216049078285,0.0,0.0,0.0,343.22253802619036
2024-06-21 08:00:00,578.813554991942,403.1088794228238,60.0,34.235499614573826,0.0,0.0,141.46917595454443
2024-06-21 09:00:00,578.813554991942,625.5678659370957,104.35503390552759,0.0,0.0,46.754310945153634,0.0
2024-06-21 10:00:00,463.05084399355366,880.4707412823068,500.35431873732864,0.0,0.0,417.41989728875313,0.0
2024-06-21 11:00:00,463.05084399355366,1123.9418820120038,1127.3306083366995,0.0,0.0,660.8910380184502,0.0
2024-06-21 12:00:00,463.05084399355366,1301.2514024784045,1196.270846487164,0.0,765.5311668215504,72.66939166330053,0.0
2024-06-21 13:00:00,463.05084399355366,1366.36584,1199.808632140658,0.0,899.5858424936102,3.729153512836092,0.0
2024-06-21 14:00:00,463.05084399355366,1301.2514024784045,1199.9901796325994,0.0,838.0091906255088,0.1913678593421082,0.0
2024-06-21 15:00:00,463.05084399355366,1123.9418820120038,1199.999496051133,0.0,660.8812176510496,0.00982036740060721,0.0
2024-06-21 16:00:00,463.05084399355366,880.4707412823068,1199.999974139006,0.0,417.4193933398862,0.0005039488669353887,0.0
2024-06-21 17:00:00,463.05084399355366,625.5678659370957,1199.999998672899,0.0,162.51699608254813,2.5860993901005713e-05,0.0
2024-06-21 18:00:00,347.2881329951652,403.1088794228238,1199.9999999318975,0.0,55.82074510055759,1.3271010175230913e-06,0.0
2024-06-21 19:00:00,347.2881329951652,235.59101696575166,1082.2609016902143,0.0,0.0,0.0,111.69711602941354
2024-06-21 20:00:00,144.7033887479855,124.87730530781998,1061.3623747730576,0.0,0.0,0.0,19.826083440165533
2024-06-21 21:00:00,144.7033887479855,60.033925217371326,972.1129237659567,0.0,0.0,0.0,84.6694635306142
2024-06-21 22:00:00,144.7033887479855,26.175705189263297,847.1737751562052,0.0,0.0,0.0,118.52768355872222
2024-06-21 23:00:00,46.305084399355366,10.35114687469528,809.2749973464312,0.0,0.0,0.0,35.953937524660084
2024-06-22 00:00:00,46.305084399355366,0.35627823219300064,760.8407029284897,0.0,0.0,0.0,45.94880616716237
2024-06-22 01:00:00,46.305084399355366,1.2076300742894075,713.3038121476163,0.0,0.0,0.0,45.09745432506596
2024-06-22 02:00:00,46.305084399355366,3.712504431216591,668.4072907735562,0.0,0.0,0.0,42.59257996813877
2024-06-22 03:00:00,46.305084399355366,10.35114687469528,630.5085129637821,0.0,0.0,0.0,35.953937524660084
2024-06-22 04:00:00,46.305084399355366,26.175705189263297,609.2902842340715,0.0,0.0,0.0,20.12937921009207
2024-06-22 05:00:00,46.305084399355366,60.033925217371326,622.3146062197173,0.0,0.0,13.72884081801596,0.0
2024-06-22 06:00:00,173.6440664975826,124.87730530781998,570.9099263966665,0.0,0.0,0.0,48.76676118976262
2024-06-22 07:00:00,578.813554991942,235.59101696575166,209.1216049078285,0.0,0.0,0.0,343.22253802619036
2024-06-22 08:00:00,578.813554991942,403.1088794228238,60.0,34.235499614573826,0.0,0.0,141.46917595454443
2024-06-22 09:00:00,578.813554991942,625.5678659370957,104.35503390552759,0.0,0.0,46.754310945153634,0.0
2024-06-22 10:00:00,463.05084399355366,880.4707412823068,500.35431873732864,0.0,0.0,417.41989728875313,0.0
2024-06-22 11:00:00,463.05084399355366,1123.9418820120038,1127.3306083366995,0.0,0.0,660.8910380184502,0.0
2024-06-22 12:00:00,463.05084399355366,1301.2514024784045,1196.270846487164,0.0,765.5311668215504,72.66939166330053,0.0
2024-06-22 13:00:00,463.05084399355366,1366.36584,1199.808632140658,0.0,899.5858424936102,3.729153512836092,0.0
2024-06-22 14:00:00,463.05084399355366,1301.2514024784045,1199.9901796325994,0.0,838.0091906255088,0.1913678593421082,0.0
2024-06-22 15:00:00,463.05084399355366,1123.9418820120038,1199.999496051133,0.0,660.8812176510496,0.00982036740060721,0.0
2024-06-22 16:00:00,463.05084399355366,880.4707412823068,1199.999974139006,0.0,417.4193933398862,0.0005039488669353887,0.0
2024-06-22 17:00:00,463.05084399355366,625.5678659370957,1199.999998672899,0.0,162.51699608254813,2.5860993901005713e-05,0.0
2024-06-22 18:00:00,347.2881329951652,403.1088794228238,1199.9999999318975,0.0,55.82074510055759,1.3271010175230913e-06,0.0
2024-06-22 19:00:00,347.2881329951652,235.59101696575166,1082.2609016902143,0.0,0.0,0.0,111.69711602941354
2024-06-22 20:00:00,144.7033887479855,124.87730530781998,1061.3623747730576,0.0,0.0,0.0,19.826083440165533
2024-06-22 21:00:00,144.7033887479855,60.033925217371326,972.1129237659567,0.0,0.0,0.0,84.6694635306142
2024-06-22 22:00:00,144.7033887479855,26.175705189263297,847.1737751562052,0.0,0.0,0.0,118.52768355872222
2024-06-22 23:00:00,46.305084399355366,10.35114687469528,809.2749973464312,0.0,0.0,0.0,35.953937524660084
2024-06-23 00:00:00,46.305084399355366,0.35627823219300064,760.8407029284897,0.0,0.0,0.0,45.94880616716237
2024-06-23 01:00:00,46.305084399355366,1.2076300742894075,713.3038121476163,0.0,0.0,0.0,45.09745432506596
2024-06-23 02:00:00,46.305084399355366,3.712504431216591,668.4072907735562,0.0,0.0,0.0,42.59257996813877
2024-06-23 03:00:00,46.305084399355366,10.35114687469528,630.5085129637821,0.0,0.0,0.0,35.953937524660084
2024-06-23 04:00:00,46.305084399355366,26.175705189263297,609.2902842340715,0.0,0.0,0.0,20.12937921009207
2024-06-23 05:00:00,46.305084399355366,60.033925217371326,622.3146062197173,0.0,0.0,13.72884081801596,0.0
2024-06-23 06:00:00,173.6440664975826,124.87730530781998,570.9099263966665,0.0,0.0,0.0,48.76676118976262
2024-06-23 07:00:00,578.813554991942,235.59101696575166,209.1216049078285,0.0,0.0,0.0,343.22253802619036
2024-06-23 08:00:00,578.813554991942,403.1088794228238,60.0,34.235499614573826,0.0,0.0,141.46917595454443
2024-06-23 09:00:00,578.813554991942,625.5678659370957,104.35503390552759,0.0,0.0,46.754310945153634,0.0
2024-06-23 10:00:00,463.05084399355366,880.4707412823068,500.35431873732864,0.0,0.0,417.41989728875313,0.0
2024-06-23 11:00:00,463.05084399355366,1123.9418820120038,1127.3306083366995,0.0,0.0,660.8910380184502,0.0
2024-06-23 12:00:00,463.05084399355366,1301.2514024784045,1196.270846487164,0.0,765.5311668215504,72.66939166330053,0.0
2024-06-23 13:00:00,463.05084399355366,1366.36584,1199.808632140658,0.0,899.5858424936102,3.729153512836092,0.0
2024-06-23 14:00:00,463.05084399355366,1301.2514024784045,1199.9901796325994,0.0,838.0091906255088,0.1913678593421082,0.0
2024-06-23 15:00:00,463.05084399355366,1123.9418820120038,1199.999496051133,0.0,660.8812176510496,0.00982036740060721,0.0
2024-06-23 16:00:00,463.05084399355366,880.4707412823068,1199.999974139006,0.0,417.4193933398862,0.0005039488669353887,0.0
2024-06-23 17:00:00,463.05084399355366,625.5678659370957,1199.999998672899,0.0,162.51699608254813,2.5860993901005713e-05,0.0
2024-06-23 18:00:00,347.2881329951652,403.1088794228238,1199.9999999318975,0.0,55.82074510055759,1.3271010175230913e-06,0.0
2024-06-23 19:00:00,347.2881329951652,235.59101696575166,1082.2609016902143,0.0,0.0,0.0,111.69711602941354
2024-06-23 20:00:00,144.7033887479855,124.87730530781998,1061.3623747730576,0.0,0.0,0.0,19.826083440165533
2024-06-23 21:00:00,144.7033887479855,60.033925217371326,972.1129237659567,0.0,0.0,0.0,84.6694635306142
2024-06-23 22:00:00,144.7033887479855,26.175705189263297,847.1737751562052,0.0,0.0,0.0,118.52768355872222
2024-06-23 23:00:00,46.305084399355366,10.35114687469528,809.2749973464312,0.0,0.0,0.0,35.953937524660084
2024-06-24 00:00:00,46.305084399355366,0.35627823219300064,760.8407029284897,0.0,0.0,0.0,45.94880616716237
2024-06-24 01:00:00,46.305084399355366,1.2076300742894075,713.3038121476163,0.0,0.0,0.0,45.09745432506596
2024-06-24 02:00:00,46.305084399355366,3.712504431216591,668.4072907735562,0.0,0.0,0.0,42.59257996813877
2024-06-24 03:00:00,46.305084399355366,10.35114687469528,630.5085129637821,0.0,0.0,0.0,35.953937524660084
2024-06-24 04:00:00,46.305084399355366,26.175705189263297,609.2902842340715,0.0,0.0,0.0,20.12937921009207
2024-06-24 05:00:00,46.305084399355366,60.033925217371326,622.3146062197173,0.0,0.0,13.72884081801596,0.0
2024-06-24 06:00:00,173.6440664975826,124.87730530781998,570.9099263966665,0.0,0.0,0.0,48.76676118976262
2024-06-24 07:00:00,578.813554991942,235.59101696575166,209.1216049078285,0.0,0.0,0.0,343.22253802619036
2024-06-24 08:00:00,578.813554991942,403.1088794228238,60.0,34.235499614573826,0.0,0.0,141.46917595454443
2024-06-24 09:00:00,578.813554991942,625.5678659370957,104.35503390552759,0.0,0.0,46.754310945153634,0.0
2024-06-24 10:00:00,463.05084399355366,880.4707412823068,500.35431873732864,0.0,0.0,417.41989728875313,0.0
2024-06-24 11:00:00,463.05084399355366,1123.9418820120038,1127.3306083366995,0.0,0.0,660.8910380184502,0.0
2024-06-24 12:00:00,463.05084399355366,1301.2514024784045,1196.270846487164,0.0,765.5311668215504,72.66939166330053,0.0
2024-06-24 13:00:00,463.05084399355366,1366.36584,1199.808632140658,0.0,899.5858424936102,3.729153512836092,0.0
2024-06-24 14:00:00,463.05084399355366,1301.2514024784045,1199.9901796325994,0.0,838.0091906255088,0.1913678593421082,0.0
2024-06-24 15:00:00,463.05084399355366,1123.9418820120038,1199.999496051133,0.0,660.8812176510496,0.00982036740060721,0.0
2024-06-24 16:00:00,463.05084399355366,880.4707412823068,1199.999974139006,0.0,417.4193933398862,0.0005039488669353887,0.0
2024-06-24 17:00:00,463.05084399355366,625.5678659370957,1199.999998672899,0.0,162.51699608254813,2.5860993901005713e-05,0.0
2024-06-24 18:00:00,347.2881329951652,403.1088794228238,1199.9999999318975,0.0,55.82074510055759,1.3271010175230913e-06,0.0
2024-06-24 19:00:00,347.2881329951652,235.59101696575166,1082.2609016902143,0.0,0.0,0.0,111.69711602941354
2024-06-24 20:00:00,144.7033887479855,124.87730530781998,1061.3623747730576,0.0,0.0,0.0,19.826083440165533
2024-06-24 21:00:00,144.7033887479855,60.033925217371326,972.1129237659567,0.0,0.0,0.0,84.6694635306142
2024-06-24 22:00:00,144.7033887479855,26.175705189263297,847.1737751562052,0.0,0.0,0.0,118.52768355872222
2024-06-24 23:00:00,46.305084399355366,10.35114687469528,809.2749973464312,0.0,0.0,0.0,35.953937524660084
2024-06-25 00:00:00,46.305084399355366,0.35627823219300064,760.8407029284897,0.0,0.0,0.0,45.94880616716237
2024-06-25 01:00:00,46.305084399355366,1.2076300742894075,713.3038121476163,0.0,0.0,0.0,45.09745432506596
2024-06-25 02:00:00,46.305084399355366,3.712504431216591,668.4072907735562,0.0,0.0,0.0,42.59257996813877
2024-06-25 03:00:00,46.305084399355366,10.35114687469528,630.5085129637821,0.0,0.0,0.0,35.953937524660084
2024-06-25 04:00:00,46.305084399355366,26.175705189263297,609.2902842340715,0.0,0.0,0.0,20.12937921009207
2024-06-25 05:00:00,46.305084399355366,60.033925217371326,622.3146062197173,0.0,0.0,13.72884081801596,0.0
2024-06-25 06:00:00,173.6440664975826,124.87730530781998,570.9099263966665,0.0,0.0,0.0,48.76676118976262
2024-06-25 07:00:00,578.813554991942,235.59101696575166,209.1216049078285,0.0,0.0,0.0,343.22253802619036
2024-06-25 08:00:00,578.813554991942,403.1088794228238,60.0,34.235499614573826,0.0,0.0,141.46917595454443
2024-06-25 09:00:00,578.813554991942,625.5678659370957,104.35503390552759,0.0,0.0,46.754310945153634,0.0
2024-06-25 10:00:00,463.05084399355366,880.4707412823068,500.35431873732864,0.0,0.0,417.41989728875313,0.0
2024-06-25 11:00:00,463.05084399355366,1123.9418820120038,1127.3306083366995,0.0,0.0,660.8910380184502,0.0
2024-06-25 12:00:00,463.05084399355366,1301.2514024784045,1196.270846487164,0.0,765.5311668215504,72.66939166330053,0.0
2024-06-25 13:00:00,463.05084399355366,1366.36584,1199.808632140658,0.0,899.5858424936102,3.729153512836092,0.0
2024-06-25 14:00:00,463.05084399355366,1301.2514024784045,1199.9901796325994,0.0,838.0091906255088,0.1913678593421082,0.0
2024-06-25 15:00:00,463.05084399355366,1123.9418820120038,1199.999496051133,0.0,660.8812176510496,0.00982036740060721,0.0
2024-06-25 16:00:00,463.05084399355366,880.4707412823068,1199.999974139006,0.0,417.4193933398862,0.0005039488669353887,0.0
2024-06-25 17:00:00,463.05084399355366,625.5678659370957,1199.999998672899,0.0,162.51699608254813,2.5860993901005713e-05,0.0
2024-06-25 18:00:00,347.2881329951652,403.1088794228238,1199.9999999318975,0.0,55.82074510055759,1.3271010175230913e-06,0.0
2024-06-25 19:00:00,347.2881329951652,235.59101696575166,1082.2609016902143,0.0,0.0,0.0,111.69711602941354
2024-06-25 20:00:00,144.7033887479855,124.87730530781998,1061.3623747730576,0.0,0.0,0.0,19.826083440165533
2024-06-25 21:00:00,144.7033887479855,60.033925217371326,972.1129237659567,0.0,0.0,0.0,84.6694635306142
2024-06-25 22:00:00,144.7033887479855,26.175705189263297,847.1737751562052,0.0,0.0,0.0,118.52768355872222
2024-06-25 23:00:00,46.305084399355366,10.35114687469528,809.2749973464312,0.0,0.0,0.0,35.953937524660084
2024-06-26 00:00:00,46.305084399355366,0.35627823219300064,760.8407029284897,0.0,0.0,0.0,45.94880616716237
2024-06-26 01:00:00,46.305084399355366,1.2076300742894075,713.3038121476163,0.0,0.0,0.0,45.09745432506596
2024-06-26 02:00:00,46.305084399355366,3.712504431216591,668.4072907735562,0.0,0.0,0.0,42.59257996813877
2024-06-26 03:00:00,46.305084399355366,10.35114687469528,630.5085129637821,0.0,0.0,0.0,35.953937524660084
2024-06-26 04:00:00,46.305084399355366,26.175705189263297,609.2902842340715,0.0,0.0,0.0,20.12937921009207
2024-06-26 05:00:00,46.305084399355366,60.033925217371326,622.3146062197173,0.0,0.0,13.72884081801596,0.0
2024-06-26 06:00:00,173.6440664975826,124.87730530781998,570.9099263966665,0.0,0.0,0.0,48.76676118976262
2024-06-26 07:00:00,578.813554991942,235.59101696575166,209.1216049078285,0.0,0.0,0.0,343.22253802619036
2024-06-26 08:00:00,578.813554991942,403.1088794228238,60.0,34.235499614573826,0.0,0.0,141.46917595454443
2024-06-26 09:00:00,578.813554991942,625.5678659370957,104.35503390552759,0.0,0.0,46.754310945153634,0.0
2024-06-26 10:00:00,463.05084399355366,880.4707412823068,500.35431873732864,0.0,0.0,417.41989728875313,0.0
2024-06-26 11:00:00,463.05084399355366,1123.9418820120038,1127.3306083366995,0.0,0.0,660.8910380184502,0.0
2024-06-26 12:00:00,463.05084399355366,1301.2514024784045,1196.270846487164,0.0,765.5311668215504,72.66939166330053,0.0
2024-06-26 13:00:00,463.05084399355366,1366.36584,1199.808632140658,0.0,899.5858424936102,3.729153512836092,0.0
2024-06-26 14:00:00,463.05084399355366,1301.2514024784045,1199.9901796325994,0.0,838.0091906255088,0.1913678593421082,0.0
2024-06-26 15:00:00,463.05084399355366,1123.9418820120038,1199.999496051133,0.0,660.8812176510496,0.00982036740060721,0.0
2024-06-26 16:00:00,463.05084399355366,880.4707412823068,1199.999974139006,0.0,417.4193933398862,0.0005039488669353887,0.0
2024-06-26 17:00:00,463.05084399355366,625.5678659370957,1199.999998672899,0.0,162.51699608254813,2.5860993901005713e-05,0.0
2024-06-26 18:00:00,347.2881329951652,403.1088794228238,1199.9999999318975,0.0,55.82074510055759,1.3271010175230913e-06,0.0
2024-06-26 19:00:00,347.2881329951652,235.59101696575166,1082.2609016902143,0.0,0.0,0.0,111.69711602941354
2024-06-26 20:00:00,144.7033887479855,124.87730530781998,1061.3623747730576,0.0,0.0,0.0,19.826083440165533
2024-06-26 21:00:00,144.7033887479855,60.033925217371326,972.1129237659567,0.0,0.0,0.0,84.6694635306142
2024-06-26 22:00:00,144.7033887479855,26.175705189263297,847.1737751562052,0.0,0.0,0.0,118.52768355872222
2024-06-26 23:00:00,46.305084399355366,10.35114687469528,809.2749973464312,0.0,0.0,0.0,35.953937524660084
2024-06-27 00:00:00,46.305084399355366,0.35627823219300064,760.8407029284897,0.0,0.0,0.0,45.94880616716237
2024-06-27 01:00:00,46.305084399355366,1.2076300742894075,713.3038121476163,0.0,0.0,0.0,45.09745432506596
2024-06-27 02:00:00,46.305084399355366,3.712504431216591,668.4072907735562,0.0,0.0,0.0,42.59257996813877
2024-06-27 03:00:00,46.305084399355366,10.35114687469528,630.5085129637821,0.0,0.0,0.0,35.953937524660084
2024-06-27 04:00:00,46.305084399355366,26.175705189263297,609.2902842340715,0.0,0.0,0.0,20.12937921009207
2024-06-27 05:00:00,46.305084399355366,60.033925217371326,622.3146062197173,0.0,0.0,13.72884081801596,0.0
2024-06-27 06:00:00,173.6440664975826,124.87730530781998,570.9099263966665,0.0,0.0,0.0,48.76676118976262
2024-06-27 07:00:00,578.813554991942,235.59101696575166,209.1216049078285,0.0,0.0,0.0,343.22253802619036
2024-06-27 08:00:00,578.813554991942,403.1088794228238,60.0,34.235499614573826,0.0,0.0,141.46917595454443
2024-06-27 09:00:00,578.813554991942,625.5678659370957,104.35503390552759,0.0,0.0,46.754310945153634,0.0
2024-06-27 10:00:00,463.05084399355366,880.4707412823068,500.35431873732864,0.0,0.0,417.41989728875313,0.0
2024-06-27 11:00:00,463.05084399355366,1123.9418820120038,1127.3306083366995,0.0,0.0,660.8910380184502,0.0
2024-06-27 12:00:00,463.05084399355366,1301.2514024784045,1196.270846487164,0.0,765.5311668215504,72.66939166330053,0.0
2024-06-27 13:00:00,463.05084399355366,1366.36584,1199.808632140658,0.0,899.5858424936102,3.729153512836092,0.0
2024-06-27 14:00:00,463.05084399355366,1301.2514024784045,1199.9901796325994,0.0,838.0091906255088,0.1913678593421082,0.0
2024-06-27 15:00:00,463.05084399355366,1123.9418820120038,1199.999496051133,0.0,660.8812176510496,0.00982036740060721,0.0
2024-06-27 16:00:00,463.05084399355366,880.4707412823068,1199.999974139006,0.0,417.4193933398862,0.0005039488669353887,0.0
2024-06-27 17:00:00,463.05084399355366,625.5678659370957,1199.999998672899,0.0,162.51699608254813,2.5860993901005713e-05,0.0
2024-06-27 18:00:00,347.2881329951652,403.1088794228238,1199.9999999318975,0.0,55.82074510055759,1.3271010175230913e-06,0.0
2024-06-27 19:00:00,347.2881329951652,235.59101696575166,1082.2609016902143,0.0,0.0,0.0,111.69711602941354
2024-06-27 20:00:00,144.7033887479855,124.87730530781998,1061.3623747730576,0.0,0.0,0.0,19.826083440165533
2024-06-27 21:00:00,144.7033887479855,60.033925217371326,972.1129237659567,0.0,0.0,0.0,84.6694635306142
2024-06-27 22:00:00,144.7033887479855,26.175705189263297,847.1737751562052,0.0,0.0,0.0,118.52768355872222
2024-06-27 23:00:00,46.305084399355366,10.35114687469528,809.2749973464312,0.0,0.0,0.0,35.953937524660084
2024-06-28 00:00:00,46.305084399355366,0.35627823219300064,760.8407029284897,0.0,0.0,0.0,45.94880616716237
2024-06-28 01:00:00,46.305084399355366,1.2076300742894075,713.3038121476163,0.0,0.0,0.0,45.09745432506596
2024-06-28 02:00:00,46.305084399355366,3.712504431216591,668.4072907735562,0.0,0.0,0.0,42.59257996813877
2024-06-28 03:00:00,46.305084399355366,10.35114687469528,630.5085129637821,0.0,0.0,0.0,35.953937524660084
2024-06-28 04:00:00,46.305084399355366,26.175705189263297,609.2902842340715,0.0,0.0,0.0,20.12937921009207
2024-06-28 05:00:00,46.305084399355366,60.033925217371326,622.3146062197173,0.0,0.0,13.72884081801596,0.0
2024-06-28 06:00:00,173.6440664975826,124.87730530781998,570.9099263966665,0.0,0.0,0.0,48.76676118976262
2024-06-28 07:00:00,578.813554991942,235.59101696575166,209.1216049078285,0.0,0.0,0.0,343.22253802619036
2024-06-28 08:00:00,578.813554991942,403.1088794228238,60.0,34.235499614573826,0.0,0.0,141.46917595454443
2024-06-28 09:00:00,578.813554991942,625.5678659370957,104.35503390552759,0.0,0.0,46.754310945153634,0.0
2024-06-28 10:00:00,463.05084399355366,880.4707412823068,500.35431873732864,0.0,0.0,417.41989728875313,0.0
2024-06-28 11:00:00,463.05084399355366,1123.9418820120038,1127.3306083366995,0.0,0.0,660.8910380184502,0.0
2024-06-28 12:00:00,463.05084399355366,1301.2514024784045,1196.270846487164,0.0,765.5311668215504,72.66939166330053,0.0
2024-06-28 13:00:00,463.05084399355366,1366.36584,1199.808632140658,0.0,899.5858424936102,3.729153512836092,0.0
2024-06-28 14:00:00,463.05084399355366,1301.2514024784045,1199.9901796325994,0.0,838.0091906255088,0.1913678593421082,0.0
2024-06-28 15:00:00,463.05084399355366,1123.9418820120038,1199.999496051133,0.0,660.8812176510496,0.00982036740060721,0.0
2024-06-28 16:00:00,463.05084399355366,880.4707412823068,1199.999974139006,0.0,417.4193933398862,0.0005039488669353887,0.0
2024-06-28 17:00:00,463.05084399355366,625.5678659370957,1199.999998672899,0.0,162.51699608254813,2.5860993901005713e-05,0.0
2024-06-28 18:00:00,347.2881329951652,403.1088794228238,1199.9999999318975,0.0,55.82074510055759,1.3271010175230913e-06,0.0
2024-06-28 19:00:00,347.2881329951652,235.59101696575166,1082.2609016902143,0.0,0.0,0.0,111.69711602941354
2024-06-28 20:00:00,144.7033887479855,124.87730530781998,1061.3623747730576,0.0,0.0,0.0,19.826083440165533
2024-06-28 21:00:00,144.7033887479855,60.033925217371326,972.1129237659567,0.0,0.0,0.0,84.6694635306142
2024-06-28 22:00:00,144.7033887479855,26.175705189263297,847.1737751562052,0.0,0.0,0.0,118.52768355872222
2024-06-28 23:00:00,46.305084399355366,10.35114687469528,809.2749973464312,0.0,0.0,0.0,35.953937524660084
2024-06-29 00:00:00,46.305084399355366,0.35627823219300064,760.8407029284897,0.0,0.0,0.0,45.94880616716237
2024-06-29 01:00:00,46.305084399355366,1.2076300742894075,713.3038121476163,0.0,0.0,0.0,45.09745432506596
2024-06-29 02:00:00,46.305084399355366,3.712504431216591,668.4072907735562,0.0,0.0,0.0,42.59257996813877
2024-06-29 03:00:00,46.305084399355366,10.35114687469528,630.5085129637821,0.0,0.0,0.0,35.953937524660084
2024-06-29 04:00:00,46.305084399355366,26.175705189263297,609.2902842340715,0.0,0.0,0.0,20.12937921009207
2024-06-29 05:00:00,46.305084399355366,60.033925217371326,622.3146062197173,0.0,0.0,13.72884081801596,0.0
2024-06-29 06:00:00,173.6440664975826,124.87730530781998,570.9099263966665,0.0,0.0,0.0,48.76676118976262
2024-06-29 07:00:00,578.813554991942,235.59101696575166,209.1216049078285,0.0,0.0,0.0,343.22253802619036
2024-06-29 08:00:00,578.813554991942,403.1088794228238,60.0,34.235499614573826,0.0,0.0,141.46917595454443
2024-06-29 09:00:00,578.813554991942,625.5678659370957,104.35503390552759,0.0,0.0,46.754310945153634,0.0
2024-06-29 10:00:00,463.05084399355366,880.4707412823068,500.35431873732864,0.0,0.0,417.41989728875313,0.0
2024-06-29 11:00:00,463.05084399355366,1123.9418820120038,1127.3306083366995,0.0,0.0,660.8910380184502,0.0
2024-06-29 12:00:00,463.05084399355366,1301.2514024784045,1196.270846487164,0.0,765.5311668215504,72.66939166330053,0.0
2024-06-29 13:00:00,463.05084399355366,1366.36584,1199.808632140658,0.0,899.5858424936102,3.729153512836092,0.0
2024-06-29 14:00:00,463.05084399355366,1301.2514024784045,1199.9901796325994,0.0,838.0091906255088,0.1913678593421082,0.0
2024-06-29 15:00:00,463.05084399355366,1123.9418820120038,1199.999496051133,0.0,660.8812176510496,0.00982036740060721,0.0
2024-06-29 16:00:00,463.05084399355366,880.4707412823068,1199.999974139006,0.0,417.4193933398862,0.0005039488669353887,0.0
2024-06-29 17:00:00,463.05084399355366,625.5678659370957,1199.999998672899,0.0,162.51699608254813,2.5860993901005713e-05,0.0
2024-06-29 18:00:00,347.2881329951652,403.1088794228238,1199.9999999318975,0.0,55.82074510055759,1.3271010175230913e-06,0.0
2024-06-29 19:00:00,347.2881329951652,235.59101696575166,1082.2609016902143,0.0,0.0,0.0,111.69711602941354
2024-06-29 20:00:00,144.7033887479855,124.87730530781998,1061.3623747730576,0.0,0.0,0.0,19.826083440165533
2024-06-29 21:00:00,144.7033887479855,60.033925217371326,972.1129237659567,0.0,0.0,0.0,84.6694635306142
2024-06-29 22:00:00,144.7033887479855,26.175705189263297,847.1737751562052,0.0,0.0,0.0,118.52768355872222
2024-06-29 23:00:00,46.305084399355366,10.35114687469528,809.2749973464312,0.0,0.0,0.0,35.953937524660084
2024-06-30 00:00:00,46.305084399355366,0.35627823219300064,760.8407029284897,0.0,0.0,0.0,45.94880616716237
2024-06-30 01:00:00,46.305084399355366,1.2076300742894075,713.3038121476163,0.0,0.0,0.0,45.09745432506596
2024-06-30 02:00:00,46.305084399355366,3.712504431216591,668.4072907735562,0.0,0.0,0.0,42.59257996813877
2024-06-30 03:00:00,46.305084399355366,10.35114687469528,630.5085129637821,0.0,0.0,0.0,35.953937524660084
2024-06-30 04:00:00,46.305084399355366,26.175705189263297,609.2902842340715,0.0,0.0,0.0,20.12937921009207
2024-06-30 05:00:00,46.305084399355366,60.033925217371326,622.3146062197173,0.0,0.0,13.72884081801596,0.0
2024-06-30 06:00:00,173.6440664975826,124.87730530781998,570.9099263966665,0.0,0.0,0.0,48.76676118976262
2024-06-30 07:00:00,578.813554991942,235.59101696575166,209.1216049078285,0.0,0.0,0.0,343.22253802619036
2024-06-30 08:00:00,578.813554991942,403.1088794228238,60.0,34.235499614573826,0.0,0.0,141.46917595454443
2024-06-30 09:00:00,578.813554991942,625.5678659370957,104.35503390552759,0.0,0.0,46.754310945153634,0.0
2024-06-30 10:00:00,463.05084399355366,880.4707412823068,500.35431873732864,0.0,0.0,417.41989728875313,0.0
2024-06-30 11:00:00,463.05084399355366,1123.9418820120038,1127.3306083366995,0.0,0.0,660.8910380184502,0.0
2024-06-30 12:00:00,463.05084399355366,1301.2514024784045,1196.270846487164,0.0,765.5311668215504,72.66939166330053,0.0
2024-06-30 13:00:00,463.05084399355366,1366.36584,1199.808632140658,0.0,899.5858424936102,3.729153512836092,0.0
2024-06-30 14:00:00,463.05084399355366,1301.2514024784045,1199.9901796325994,0.0,838.0091906255088,0.1913678593421082,0.0
2024-06-30 15:00:00,463.05084399355366,1123.9418820120038,1199.999496051133,0.0,660.8812176510496,0.00982036740060721,0.0
2024-06-30 16:00:00,463.05084399355366,880.4707412823068,1199.999974139006,0.0,417.4193933398862,0.0005039488669353887,0.0
2024-06-30 17:00:00,463.05084399355366,625.5678659370957,1199.999998672899,0.0,162.51699608254813,2.5860993901005713e-05,0.0
2024-06-30 18:00:00,347.2881329951652,403.1088794228238,1199.9999999318975,0.0,55.82074510055759,1.3271010175230913e-06,0.0
2024-06-30 19:00:00,347.2881329951652,235.59101696575166,1082.2609016902143,0.0,0.0,0.0,111.69711602941354
2024-06-30 20:00:00,144.7033887479855,124.87730530781998,1061.3623747730576,0.0,0.0,0.0,19.826083440165533
2024-06-30 21:00:00,144.7033887479855,60.033925217371326,972.1129237659567,0.0,0.0,0.0,84.6694635306142
2024-06-30 22:00:00,144.7033887479855,26.175705189263297,847.1737751562052,0.0,0.0,0.0,118.52768355872222
2024-06-30 23:00:00,46.305084399355366,10.35114687469528,809.2749973464312,0.0,0.0,0.0,35.953937524660084
2024-07-01 00:00:00,46.305084399355366,0.3482505657519523,760.832241025073,0.0,0.0,0.0,45.95683383360341
2024-07-01 01:00:00,46.305084399355366,1.1804197354457977,713.2666680286494,0.0,0.0,0.0,45.12466466390957
2024-07-01 02:00:00,46.305084399355366,3.6288542260068146,668.2819715961881,0.0,0.0,0.0,42.67623017334855
2024-07-01 03:00:00,46.305084399355366,10.117914678945132,630.1373454656631,0.0,0.0,0.0,36.18716972041023
2024-07-01 04:00:00,46.305084399355366,25.58591380957329,608.297422034568,0.0,0.0,0.0,20.719170589782074
2024-07-01 05:00:00,46.305084399355366,58.681239919071,620.0384740701978,0.0,0.0,12.376155519715631,0.0
2024-07-01 06:00:00,173.6440664975826,122.06356800229445,565.6678547061983,0.0,0.0,0.0,51.580498495288154
2024-07-01 07:00:00,578.813554991942,230.2826766580454,198.28405122815002,0.0,0.0,0.0,348.5308783338967
2024-07-01 08:00:00,578.813554991942,394.0260241399946,60.0,53.5997610650399,0.0,0.0,131.18776978690755
2024-07-01 09:00:00,578.813554991942,611.4725614525346,90.98305396008797,0.0,0.0,32.659006460592536,0.0
2024-07-01 10:00:00,463.05084399355366,860.6319614090305,468.1616196724111,0.0,0.0,397.58111741547685,0.0
2024-07-01 11:00:00,463.05084399355366,1098.6172067648536,1071.1128128362573,0.0,0.0,635.5663627713,0.0
2024-07-01 12:00:00,463.05084399355366,1271.9315864718396,1193.3859346312106,0.0,679.9935553145433,128.88718716374274,0.0
2024-07-01 13:00:00,463.05084399355366,1335.5788645161288,1199.6605879787953,0.0,865.9139551537858,6.614065368789397,0.0
2024-07-01 14:00:00,463.05084399355366,1271.9315864718396,1199.9825824944699,0.0,808.5413304570814,0.33941202120468006,0.0
2024-07-01 15:00:00,463.05084399355366,1098.6172067648536,1199.99910619106,0.0,635.5489452657698,0.017417505530147537,0.0
2024-07-01 16:00:00,463.05084399355366,860.6319614090305,1199.999954132673,0.0,397.5802236065369,0.0008938089399634919,0.0
2024-07-01 17:00:00,463.05084399355366,611.4725614525346,1199.99999764624,0.0,148.42167159165405,4.586732688949269e-05,0.0
2024-07-01 18:00:00,347.2881329951652,394.0260241399946,1199.9999998792127,0.0,46.737888791069395,2.3537600100098643e-06,0.0
2024-07-01 19:00:00,347.2881329951652,230.2826766580454,1076.6654196483191,0.0,0.0,0.0,117.0054563371198
2024-07-01 20:00:00,144.7033887479855,122.06356800229445,1052.800953190214,0.0,0.0,0.0,22.63982074569107
2024-07-01 21:00:00,144.7033887479855,58.681239919071,962.1256466830953,0.0,0.0,0.0,86.02214882891451
2024-07-01 22:00:00,144.7033887479855,25.58591380957329,836.5648033719593,0.0,0.0,0.0,119.11747493841222
2024-07-01 23:00:00,46.305084399355366,10.117914678945132,798.4201772414343,0.0,0.0,0.0,36.18716972041023
2024-07-02 00:00:00,47.00795302211302,0.3482505657519523,749.2365323388162,0.0,0.0,0.0,46.65970245636107
2024-07-02 01:00:00,47.00795302211302,1.1804197354457977,700.9300707611327,0.0,0.0,0.0,45.827533286667226
2024-07-02 02:00:00,47.00795302211302,3.6288542260068146,655.2044857474115,0.0,0.0,0.0,43.379098796106206
2024-07-02 03:00:00,47.00795302211302,10.117914678945132,616.3189710356265,0.0,0.0,0.0,36.89003834316789
2024-07-02 04:00:00,47.00795302211302,25.58591380957329,593.7381590232714,0.0,0.0,0.0,21.42203921253973
2024-07-02 05:00:00,47.00795302211302,58.681239919071,604.8124113357673,0.0,0.0,11.673286896957976,0.0
2024-07-02 06:00:00,176.27982383292382,122.06356800229445,547.6634597920429,0.0,0.0,0.0,54.21625583062938
2024-07-02 07:00:00,587.5994127764127,230.2826766580454,171.01854904824523,0.0,0.0,0.0,357.3167361183673
2024-07-02 08:00:00,587.5994127764127,394.0260241399946,60.0,88.25194538054608,0.0,0.0,105.32144325587201
2024-07-02 09:00:00,587.5994127764127,611.4725614525346,82.64805742091357,0.0,0.0,23.8731486761219,0.0
2024-07-02 10:00:00,470.0795302211302,860.6319614090305,453.15862590189715,0.0,0.0,390.5524311879003,0.0
2024-07-02 11:00:00,470.0795302211302,1098.6172067648536,1049.4418218344035,0.0,0.0,628.5376765437234,0.0
2024-07-02 12:00:00,470.0795302211302,1271.9315864718396,1192.2738508450184,0.0,651.293878085113,150.55817816559647,0.0
2024-07-02 13:00:00,470.0795302211302,1335.5788645161288,1199.6035195065965,0.0,857.773185140017,7.726149154981613,0.0
2024-07-02 14:00:00,470.0795302211302,1271.9315864718396,1199.9796539286913,0.0,801.455575757306,0.39648049340348734,0.0
2024-07-02 15:00:00,470.0795302211302,1098.6172067648536,1199.9989559067228,0.0,628.5173304724146,0.020346071308722458,0.0
2024-07-02 16:00:00,470.0795302211302,860.6319614090305,1199.9999464205764,0.0,390.5513870946231,0.0010440932771871303,0.0
2024-07-02 17:00:00,470.0795302211302,611.4725614525346,1199.9999972504806,0.0,141.3929776519808,5.3579423592964304e-05,0.0
2024-07-02 18:00:00,352.55964766584765,394.0260241399946,1199.9999998589037,0.0,41.4663737246276,2.74951935352874e-06,0.0
2024-07-02 19:00:00,352.55964766584765,230.2826766580454,1071.1087552685606,0.0,0.0,0.0,122.27697100780225
2024-07-02 20:00:00,146.89985319410317,122.06356800229445,1044.929011994018,0.0,0.0,0.0,24.836285191808727
2024-07-02 21:00:00,146.89985319410317,58.681239919071,951.9384286704621,0.0,0.0,0.0,88.21861327503217
2024-07-02 22:00:00,146.89985319410317,25.58591380957329,824.0623085428889,0.0,0.0,0.0,121.31393938452987
2024-07-02 23:00:00,47.00795302211302,10.117914678945132,785.176793831104,0.0,0.0,0.0,36.89003834316789
2024-07-03 00:00:00,47.00795302211302,0.3482505657519523,735.9931489284859,0.0,0.0,0.0,46.65970245636107
2024-07-03 01:00:00,47.00795302211302,1.1804197354457977,687.6866873508023,0.0,0.0,0.0,45.827533286667226
2024-07-03 02:00:00,47.00795302211302,3.6288542260068146,641.9611023370811,0.0,0.0,0.0,43.379098796106206
2024-07-03 03:00:00,47.00795302211302,10.117914678945132,603.0755876252962,0.0,0.0,0.0,36.89003834316789
2024-07-03 04:00:00,47.00795302211302,25.58591380957329,580.494775612941,0.0,0.0,0.0,21.42203921253973
2024-07-03 05:00:00,47.00795302211302,58.681239919071,591.5690279254369,0.0,0.0,11.673286896957976,0.0
2024-07-03 06:00:00,176.27982383292382,122.06356800229445,534.4200763817125,0.0,0.0,0.0,54.21625583062938
2024-07-03 07:00:00,587.5994127764127,230.2826766580454,157.77516563791488,0.0,0.0,0.0,357.3167361183673
2024-07-03 08:00:00,587.5994127764127,394.0260241399946,60.0,100.81572203160573,0.0,0.0,92.75766660481236
2024-07-03 09:00:00,587.5994127764127,611.4725614525346,82.64805742091357,0.0,0.0,23.8731486761219,0.0
2024-07-03 10:00:00,470.0795302211302,860.6319614090305,453.15862590189715,0.0,0.0,390.5524311879003,0.0
2024-07-03 11:00:00,470.0795302211302,1098.6172067648536,1049.4418218344035,0.0,0.0,628.5376765437234,0.0
2024-07-03 12:00:00,470.0795302211302,1271.9315864718396,1192.2738508450184,0.0,651.293878085113,150.55817816559647,0.0
2024-07-03 13:00:00,470.0795302211302,1335.5788645161288,1199.6035195065965,0.0,857.773185140017,7.726149154981613,0.0
2024-07-03 14:00:00,470.0795302211302,1271.9315864718396,1199.9796539286913,0.0,801.455575757306,0.39648049340348734,0.0
2024-07-03 15:00:00,470.0795302211302,1098.6172067648536,1199.9989559067228,0.0,628.5173304724146,0.020346071308722458,0.0
2024-07-03 16:00:00,470.0795302211302,860.6319614090305,1199.9999464205764,0.0,390.5513870946231,0.0010440932771871303,0.0
2024-07-03 17:00:00,470.0795302211302,611.4725614525346,1199.9999972504806,0.0,141.3929776519808,5.3579423592964304e-05,0.0
2024-07-03 18:00:00,352.55964766584765,394.0260241399946,1199.9999998589037,0.0,41.4663737246276,2.74951935352874e-06,0.0
2024-07-03 19:00:00,352.55964766584765,230.2826766580454,1071.1087552685606,0.0,0.0,0.0,122.27697100780225
2024-07-03 20:00:00,146.89985319410317,122.06356800229445,1044.929011994018,0.0,0.0,0.0,24.836285191808727
2024-07-03 21:00:00,146.89985319410317,58.681239919071,951.9384286704621,0.0,0.0,0.0,88.21861327503217
2024-07-03 22:00:00,146.89985319410317,25.58591380957329,824.0623085428889,0.0,0.0,0.0,121.31393938452987
2024-07-03 23:00:00,47.00795302211302,10.117914678945132,785.176793831104,0.0,0.0,0.0,36.89003834316789
2024-07-04 00:00:00,47.007953022113014,0.3482505657519523,735.9931489284859,0.0,0.0,0.0,46.65970245636106
2024-07-04 01:00:00,47.007953022113014,1.1804197354457977,687.6866873508023,0.0,0.0,0.0,45.82753328666722
2024-07-04 02:00:00,47.007953022113014,3.6288542260068146,641.9611023370811,0.0,0.0,0.0,43.3790987961062
2024-07-04 03:00:00,47.007953022113014,10.117914678945132,603.0755876252962,0.0,0.0,0.0,36.89003834316788
2024-07-04 04:00:00,47.007953022113014,25.58591380957329,580.494775612941,0.0,0.0,0.0,21.422039212539723
2024-07-04 05:00:00,47.007953022113014,58.681239919071,591.5690279254369,0.0,0.0,11.673286896957983,0.0
2024-07-04 06:00:00,176.27982383292382,122.06356800229445,534.4200763817125,0.0,0.0,0.0,54.21625583062938
2024-07-04 07:00:00,587.5994127764127,230.2826766580454,157.77516563791488,0.0,0.0,0.0,357.3167361183673
2024-07-04 08:00:00,587.5994127764127,394.0260241399946,60.0,100.81572203160573,0.0,0.0,92.75766660481236
2024-07-04 09:00:00,587.5994127764127,611.4725614525346,82.64805742091357,0.0,0.0,23.8731486761219,0.0
2024-07-04 10:00:00,470.0795302211302,860.6319614090305,453.15862590189715,0.0,0.0,390.5524311879003,0.0
2024-07-04 11:00:00,470.0795302211302,1098.6172067648536,1049.4418218344035,0.0,0.0,628.5376765437234,0.0
2024-07-04 12:00:00,470.0795302211302,1271.9315864718396,1192.2738508450184,0.0,651.293878085113,150.55817816559647,0.0
2024-07-04 13:00:00,470.0795302211302,1335.5788645161288,1199.6035195065965,0.0,857.773185140017,7.726149154981613,0.0
2024-07-04 14:00:00,470.0795302211302,1271.9315864718396,1199.9796539286913,0.0,801.455575757306,0.39648049340348734,0.0
2024-07-04 15:00:00,470.0795302211302,1098.6172067648536,1199.9989559067228,0.0,628.5173304724146,0.020346071308722458,0.0
2024-07-04 16:00:00,470.0795302211302,860.6319614090305,1199.9999464205764,0.0,390.5513870946231,0.0010440932771871303,0.0
2024-07-04 17:00:00,470.0795302211302,611.4725614525346,1199.9999972504806,0.0,141.3929776519808,5.3579423592964304e-05,0.0
2024-07-04 18:00:00,352.55964766584765,394.0260241399946,1199.9999998589037,0.0,41.4663737246276,2.74951935352874e-06,0.0
2024-07-04 19:00:00,352.55964766584765,230.2826766580454,1071.1087552685606,0.0,0.0,0.0,122.27697100780225
2024-07-04 20:00:00,146.89985319410317,122.06356800229445,1044.929011994018,0.0,0.0,0.0,24.836285191808727
2024-07-04 21:00:00,146.89985319410317,58.681239919071,951.9384286704621,0.0,0.0,0.0,88.21861327503217
2024-07-04 22:00:00,146.89985319410317,25.58591380957329,824.0623085428889,0.0,0.0,0.0,121.31393938452987
2024-07-04 23:00:00,47.007953022113014,10.117914678945132,785.176793831104,0.0,0.0,0.0,36.89003834316788
2024-07-05 00:00:00,47.007953022113014,0.3482505657519523,735.9931489284859,0.0,0.0,0.0,46.65970245636106
2024-07-05 01:00:00,47.007953022113014,1.1804197354457977,687.6866873508023,0.0,0.0,0.0,45.82753328666722
2024-07-05 02:00:00,47.007953022113014,3.6288542260068146,641.9611023370811,0.0,0.0,0.0,43.3790987961062
2024-07-05 03:00:00,47.007953022113014,10.117914678945132,603.0755876252962,0.0,0.0,0.0,36.89003834316788
2024-07-05 04:00:00,47.007953022113014,25.58591380957329,580.494775612941,0.0,0.0,0.0,21.422039212539723
2024-07-05 05:00:00,47.007953022113014,58.681239919071,591.5690279254369,0.0,0.0,11.673286896957983,0.0
2024-07-05 06:00:00,176.27982383292382,122.06356800229445,534.4200763817125,0.0,0.0,0.0,54.21625583062938
2024-07-05 07:00:00,587.5994127764127,230.2826766580454,157.77516563791488,0.0,0.0,0.0,357.3167361183673
2024-07-05 08:00:00,587.5994127764127,394.0260241399946,60.0,100.81572203160573,0.0,0.0,92.75766660481236
2024-07-05 09:00:00,587.5994127764127,611.4725614525346,82.64805742091357,0.0,0.0,23.8731486761219,0.0
2024-07-05 10:00:00,470.0795302211302,860.6319614090305,453.15862590189715,0.0,0.0,390.5524311879003,0.0
2024-07-05 11:00:00,470.0795302211302,1098.6172067648536,1049.4418218344035,0.0,0.0,628.5376765437234,0.0
2024-07-05 12:00:00,470.0795302211302,1271.9315864718396,1192.2738508450184,0.0,651.293878085113,150.55817816559647,0.0
2024-07-05 13:00:00,470.0795302211302,1335.5788645161288,1199.6035195065965,0.0,857.773185140017,7.726149154981613,0.0
2024-07-05 14:00:00,470.0795302211302,1271.9315864718396,1199.9796539286913,0.0,801.455575757306,0.39648049340348734,0.0
2024-07-05 15:00:00,470.0795302211302,1098.6172067648536,1199.9989559067228,0.0,628.5173304724146,0.020346071308722458,0.0
2024-07-05 16:00:00,470.0795302211302,860.6319614090305,1199.9999464205764,0.0,390.5513870946231,0.0010440932771871303,0.0
2024-07-05 17:00:00,470.0795302211302,611.4725614525346,1199.9999972504806,0.0,141.3929776519808,5.3579423592964304e-05,0.0
2024-07-05 18:00:00,352.55964766584765,394.0260241399946,1199.9999998589037,0.0,41.4663737246276,2.74951935352874e-06,0.0
2024-07-05 19:00:00,352.55964766584765,230.2826766580454,1071.1087552685606,0.0,0.0,0.0,122.27697100780225
2024-07-05 20:00:00,146.89985319410317,122.06356800229445,1044.929011994018,0.0,0.0,0.0,24.836285191808727
2024-07-05 21:00:00,146.89985319410317,58.681239919071,951.9384286704621,0.0,0.0,0.0,88.21861327503217
2024-07-05 22:00:00,146.89985319410317,25.58591380957329,824.0623085428889,0.0,0.0,0.0,121.31393938452987
2024-07-05 23:00:00,47.007953022113014,10.117914678945132,785.176793831104,0.0,0.0,0.0,36.89003834316788
2024-07-06 00:00:00,47.007953022113014,0.3482505657519523,735.9931489284859,0.0,0.0,0.0,46.65970245636106
2024-07-06 01:00:00,47.007953022113014,1.1804197354457977,687.6866873508023,0.0,0.0,0.0,45.82753328666722
2024-07-06 02:00:00,47.007953022113014,3.6288542260068146,641.9611023370811,0.0,0.0,0.0,43.3790987961062
2024-07-06 03:00:00,47.007953022113014,10.117914678945132,603.0755876252962,0.0,0.0,0.0,36.89003834316788
2024-07-06 04:00:00,47.007953022113014,25.58591380957329,580.494775612941,0.0,0.0,0.0,21.422039212539723
2024-07-06 05:00:00,47.007953022113014,58.681239919071,591.5690279254369,0.0,0.0,11.673286896957983,0.0
2024-07-06 06:00:00,176.27982383292382,122.06356800229445,534.4200763817125,0.0,0.0,0.0,54.21625583062938
2024-07-06 07:00:00,587.5994127764127,230.2826766580454,157.77516563791488,0.0,0.0,0.0,357.3167361183673
2024-07-06 08:00:00,587.5994127764127,394.0260241399946,60.0,100.81572203160573,0.0,0.0,92.75766660481236
2024-07-06 09:00:00,587.5994127764127,611.4725614525346,82.64805742091357,0.0,0.0,23.8731486761219,0.0
2024-07-06 10:00:00,470.0795302211302,860.6319614090305,453.15862590189715,0.0,0.0,390.5524311879003,0.0
2024-07-06 11:00:00,470.0795302211302,1098.6172067648536,1049.4418218344035,0.0,0.0,628.5376765437234,0.0
2024-07-06 12:00:00,470.0795302211302,1271.9315864718396,1192.2738508450184,0.0,651.293878085113,150.55817816559647,0.0
2024-07-06 13:00:00,470.0795302211302,1335.5788645161288,1199.6035195065965,0.0,857.773185140017,7.726149154981613,0.0
2024-07-06 14:00:00,470.0795302211302,1271.9315864718396,1199.9796539286913,0.0,801.455575757306,0.39648049340348734,0.0
2024-07-06 15:00:00,470.0795302211302,1098.6172067648536,1199.9989559067228,0.0,628.5173304724146,0.020346071308722458,0.0
2024-07-06 16:00:00,470.0795302211302,860.6319614090305,1199.9999464205764,0.0,390.5513870946231,0.0010440932771871303,0.0
2024-07-06 17:00:00,470.0795302211302,611.4725614525346,1199.9999972504806,0.0,141.3929776519808,5.3579423592964304e-05,0.0
2024-07-06 18:00:00,352.55964766584765,394.0260241399946,1199.9999998589037,0.0,41.4663737246276,2.74951935352874e-06,0.0
2024-07-06 19:00:00,352.55964766584765,230.2826766580454,1071.1087552685606,0.0,0.0,0.0,122.27697100780225
2024-07-06 20:00:00,146.89985319410317,122.06356800229445,1044.929011994018,0.0,0.0,0.0,24.836285191808727
2024-07-06 21:00:00,146.89985319410317,58.681239919071,951.9384286704621,0.0,0.0,0.0,88.21861327503217
2024-07-06 22:00:00,146.89985319410317,25.58591380957329,824.0623085428889,0.0,0.0,0.0,121.31393938452987
2024-07-06 23:00:00,47.007953022113014,10.117914678945132,785.176793831104,0.0,0.0,0.0,36.89003834316788
2024-07-07 00:00:00,47.007953022113014,0.3482505657519523,735.9931489284859,0.0,0.0,0.0,46.65970245636106
2024-07-07 01:00:00,47.007953022113014,1.1804197354457977,687.6866873508023,0.0,0.0,0.0,45.82753328666722
2024-07-07 02:00:00,47.007953022113014,3.6288542260068146,641.9611023370811,0.0,0.0,0.0,43.3790987961062
2024-07-07 03:00:00,47.007953022113014,10.117914678945132,603.0755876252962,0.0,0.0,0.0,36.89003834316788
2024-07-07 04:00:00,47.007953022113014,25.58591380957329,580.494775612941,0.0,0.0,0.0,21.422039212539723
2024-07-07 05:00:00,47.007953022113014,58.681239919071,591.5690279254369,0.0,0.0,11.673286896957983,0.0
2024-07-07 06:00:00,176.27982383292382,122.06356800229445,534.4200763817125,0.0,0.0,0.0,54.21625583062938
2024-07-07 07:00:00,587.5994127764127,230.2826766580454,157.77516563791488,0.0,0.0,0.0,357.3167361183673
2024-07-07 08:00:00,587.5994127764127,394.0260241399946,60.0,100.81572203160573,0.0,0.0,92.75766660481236
2024-07-07 09:00:00,587.5994127764127,611.4725614525346,82.64805742091357,0.0,0.0,23.8731486761219,0.0
2024-07-07 10:00:00,470.0795302211302,860.6319614090305,453.15862590189715,0.0,0.0,390.5524311879003,0.0
2024-07-07 11:00:00,470.0795302211302,1098.6172067648536,1049.4418218344035,0.0,0.0,628.5376765437234,0.0
2024-07-07 12:00:00,470.0795302211302,1271.9315864718396,1192.2738508450184,0.0,651.293878085113,150.55817816559647,0.0
2024-07-07 13:00:00,470.0795302211302,1335.5788645161288,1199.6035195065965,0.0,857.773185140017,7.726149154981613,0.0
2024-07-07 14:00:00,470.0795302211302,1271.9315864718396,1199.9796539286913,0.0,801.455575757306,0.39648049340348734,0.0
2024-07-07 15:00:00,470.0795302211302,1098.6172067648536,1199.9989559067228,0.0,628.5173304724146,0.020346071308722458,0.0
2024-07-07 16:00:00,470.0795302211302,860.6319614090305,1199.9999464205764,0.0,390.5513870946231,0.0010440932771871303,0.0
2024-07-07 17:00:00,470.0795302211302,611.4725614525346,1199.9999972504806,0.0,141.3929776519808,5.3579423592964304e-05,0.0
2024-07-07 18:00:00,352.55964766584765,394.0260241399946,1199.9999998589037,0.0,41.4663737246276,2.74951935352874e-06,0.0
2024-07-07 19:00:00,352.55964766584765,230.2826766580454,1071.1087552685606,0.0,0.0,0.0,122.27697100780225
2024-07-07 20:00:00,146.89985319410317,122.06356800229445,1044.929011994018,0.0,0.0,0.0,24.836285191808727
2024-07-07 21:00:00,146.89985319410317,58.681239919071,951.9384286704621,0.0,0.0,0.0,88.21861327503217
2024-07-07 22:00:00,146.89985319410317,25.58591380957329,824.0623085428889,0.0,0.0,0.0,121.31393938452987
2024-07-07 23:00:00,47.007953022113014,10.117914678945132,785.176793831104,0.0,0.0,0.0,36.89003834316788
2024-07-08 00:00:00,47.007953022113014,0.3482505657519523,735.9931489284859,0.0,0.0,0.0,46.65970245636106
2024-07-08 01:00:00,47.007953022113014,1.1804197354457977,687.6866873508023,0.0,0.0,0.0,45.82753328666722
2024-07-08 02:00:00,47.007953022113014,3.6288542260068146,641.9611023370811,0.0,0.0,0.0,43.3790987961062
2024-07-08 03:00:00,47.007953022113014,10.117914678945132,603.0755876252962,0.0,0.0,0.0,36.89003834316788
2024-07-08 04:00:00,47.007953022113014,25.58591380957329,580.494775612941,0.0,0.0,0.0,21.422039212539723
2024-07-08 05:00:00,47.007953022113014,58.681239919071,591.5690279254369,0.0,0.0,11.673286896957983,0.0
2024-07-08 06:00:00,176.27982383292382,122.06356800229445,534.4200763817125,0.0,0.0,0.0,54.21625583062938
2024-07-08 07:00:00,587.5994127764127,230.2826766580454,157.77516563791488,0.0,0.0,0.0,357.3167361183673
2024-07-08 08:00:00,587.5994127764127,394.0260241399946,60.0,100.81572203160573,0.0,0.0,92.75766660481236
2024-07-08 09:00:00,587.5994127764127,611.4725614525346,82.64805742091357,0.0,0.0,23.8731486761219,0.0
2024-07-08 10:00:00,470.0795302211302,860.6319614090305,453.15862590189715,0.0,0.0,390.5524311879003,0.0
2024-07-08 11:00:00,470.0795302211302,1098.6172067648536,1049.4418218344035,0.0,0.0,628.5376765437234,0.0
2024-07-08 12:00:00,470.0795302211302,1271.9315864718396,1192.2738508450184,0.0,651.293878085113,150.55817816559647,0.0
2024-07-08 13:00:00,470.0795302211302,1335.5788645161288,1199.6035195065965,0.0,857.773185140017,7.726149154981613,0.0
2024-07-08 14:00:00,470.0795302211302,1271.9315864718396,1199.9796539286913,0.0,801.455575757306,0.39648049340348734,0.0
2024-07-08 15:00:00,470.0795302211302,1098.6172067648536,1199.9989559067228,0.0,628.5173304724146,0.020346071308722458,0.0
2024-07-08 16:00:00,470.0795302211302,860.6319614090305,1199.9999464205764,0.0,390.5513870946231,0.0010440932771871303,0.0
2024-07-08 17:00:00,470.0795302211302,611.4725614525346,1199.9999972504806,0.0,141.3929776519808,5.3579423592964304e-05,0.0
2024-07-08 18:00:00,352.55964766584765,394.0260241399946,1199.9999998589037,0.0,41.4663737246276,2.74951935352874e-06,0.0
2024-07-08 19:00:00,352.55964766584765,230.2826766580454,1071.1087552685606,0.0,0.0,0.0,122.27697100780225
2024-07-08 20:00:00,146.89985319410317,122.06356800229445,1044.929011994018,0.0,0.0,0.0,24.836285191808727
2024-07-08 21:00:00,146.89985319410317,58.681239919071,951.9384286704621,0.0,0.0,0.0,88.21861327503217
2024-07-08 22:00:00,146.89985319410317,25.58591380957329,824.0623085428889,0.0,0.0,0.0,121.31393938452987
2024-07-08 23:00:00,47.007953022113014,10.117914678945132,785.176793831104,0.0,0.0,0.0,36.89003834316788
2024-07-09 00:00:00,47.00795302211302,0.3482505657519523,735.9931489284859,0.0,0.0,0.0,46.65970245636107
2024-07-09 01:00:00,47.00795302211302,1.1804197354457977,687.6866873508023,0.0,0.0,0.0,45.827533286667226
2024-07-09 02:00:00,47.00795302211302,3.6288542260068146,641.9611023370811,0.0,0.0,0.0,43.379098796106206
2024-07-09 03:00:00,47.00795302211302,10.117914678945132,603.0755876252962,0.0,0.0,0.0,36.89003834316789
2024-07-09 04:00:00,47.00795302211302,25.58591380957329,580.494775612941,0.0,0.0,0.0,21.42203921253973
2024-07-09 05:00:00,47.00795302211302,58.681239919071,591.5690279254369,0.0,0.0,11.673286896957976,0.0
2024-07-09 06:00:00,176.27982383292382,122.06356800229445,534.4200763817125,0.0,0.0,0.0,54.21625583062938
2024-07-09 07:00:00,587.5994127764127,230.2826766580454,157.77516563791488,0.0,0.0,0.0,357.3167361183673
2024-07-09 08:00:00,587.5994127764127,394.0260241399946,60.0,100.81572203160573,0.0,0.0,92.75766660481236
2024-07-09 09:00:00,587.5994127764127,611.4725614525346,82.64805742091357,0.0,0.0,23.8731486761219,0.0
2024-07-09 10:00:00,470.0795302211302,860.6319614090305,453.15862590189715,0.0,0.0,390.5524311879003,0.0
2024-07-09 11:00:00,470.0795302211302,1098.6172067648536,1049.4418218344035,0.0,0.0,628.5376765437234,0.0
2024-07-09 12:00:00,470.0795302211302,1271.9315864718396,1192.2738508450184,0.0,651.293878085113,150.55817816559647,0.0
2024-07-09 13:00:00,470.0795302211302,1335.5788645161288,1199.6035195065965,0.0,857.773185140017,7.726149154981613,0.0
2024-07-09 14:00:00,470.0795302211302,1271.9315864718396,1199.9796539286913,0.0,801.455575757306,0.39648049340348734,0.0
2024-07-09 15:00:00,470.0795302211302,1098.6172067648536,1199.9989559067228,0.0,628.5173304724146,0.020346071308722458,0.0
2024-07-09 16:00:00,470.0795302211302,860.6319614090305,1199.9999464205764,0.0,390.5513870946231,0.0010440932771871303,0.0
2024-07-09 17:00:00,470.0795302211302,611.4725614525346,1199.9999972504806,0.0,141.3929776519808,5.3579423592964304e-05,0.0
2024-07-09 18:00:00,352.55964766584765,394.0260241399946,1199.9999998589037,0.0,41.4663737246276,2.74951935352874e-06,0.0
2024-07-09 19:00:00,352.55964766584765,230.2826766580454,1071.1087552685606,0.0,0.0,0.0,122.27697100780225
2024-07-09 20:00:00,146.89985319410317,122.06356800229445,1044.929011994018,0.0,0.0,0.0,24.836285191808727
2024-07-09 21:00:00,146.89985319410317,58.681239919071,951.9384286704621,0.0,0.0,0.0,88.21861327503217
2024-07-09 22:00:00,146.89985319410317,25.58591380957329,824.0623085428889,0.0,0.0,0.0,121.31393938452987
2024-07-09 23:00:00,47.00795302211302,10.117914678945132,785.176793831104,0.0,0.0,0.0,36.89003834316789
2024-07-10 00:00:00,47.00795302211302,0.3482505657519523,735.9931489284859,0.0,0.0,0.0,46.65970245636107
2024-07-10 01:00:00,47.00795302211302,1.1804197354457977,687.6866873508023,0.0,0.0,0.0,45.827533286667226
2024-07-10 02:00:00,47.00795302211302,3.6288542260068146,641.9611023370811,0.0,0.0,0.0,43.379098796106206
2024-07-10 03:00:00,47.00795302211302,10.117914678945132,603.0755876252962,0.0,0.0,0.0,36.89003834316789
2024-07-10 04:00:00,47.00795302211302,25.58591380957329,580.494775612941,0.0,0.0,0.0,21.42203921253973
2024-07-10 05:00:00,47.00795302211302,58.681239919071,591.5690279254369,0.0,0.0,11.673286896957976,0.0
2024-07-10 06:00:00,176.27982383292382,122.06356800229445,534.4200763817125,0.0,0.0,0.0,54.21625583062938
2024-07-10 07:00:00,587.5994127764127,230.2826766580454,157.77516563791488,0.0,0.0,0.0,357.3167361183673
2024-07-10 08:00:00,587.5994127764127,394.0260241399946,60.0,100.81572203160573,0.0,0.0,92.75766660481236
2024-07-10 09:00:00,587.5994127764127,611.4725614525346,82.64805742091357,0.0,0.0,23.8731486761219,0.0
2024-07-10 10:00:00,470.0795302211302,860.6319614090305,453.15862590189715,0.0,0.0,390.5524311879003,0.0
2024-07-10 11:00:00,470.0795302211302,1098.6172067648536,1049.4418218344035,0.0,0.0,628.5376765437234,0.0
2024-07-10 12:00:00,470.0795302211302,1271.9315864718396,1192.2738508450184,0.0,651.293878085113,150.55817816559647,0.0
2024-07-10 13:00:00,470.0795302211302,1335.5788645161288,1199.6035195065965,0.0,857.773185140017,7.726149154981613,0.0
2024-07-10 14:00:00,470.0795302211302,1271.9315864718396,1199.9796539286913,0.0,801.455575757306,0.39648049340348734,0.0
2024-07-10 15:00:00,470.0795302211302,1098.6172067648536,1199.9989559067228,0.0,628.5173304724146,0.020346071308722458,0.0
2024-07-10 16:00:00,470.0795302211302,860.6319614090305,1199.9999464205764,0.0,390.5513870946231,0.0010440932771871303,0.0
2024-07-10 17:00:00,470.0795302211302,611.4725614525346,1199.9999972504806,0.0,141.3929776519808,5.3579423592964304e-05,0.0
2024-07-10 18:00:00,352.55964766584765,394.0260241399946,1199.9999998589037,0.0,41.4663737246276,2.74951935352874e-06,0.0
2024-07-10 19:00:00,352.55964766584765,230.2826766580454,1071.1087552685606,0.0,0.0,0.0,122.27697100780225
2024-07-10 20:00:00,146.89985319410317,122.06356800229445,1044.929011994018,0.0,0.0,0.0,24.836285191808727
2024-07-10 21:00:00,146.89985319410317,58.681239919071,951.9384286704621,0.0,0.0,0.0,88.21861327503217
2024-07-10 22:00:00,146.89985319410317,25.58591380957329,824.0623085428889,0.0,0.0,0.0,121.31393938452987
2024-07-10 23:00:00,47.00795302211302,10.117914678945132,785.176793831104,0.0,0.0,0.0,36.89003834316789
2024-07-11 00:00:00,47.007953022113014,0.3482505657519523,735.9931489284859,0.0,0.0,0.0,46.65970245636106
2024-07-11 01:00:00,47.007953022113014,1.1804197354457977,687.6866873508023,0.0,0.0,0.0,45.82753328666722
2024-07-11 02:00:00,47.007953022113014,3.6288542260068146,641.9611023370811,0.0,0.0,0.0,43.3790987961062
2024-07-11 03:00:00,47.007953022113014,10.117914678945132,603.0755876252962,0.0,0.0,0.0,36.89003834316788
2024-07-11 04:00:00,47.007953022113014,25.58591380957329,580.494775612941,0.0,0.0,0.0,21.422039212539723
2024-07-11 05:00:00,47.007953022113014,58.681239919071,591.5690279254369,0.0,0.0,11.673286896957983,0.0
2024-07-11 06:00:00,176.27982383292382,122.06356800229445,534.4200763817125,0.0,0.0,0.0,54.21625583062938
2024-07-11 07:00:00,587.5994127764127,230.2826766580454,157.77516563791488,0.0,0.0,0.0,357.3167361183673
2024-07-11 08:00:00,587.5994127764127,394.0260241399946,60.0,100.81572203160573,0.0,0.0,92.75766660481236
2024-07-11 09:00:00,587.5994127764127,611.4725614525346,82.64805742091357,0.0,0.0,23.8731486761219,0.0
2024-07-11 10:00:00,470.0795302211302,860.6319614090305,453.15862590189715,0.0,0.0,390.5524311879003,0.0
2024-07-11 11:00:00,470.0795302211302,1098.6172067648536,1049.4418218344035,0.0,0.0,628.5376765437234,0.0
2024-07-11 12:00:00,470.0795302211302,1271.9315864718396,1192.2738508450184,0.0,651.293878085113,150.55817816559647,0.0
2024-07-11 13:00:00,470.0795302211302,1335.5788645161288,1199.6035195065965,0.0,857.773185140017,7.726149154981613,0.0
2024-07-11 14:00:00,470.0795302211302,1271.9315864718396,1199.9796539286913,0.0,801.455575757306,0.39648049340348734,0.0
2024-07-11 15:00:00,470.0795302211302,1098.6172067648536,1199.9989559067228,0.0,628.5173304724146,0.020346071308722458,0.0
2024-07-11 16:00:00,470.0795302211302,860.6319614090305,1199.9999464205764,0.0,390.5513870946231,0.0010440932771871303,0.0
2024-07-11 17:00:00,470.0795302211302,611.4725614525346,1199.9999972504806,0.0,141.3929776519808,5.3579423592964304e-05,0.0
2024-07-11 18:00:00,352.55964766584765,394.0260241399946,1199.9999998589037,0.0,41.4663737246276,2.74951935352874e-06,0.0
2024-07-11 19:00:00,352.55964766584765,230.2826766580454,1071.1087552685606,0.0,0.0,0.0,122.27697100780225
2024-07-11 20:00:00,146.89985319410317,122.06356800229445,1044.929011994018,0.0,0.0,0.0,24.836285191808727
2024-07-11 21:00:00,146.89985319410317,58.681239919071,951.9384286704621,0.0,0.0,0.0,88.21861327503217
2024-07-11 22:00:00,146.89985319410317,25.58591380957329,824.0623085428889,0.0,0.0,0.0,121.31393938452987
2024-07-11 23:00:00,47.007953022113014,10.117914678945132,785.176793831104,0.0,0.0,0.0,36.89003834316788
2024-07-12 00:00:00,47.007953022113014,0.3482505657519523,735.9931489284859,0.0,0.0,0.0,46.65970245636106
2024-07-12 01:00:00,47.007953022113014,1.1804197354457977,687.6866873508023,0.0,0.0,0.0,45.82753328666722
2024-07-12 02:00:00,47.007953022113014,3.6288542260068146,641.9611023370811,0.0,0.0,0.0,43.3790987961062
2024-07-12 03:00:00,47.007953022113014,10.117914678945132,603.0755876252962,0.0,0.0,0.0,36.89003834316788
2024-07-12 04:00:00,47.007953022113014,25.58591380957329,580.494775612941,0.0,0.0,0.0,21.422039212539723
2024-07-12 05:00:00,47.007953022113014,58.681239919071,591.5690279254369,0.0,0.0,11.673286896957983,0.0
2024-07-12 06:00:00,176.27982383292382,122.06356800229445,534.4200763817125,0.0,0.0,0.0,54.21625583062938
2024-07-12 07:00:00,587.5994127764127,230.2826766580454,157.77516563791488,0.0,0.0,0.0,357.3167361183673
2024-07-12 08:00:00,587.5994127764127,394.0260241399946,60.0,100.81572203160573,0.0,0.0,92.75766660481236
2024-07-12 09:00:00,587.5994127764127,611.4725614525346,82.64805742091357,0.0,0.0,23.8731486761219,0.0
2024-07-12 10:00:00,470.0795302211302,860.6319614090305,453.15862590189715,0.0,0.0,390.5524311879003,0.0
2024-07-12 11:00:00,470.0795302211302,1098.6172067648536,1049.4418218344035,0.0,0.0,628.5376765437234,0.0
2024-07-12 12:00:00,470.0795302211302,1271.9315864718396,1192.2738508450184,0.0,651.293878085113,150.55817816559647,0.0
2024-07-12 13:00:00,470.0795302211302,1335.5788645161288,1199.6035195065965,0.0,857.773185140017,7.726149154981613,0.0
2024-07-12 14:00:00,470.0795302211302,1271.9315864718396,1199.9796539286913,0.0,801.455575757306,0.39648049340348734,0.0
2024-07-12 15:00:00,470.0795302211302,1098.6172067648536,1199.9989559067228,0.0,628.5173304724146,0.020346071308722458,0.0
2024-07-12 16:00:00,470.0795302211302,860.6319614090305,1199.9999464205764,0.0,390.5513870946231,0.0010440932771871303,0.0
2024-07-12 17:00:00,470.0795302211302,611.4725614525346,1199.9999972504806,0.0,141.3929776519808,5.3579423592964304e-05,0.0
2024-07-12 18:00:00,352.55964766584765,394.0260241399946,1199.9999998589037,0.0,41.4663737246276,2.74951935352874e-06,0.0
2024-07-12 19:00:00,352.55964766584765,230.2826766580454,1071.1087552685606,0.0,0.0,0.0,122.27697100780225
2024-07-12 20:00:00,146.89985319410317,122.06356800229445,1044.929011994018,0.0,0.0,0.0,24.836285191808727
2024-07-12 21:00:00,146.89985319410317,58.681239919071,951.9384286704621,0.0,0.0,0.0,88.21861327503217
2024-07-12 22:00:00,146.89985319410317,25.58591380957329,824.0623085428889,0.0,0.0,0.0,121.31393938452987
2024-07-12 23:00:00,47.007953022113014,10.117914678945132,785.176793831104,0.0,0.0,0.0,36.89003834316788
2024-07-13 00:00:00,47.007953022113014,0.3482505657519523,735.9931489284859,0.0,0.0,0.0,46.65970245636106
2024-07-13 01:00:00,47.007953022113014,1.1804197354457977,687.6866873508023,0.0,0.0,0.0,45.82753328666722
2024-07-13 02:00:00,47.007953022113014,3.6288542260068146,641.9611023370811,0.0,0.0,0.0,43.3790987961062
2024-07-13 03:00:00,47.007953022113014,10.117914678945132,603.0755876252962,0.0,0.0,0.0,36.89003834316788
2024-07-13 04:00:00,47.007953022113014,25.58591380957329,580.494775612941,0.0,0.0,0.0,21.422039212539723
2024-07-13 05:00:00,47.007953022113014,58.681239919071,591.5690279254369,0.0,0.0,11.673286896957983,0.0
2024-07-13 06:00:00,176.27982383292382,122.06356800229445,534.4200763817125,0.0,0.0,0.0,54.21625583062938
2024-07-13 07:00:00,587.5994127764127,230.2826766580454,157.77516563791488,0.0,0.0,0.0,357.3167361183673
2024-07-13 08:00:00,587.5994127764127,394.0260241399946,60.0,100.81572203160573,0.0,0.0,92.75766660481236
2024-07-13 09:00:00,587.5994127764127,611.4725614525346,82.64805742091357,0.0,0.0,23.8731486761219,0.0
2024-07-13 10:00:00,470.0795302211302,860.6319614090305,453.15862590189715,0.0,0.0,390.5524311879003,0.0
2024-07-13 11:00:00,470.0795302211302,1098.6172067648536,1049.4418218344035,0.0,0.0,628.5376765437234,0.0
2024-07-13 12:00:00,470.0795302211302,1271.9315864718396,1192.2738508450184,0.0,651.293878085113,150.55817816559647,0.0
2024-07-13 13:00:00,470.0795302211302,1335.5788645161288,1199.6035195065965,0.0,857.773185140017,7.726149154981613,0.0
2024-07-13 14:00:00,470.0795302211302,1271.9315864718396,1199.9796539286913,0.0,801.455575757306,0.39648049340348734,0.0
2024-07-13 15:00:00,470.0795302211302,1098.6172067648536,1199.9989559067228,0.0,628.5173304724146,0.020346071308722458,0.0
2024-07-13 16:00:00,470.0795302211302,860.6319614090305,1199.9999464205764,0.0,390.5513870946231,0.0010440932771871303,0.0
2024-07-13 17:00:00,470.0795302211302,611.4725614525346,1199.9999972504806,0.0,141.3929776519808,5.3579423592964304e-05,0.0
2024-07-13 18:00:00,352.55964766584765,394.0260241399946,1199.9999998589037,0.0,41.4663737246276,2.74951935352874e-06,0.0
2024-07-13 19:00:00,352.55964766584765,230.2826766580454,1071.1087552685606,0.0,0.0,0.0,122.27697100780225
2024-07-13 20:00:00,146.89985319410317,122.06356800229445,1044.929011994018,0.0,0.0,0.0,24.836285191808727
2024-07-13 21:00:00,146.89985319410317,58.681239919071,951.9384286704621,0.0,0.0,0.0,88.21861327503217
2024-07-13 22:00:00,146.89985319410317,25.58591380957329,824.0623085428889,0.0,0.0,0.0,121.31393938452987
2024-07-13 23:00:00,47.007953022113014,10.117914678945132,785.176793831104,0.0,0.0,0.0,36.89003834316788
2024-07-14 00:00:00,47.007953022113014,0.3482505657519523,735.9931489284859,0.0,0.0,0.0,46.65970245636106
2024-07-14 01:00:00,47.007953022113014,1.1804197354457977,687.6866873508023,0.0,0.0,0.0,45.82753328666722
2024-07-14 02:00:00,47.007953022113014,3.6288542260068146,641.9611023370811,0.0,0.0,0.0,43.3790987961062
2024-07-14 03:00:00,47.007953022113014,10.117914678945132,603.0755876252962,0.0,0.0,0.0,36.89003834316788
2024-07-14 04:00:00,47.007953022113014,25.58591380957329,580.494775612941,0.0,0.0,0.0,21.422039212539723
2024-07-14 05:00:00,47.007953022113014,58.681239919071,591.5690279254369,0.0,0.0,11.673286896957983,0.0
2024-07-14 06:00:00,176.27982383292382,122.06356800229445,534.4200763817125,0.0,0.0,0.0,54.21625583062938
2024-07-14 07:00:00,587.5994127764127,230.2826766580454,157.77516563791488,0.0,0.0,0.0,357.3167361183673
2024-07-14 08:00:00,587.5994127764127,394.0260241399946,60.0,100.81572203160573,0.0,0.0,92.75766660481236
2024-07-14 09:00:00,587.5994127764127,611.4725614525346,82.64805742091357,0.0,0.0,23.8731486761219,0.0
2024-07-14 10:00:00,470.0795302211302,860.6319614090305,453.15862590189715,0.0,0.0,390.5524311879003,0.0
2024-07-14 11:00:00,470.0795302211302,1098.6172067648536,1049.4418218344035,0.0,0.0,628.5376765437234,0.0
2024-07-14 12:00:00,470.0795302211302,1271.9315864718396,1192.2738508450184,0.0,651.293878085113,150.55817816559647,0.0
2024-07-14 13:00:00,470.0795302211302,1335.5788645161288,1199.6035195065965,0.0,857.773185140017,7.726149154981613,0.0
2024-07-14 14:00:00,470.0795302211302,1271.9315864718396,1199.9796539286913,0.0,801.455575757306,0.39648049340348734,0.0
2024-07-14 15:00:00,470.0795302211302,1098.6172067648536,1199.9989559067228,0.0,628.5173304724146,0.020346071308722458,0.0
2024-07-14 16:00:00,470.0795302211302,860.6319614090305,1199.9999464205764,0.0,390.5513870946231,0.0010440932771871303,0.0
2024-07-14 17:00:00,470.0795302211302,611.4725614525346,1199.9999972504806,0.0,141.3929776519808,5.3579423592964304e-05,0.0
2024-07-14 18:00:00,352.55964766584765,394.0260241399946,1199.9999998589037,0.0,41.4663737246276,2.74951935352874e-06,0.0
2024-07-14 19:00:00,352.55964766584765,230.2826766580454,1071.1087552685606,0.0,0.0,0.0,122.27697100780225
2024-07-14 20:00:00,146.89985319410317,122.06356800229445,1044.929011994018,0.0,0.0,0.0,24.836285191808727
2024-07-14 21:00:00,146.89985319410317,58.681239919071,951.9384286704621,0.0,0.0,0.0,88.21861327503217
2024-07-14 22:00:00,146.89985319410317,25.58591380957329,824.0623085428889,0.0,0.0,0.0,121.31393938452987
2024-07-14 23:00:00,47.007953022113014,10.117914678945132,785.176793831104,0.0,0.0,0.0,36.89003834316788
2024-07-15 00:00:00,47.007953022113014,0.3482505657519523,735.9931489284859,0.0,0.0,0.0,46.65970245636106
2024-07-15 01:00:00,47.007953022113014,1.1804197354457977,687.6866873508023,0.0,0.0,0.0,45.82753328666722
2024-07-15 02:00:00,47.007953022113014,3.6288542260068146,641.9611023370811,0.0,0.0,0.0,43.3790987961062
2024-07-15 03:00:00,47.007953022113014,10.117914678945132,603.0755876252962,0.0,0.0,0.0,36.89003834316788
2024-07-15 04:00:00,47.007953022113014,25.58591380957329,580.494775612941,0.0,0.0,0.0,21.422039212539723
2024-07-15 05:00:00,47.007953022113014,58.681239919071,591.5690279254369,0.0,0.0,11.673286896957983,0.0
2024-07-15 06:00:00,176.27982383292382,122.06356800229445,534.4200763817125,0.0,0.0,0.0,54.21625583062938
2024-07-15 07:00:00,587.5994127764127,230.2826766580454,157.77516563791488,0.0,0.0,0.0,357.3167361183673
2024-07-15 08:00:00,587.5994127764127,394.0260241399946,60.0,100.81572203160573,0.0,0.0,92.75766660481236
2024-07-15 09:00:00,587.5994127764127,611.4725614525346,82.64805742091357,0.0,0.0,23.8731486761219,0.0
2024-07-15 10:00:00,470.0795302211302,860.6319614090305,453.15862590189715,0.0,0.0,390.5524311879003,0.0
2024-07-15 11:00:00,470.0795302211302,1098.6172067648536,1049.4418218344035,0.0,0.0,628.5376765437234,0.0
2024-07-15 12:00:00,470.0795302211302,1271.9315864718396,1192.2738508450184,0.0,651.293878085113,150.55817816559647,0.0
2024-07-15 13:00:00,470.0795302211302,1335.5788645161288,1199.6035195065965,0.0,857.773185140017,7.726149154981613,0.0
2024-07-15 14:00:00,470.0795302211302,1271.9315864718396,1199.9796539286913,0.0,801.455575757306,0.39648049340348734,0.0
2024-07-15 15:00:00,470.0795302211302,1098.6172067648536,1199.9989559067228,0.0,628.5173304724146,0.020346071308722458,0.0
2024-07-15 16:00:00,470.0795302211302,860.6319614090305,1199.9999464205764,0.0,390.5513870946231,0.0010440932771871303,0.0
2024-07-15 17:00:00,470.0795302211302,611.4725614525346,1199.9999972504806,0.0,141.3929776519808,5.3579423592964304e-05,0.0
2024-07-15 18:00:00,352.55964766584765,394.0260241399946,1199.9999998589037,0.0,41.4663737246276,2.74951935352874e-06,0.0
2024-07-15 19:00:00,352.55964766584765,230.2826766580454,1071.1087552685606,0.0,0.0,0.0,122.27697100780225
2024-07-15 20:00:00,146.89985319410317,122.06356800229445,1044.929011994018,0.0,0.0,0.0,24.836285191808727
2024-07-15 21:00:00,146.89985319410317,58.681239919071,951.9384286704621,0.0,0.0,0.0,88.21861327503217
2024-07-15 22:00:00,146.89985319410317,25.58591380957329,824.0623085428889,0.0,0.0,0.0,121.31393938452987
2024-07-15 23:00:00,47.007953022113014,10.117914678945132,785.176793831104,0.0,0.0,0.0,36.89003834316788
2024-07-16 00:00:00,47.00795302211302,0.3482505657519523,735.9931489284859,0.0,0.0,0.0,46.65970245636107
2024-07-16 01:00:00,47.00795302211302,1.1804197354457977,687.6866873508023,0.0,0.0,0.0,45.827533286667226
2024-07-16 02:00:00,47.00795302211302,3.6288542260068146,641.9611023370811,0.0,0.0,0.0,43.379098796106206
2024-07-16 03:00:00,47.00795302211302,10.117914678945132,603.0755876252962,0.0,0.0,0.0,36.89003834316789
2024-07-16 04:00:00,47.00795302211302,25.58591380957329,580.494775612941,0.0,0.0,0.0,21.42203921253973
2024-07-16 05:00:00,47.00795302211302,58.681239919071,591.5690279254369,0.0,0.0,11.673286896957976,0.0
2024-07-16 06:00:00,176.27982383292382,122.06356800229445,534.4200763817125,0.0,0.0,0.0,54.21625583062938
2024-07-16 07:00:00,587.5994127764127,230.2826766580454,157.77516563791488,0.0,0.0,0.0,357.3167361183673
2024-07-16 08:00:00,587.5994127764127,394.0260241399946,60.0,100.81572203160573,0.0,0.0,92.75766660481236
2024-07-16 09:00:00,587.5994127764127,611.4725614525346,82.64805742091357,0.0,0.0,23.8731486761219,0.0
2024-07-16 10:00:00,470.0795302211302,860.6319614090305,453.15862590189715,0.0,0.0,390.5524311879003,0.0
2024-07-16 11:00:00,470.0795302211302,1098.6172067648536,1049.4418218344035,0.0,0.0,628.5376765437234,0.0
2024-07-16 12:00:00,470.0795302211302,1271.9315864718396,1192.2738508450184,0.0,651.293878085113,150.55817816559647,0.0
2024-07-16 13:00:00,470.0795302211302,1335.5788645161288,1199.6035195065965,0.0,857.773185140017,7.726149154981613,0.0
2024-07-16 14:00:00,470.0795302211302,1271.9315864718396,1199.9796539286913,0.0,801.455575757306,0.39648049340348734,0.0
2024-07-16 15:00:00,470.0795302211302,1098.6172067648536,1199.9989559067228,0.0,628.5173304724146,0.020346071308722458,0.0
2024-07-16 16:00:00,470.0795302211302,860.6319614090305,1199.9999464205764,0.0,390.5513870946231,0.0010440932771871303,0.0
2024-07-16 17:00:00,470.0795302211302,611.4725614525346,1199.9999972504806,0.0,141.3929776519808,5.3579423592964304e-05,0.0
2024-07-16 18:00:00,352.55964766584765,394.0260241399946,1199.9999998589037,0.0,41.4663737246276,2.74951935352874e-06,0.0
2024-07-16 19:00:00,352.55964766584765,230.2826766580454,1071.1087552685606,0.0,0.0,0.0,122.27697100780225
2024-07-16 20:00:00,146.89985319410317,122.06356800229445,1044.929011994018,0.0,0.0,0.0,24.836285191808727
2024-07-16 21:00:00,146.89985319410317,58.681239919071,951.9384286704621,0.0,0.0,0.0,88.21861327503217
2024-07-16 22:00:00,146.89985319410317,25.58591380957329,824.0623085428889,0.0,0.0,0.0,121.31393938452987
2024-07-16 23:00:00,47.00795302211302,10.117914678945132,785.176793831104,0.0,0.0,0.0,36.89003834316789
2024-07-17 00:00:00,47.00795302211302,0.3482505657519523,735.9931489284859,0.0,0.0,0.0,46.65970245636107
2024-07-17 01:00:00,47.00795302211302,1.1804197354457977,687.6866873508023,0.0,0.0,0.0,45.827533286667226
2024-07-17 02:00:00,47.00795302211302,3.6288542260068146,641.9611023370811,0.0,0.0,0.0,43.379098796106206
2024-07-17 03:00:00,47.00795302211302,10.117914678945132,603.0755876252962,0.0,0.0,0.0,36.89003834316789
2024-07-17 04:00:00,47.00795302211302,25.58591380957329,580.494775612941,0.0,0.0,0.0,21.42203921253973
2024-07-17 05:00:00,47.00795302211302,58.681239919071,591.5690279254369,0.0,0.0,11.673286896957976,0.0
2024-07-17 06:00:00,176.27982383292382,122.06356800229445,534.4200763817125,0.0,0.0,0.0,54.21625583062938
2024-07-17 07:00:00,587.5994127764127,230.2826766580454,157.77516563791488,0.0,0.0,0.0,357.3167361183673
2024-07-17 08:00:00,587.5994127764127,394.0260241399946,60.0,100.81572203160573,0.0,0.0,92.75766660481236
2024-07-17 09:00:00,587.5994127764127,611.4725614525346,82.64805742091357,0.0,0.0,23.8731486761219,0.0
2024-07-17 10:00:00,470.0795302211302,860.6319614090305,453.15862590189715,0.0,0.0,390.5524311879003,0.0
2024-07-17 11:00:00,470.0795302211302,1098.6172067648536,1049.4418218344035,0.0,0.0,628.5376765437234,0.0
2024-07-17 12:00:00,470.0795302211302,1271.9315864718396,1192.2738508450184,0.0,651.293878085113,150.55817816559647,0.0
2024-07-17 13:00:00,470.0795302211302,1335.5788645161288,1199.6035195065965,0.0,857.773185140017,7.726149154981613,0.0
2024-07-17 14:00:00,470.0795302211302,1271.9315864718396,1199.9796539286913,0.0,801.455575757306,0.39648049340348734,0.0
2024-07-17 15:00:00,470.0795302211302,1098.6172067648536,1199.9989559067228,0.0,628.5173304724146,0.020346071308722458,0.0
2024-07-17 16:00:00,470.0795302211302,860.6319614090305,1199.9999464205764,0.0,390.5513870946231,0.0010440932771871303,0.0
2024-07-17 17:00:00,470.0795302211302,611.4725614525346,1199.9999972504806,0.0,141.3929776519808,5.3579423592964304e-05,0.0
2024-07-17 18:00:00,352.55964766584765,394.0260241399946,1199.9999998589037,0.0,41.4663737246276,2.74951935352874e-06,0.0
2024-07-17 19:00:00,352.55964766584765,230.2826766580454,1071.1087552685606,0.0,0.0,0.0,122.27697100780225
2024-07-17 20:00:00,146.89985319410317,122.06356800229445,1044.929011994018,0.0,0.0,0.0,24.836285191808727
2024-07-17 21:00:00,146.89985319410317,58.681239919071,951.9384286704621,0.0,0.0,0.0,88.21861327503217
2024-07-17 22:00:00,146.89985319410317,25.58591380957329,824.0623085428889,0.0,0.0,0.0,121.31393938452987
2024-07-17 23:00:00,47.00795302211302,10.117914678945132,785.176793831104,0.0,0.0,0.0,36.89003834316789
2024-07-18 00:00:00,47.007953022113014,0.3482505657519523,735.9931489284859,0.0,0.0,0.0,46.65970245636106
2024-07-18 01:00:00,47.007953022113014,1.1804197354457977,687.6866873508023,0.0,0.0,0.0,45.82753328666722
2024-07-18 02:00:00,47.007953022113014,3.6288542260068146,641.9611023370811,0.0,0.0,0.0,43.3790987961062
2024-07-18 03:00:00,47.007953022113014,10.117914678945132,603.0755876252962,0.0,0.0,0.0,36.89003834316788
2024-07-18 04:00:00,47.007953022113014,25.58591380957329,580.494775612941,0.0,0.0,0.0,21.422039212539723
2024-07-18 05:00:00,47.007953022113014,58.681239919071,591.5690279254369,0.0,0.0,11.673286896957983,0.0
2024-07-18 06:00:00,176.27982383292382,122.06356800229445,534.4200763817125,0.0,0.0,0.0,54.21625583062938
2024-07-18 07:00:00,587.5994127764127,230.2826766580454,157.77516563791488,0.0,0.0,0.0,357.3167361183673
2024-07-18 08:00:00,587.5994127764127,394.0260241399946,60.0,100.81572203160573,0.0,0.0,92.75766660481236
2024-07-18 09:00:00,587.5994127764127,611.4725614525346,82.64805742091357,0.0,0.0,23.8731486761219,0.0
2024-07-18 10:00:00,470.0795302211302,860.6319614090305,453.15862590189715,0.0,0.0,390.5524311879003,0.0
2024-07-18 11:00:00,470.0795302211302,1098.6172067648536,1049.4418218344035,0.0,0.0,628.5376765437234,0.0
2024-07-18 12:00:00,470.0795302211302,1271.9315864718396,1192.2738508450184,0.0,651.293878085113,150.55817816559647,0.0
2024-07-18 13:00:00,470.0795302211302,1335.5788645161288,1199.6035195065965,0.0,857.773185140017,7.726149154981613,0.0
2024-07-18 14:00:00,470.0795302211302,1271.9315864718396,1199.9796539286913,0.0,801.455575757306,0.39648049340348734,0.0
2024-07-18 15:00:00,470.0795302211302,1098.6172067648536,1199.9989559067228,0.0,628.5173304724146,0.020346071308722458,0.0
2024-07-18 16:00:00,470.0795302211302,860.6319614090305,1199.9999464205764,0.0,390.5513870946231,0.0010440932771871303,0.0
2024-07-18 17:00:00,470.0795302211302,611.4725614525346,1199.9999972504806,0.0,141.3929776519808,5.3579423592964304e-05,0.0
2024-07-18 18:00:00,352.55964766584765,394.0260241399946,1199.9999998589037,0.0,41.4663737246276,2.74951935352874e-06,0.0
2024-07-18 19:00:00,352.55964766584765,230.2826766580454,1071.1087552685606,0.0,0.0,0.0,122.27697100780225
2024-07-18 20:00:00,146.89985319410317,122.06356800229445,1044.929011994018,0.0,0.0,0.0,24.836285191808727
2024-07-18 21:00:00,146.89985319410317,58.681239919071,951.9384286704621,0.0,0.0,0.0,88.21861327503217
2024-07-18 22:00:00,146.89985319410317,25.58591380957329,824.0623085428889,0.0,0.0,0.0,121.31393938452987
2024-07-18 23:00:00,47.007953022113014,10.117914678945132,785.176793831104,0.0,0.0,0.0,36.89003834316788
2024-07-19 00:00:00,47.007953022113014,0.3482505657519523,735.9931489284859,0.0,0.0,0.0,46.65970245636106
2024-07-19 01:00:00,47.007953022113014,1.1804197354457977,687.6866873508023,0.0,0.0,0.0,45.82753328666722
2024-07-19 02:00:00,47.007953022113014,3.6288542260068146,641.9611023370811,0.0,0.0,0.0,43.3790987961062
2024-07-19 03:00:00,47.007953022113014,10.117914678945132,603.0755876252962,0.0,0.0,0.0,36.89003834316788
2024-07-19 04:00:00,47.007953022113014,25.58591380957329,580.494775612941,0.0,0.0,0.0,21.422039212539723
2024-07-19 05:00:00,47.007953022113014,58.681239919071,591.5690279254369,0.0,0.0,11.673286896957983,0.0
2024-07-19 06:00:00,176.27982383292382,122.06356800229445,534.4200763817125,0.0,0.0,0.0,54.21625583062938
2024-07-19 07:00:00,587.5994127764127,230.2826766580454,157.77516563791488,0.0,0.0,0.0,357.3167361183673
2024-07-19 08:00:00,587.5994127764127,394.0260241399946,60.0,100.81572203160573,0.0,0.0,92.75766660481236
2024-07-19 09:00:00,587.5994127764127,611.4725614525346,82.64805742091357,0.0,0.0,23.8731486761219,0.0
2024-07-19 10:00:00,470.0795302211302,860.6319614090305,453.15862590189715,0.0,0.0,390.5524311879003,0.0
2024-07-19 11:00:00,470.0795302211302,1098.6172067648536,1049.4418218344035,0.0,0.0,628.5376765437234,0.0
2024-07-19 12:00:00,470.0795302211302,1271.9315864718396,1192.2738508450184,0.0,651.293878085113,150.55817816559647,0.0
2024-07-19 13:00:00,470.0795302211302,1335.5788645161288,1199.6035195065965,0.0,857.773185140017,7.726149154981613,0.0
2024-07-19 14:00:00,470.0795302211302,1271.9315864718396,1199.9796539286913,0.0,801.455575757306,0.39648049340348734,0.0
2024-07-19 15:00:00,470.0795302211302,1098.6172067648536,1199.9989559067228,0.0,628.5173304724146,0.020346071308722458,0.0
2024-07-19 16:00:00,470.0795302211302,860.6319614090305,1199.9999464205764,0.0,390.5513870946231,0.0010440932771871303,0.0
2024-07-19 17:00:00,470.0795302211302,611.4725614525346,1199.9999972504806,0.0,141.3929776519808,5.3579423592964304e-05,0.0
2024-07-19 18:00:00,352.55964766584765,394.0260241399946,1199.9999998589037,0.0,41.4663737246276,2.74951935352874e-06,0.0
2024-07-19 19:00:00,352.55964766584765,230.2826766580454,1071.1087552685606,0.0,0.0,0.0,122.27697100780225
2024-07-19 20:00:00,146.89985319410317,122.06356800229445,1044.929011994018,0.0,0.0,0.0,24.836285191808727
2024-07-19 21:00:00,146.89985319410317,58.681239919071,951.9384286704621,0.0,0.0,0.0,88.21861327503217
2024-07-19 22:00:00,146.89985319410317,25.58591380957329,824.0623085428889,0.0,0.0,0.0,121.31393938452987
2024-07-19 23:00:00,47.007953022113014,10.117914678945132,785.176793831104,0.0,0.0,0.0,36.89003834316788
2024-07-20 00:00:00,47.007953022113014,0.3482505657519523,735.9931489284859,0.0,0.0,0.0,46.65970245636106
2024-07-20 01:00:00,47.007953022113014,1.1804197354457977,687.6866873508023,0.0,0.0,0.0,45.82753328666722
2024-07-20 02:00:00,47.007953022113014,3.6288542260068146,641.9611023370811,0.0,0.0,0.0,43.3790987961062
2024-07-20 03:00:00,47.007953022113014,10.117914678945132,603.0755876252962,0.0,0.0,0.0,36.89003834316788
2024-07-20 04:00:00,47.007953022113014,25.58591380957329,580.494775612941,0.0,0.0,0.0,21.422039212539723
2024-07-20 05:00:00,47.007953022113014,58.681239919071,591.5690279254369,0.0,0.0,11.673286896957983,0.0
2024-07-20 06:00:00,176.27982383292382,122.06356800229445,534.4200763817125,0.0,0.0,0.0,54.21625583062938
2024-07-20 07:00:00,587.5994127764127,230.2826766580454,157.77516563791488,0.0,0.0,0.0,357.3167361183673
2024-07-20 08:00:00,587.5994127764127,394.0260241399946,60.0,100.81572203160573,0.0,0.0,92.75766660481236
2024-07-20 09:00:00,587.5994127764127,611.4725614525346,82.64805742091357,0.0,0.0,23.8731486761219,0.0
2024-07-20 10:00:00,470.0795302211302,860.6319614090305,453.15862590189715,0.0,0.0,390.5524311879003,0.0
2024-07-20 11:00:00,470.0795302211302,1098.6172067648536,1049.4418218344035,0.0,0.0,628.5376765437234,0.0
2024-07-20 12:00:00,470.0795302211302,1271.9315864718396,1192.2738508450184,0.0,651.293878085113,150.55817816559647,0.0
2024-07-20 13:00:00,470.0795302211302,1335.5788645161288,1199.6035195065965,0.0,857.773185140017,7.726149154981613,0.0
2024-07-20 14:00:00,470.0795302211302,1271.9315864718396,1199.9796539286913,0.0,801.455575757306,0.39648049340348734,0.0
2024-07-20 15:00:00,470.0795302211302,1098.6172067648536,1199.9989559067228,0.0,628.5173304724146,0.020346071308722458,0.0
2024-07-20 16:00:00,470.0795302211302,860.6319614090305,1199.9999464205764,0.0,390.5513870946231,0.0010440932771871303,0.0
2024-07-20 17:00:00,470.0795302211302,611.4725614525346,1199.9999972504806,0.0,141.3929776519808,5.3579423592964304e-05,0.0
2024-07-20 18:00:00,352.55964766584765,394.0260241399946,1199.9999998589037,0.0,41.4663737246276,2.74951935352874e-06,0.0
2024-07-20 19:00:00,352.55964766584765,230.2826766580454,1071.1087552685606,0.0,0.0,0.0,122.27697100780225
2024-07-20 20:00:00,146.89985319410317,122.06356800229445,1044.929011994018,0.0,0.0,0.0,24.836285191808727
2024-07-20 21:00:00,146.89985319410317,58.681239919071,951.9384286704621,0.0,0.0,0.0,88.21861327503217
2024-07-20 22:00:00,146.89985319410317,25.58591380957329,824.0623085428889,0.0,0.0,0.0,121.31393938452987
2024-07-20 23:00:00,47.007953022113014,10.117914678945132,785.176793831104,0.0,0.0,0.0,36.89003834316788
2024-07-21 00:00:00,47.007953022113014,0.3482505657519523,735.9931489284859,0.0,0.0,0.0,46.65970245636106
2024-07-21 01:00:00,47.007953022113014,1.1804197354457977,687.6866873508023,0.0,0.0,0.0,45.82753328666722
2024-07-21 02:00:00,47.007953022113014,3.6288542260068146,641.9611023370811,0.0,0.0,0.0,43.3790987961062
2024-07-21 03:00:00,47.007953022113014,10.117914678945132,603.0755876252962,0.0,0.0,0.0,36.89003834316788
2024-07-21 04:00:00,47.007953022113014,25.58591380957329,580.494775612941,0.0,0.0,0.0,21.422039212539723
2024-07-21 05:00:00,47.007953022113014,58.681239919071,591.5690279254369,0.0,0.0,11.673286896957983,0.0
2024-07-21 06:00:00,176.27982383292382,122.06356800229445,534.4200763817125,0.0,0.0,0.0,54.21625583062938
2024-07-21 07:00:00,587.5994127764127,230.2826766580454,157.77516563791488,0.0,0.0,0.0,357.3167361183673
2024-07-21 08:00:00,587.5994127764127,394.0260241399946,60.0,100.81572203160573,0.0,0.0,92.75766660481236
2024-07-21 09:00:00,587.5994127764127,611.4725614525346,82.64805742091357,0.0,0.0,23.8731486761219,0.0
2024-07-21 10:00:00,470.0795302211302,860.6319614090305,453.15862590189715,0.0,0.0,390.5524311879003,0.0
2024-07-21 11:00:00,470.0795302211302,1098.6172067648536,1049.4418218344035,0.0,0.0,628.5376765437234,0.0
2024-07-21 12:00:00,470.0795302211302,1271.9315864718396,1192.2738508450184,0.0,651.293878085113,150.55817816559647,0.0
2024-07-21 13:00:00,470.0795302211302,1335.5788645161288,1199.6035195065965,0.0,857.773185140017,7.726149154981613,0.0
2024-07-21 14:00:00,470.0795302211302,1271.9315864718396,1199.9796539286913,0.0,801.455575757306,0.39648049340348734,0.0
2024-07-21 15:00:00,470.0795302211302,1098.6172067648536,1199.9989559067228,0.0,628.5173304724146,0.020346071308722458,0.0
2024-07-21 16:00:00,470.0795302211302,860.6319614090305,1199.9999464205764,0.0,390.5513870946231,0.0010440932771871303,0.0
2024-07-21 17:00:00,470.0795302211302,611.4725614525346,1199.9999972504806,0.0,141.3929776519808,5.3579423592964304e-05,0.0
2024-07-21 18:00:00,352.55964766584765,394.0260241399946,1199.9999998589037,0.0,41.4663737246276,2.74951935352874e-06,0.0
2024-07-21 19:00:00,352.55964766584765,230.2826766580454,1071.1087552685606,0.0,0.0,0.0,122.27697100780225
2024-07-21 20:00:00,146.89985319410317,122.06356800229445,1044.929011994018,0.0,0.0,0.0,24.836285191808727
2024-07-21 21:00:00,146.89985319410317,58.681239919071,951.9384286704621,0.0,0.0,0.0,88.21861327503217
2024-07-21 22:00:00,146.89985319410317,25.58591380957329,824.0623085428889,0.0,0.0,0.0,121.31393938452987
2024-07-21 23:00:00,47.007953022113014,10.117914678945132,785.176793831104,0.0,0.0,0.0,36.89003834316788
2024-07-22 00:00:00,47.007953022113014,0.3482505657519523,735.9931489284859,0.0,0.0,0.0,46.65970245636106
2024-07-22 01:00:00,47.007953022113014,1.1804197354457977,687.6866873508023,0.0,0.0,0.0,45.82753328666722
2024-07-22 02:00:00,47.007953022113014,3.6288542260068146,641.9611023370811,0.0,0.0,0.0,43.3790987961062
2024-07-22 03:00:00,47.007953022113014,10.117914678945132,603.0755876252962,0.0,0.0,0.0,36.89003834316788
2024-07-22 04:00:00,47.007953022113014,25.58591380957329,580.494775612941,0.0,0.0,0.0,21.422039212539723
2024-07-22 05:00:00,47.007953022113014,58.681239919071,591.5690279254369,0.0,0.0,11.673286896957983,0.0
2024-07-22 06:00:00,176.27982383292382,122.06356800229445,534.4200763817125,0.0,0.0,0.0,54.21625583062938
2024-07-22 07:00:00,587.5994127764127,230.2826766580454,157.77516563791488,0.0,0.0,0.0,357.3167361183673
2024-07-22 08:00:00,587.5994127764127,394.0260241399946,60.0,100.81572203160573,0.0,0.0,92.75766660481236
2024-07-22 09:00:00,587.5994127764127,611.4725614525346,82.64805742091357,0.0,0.0,23.8731486761219,0.0
2024-07-22 10:00:00,470.0795302211302,860.6319614090305,453.15862590189715,0.0,0.0,390.5524311879003,0.0
2024-07-22 11:00:00,470.0795302211302,1098.6172067648536,1049.4418218344035,0.0,0.0,628.5376765437234,0.0
2024-07-22 12:00:00,470.0795302211302,1271.9315864718396,1192.2738508450184,0.0,651.293878085113,150.55817816559647,0.0
2024-07-22 13:00:00,470.0795302211302,1335.5788645161288,1199.6035195065965,0.0,857.773185140017,7.726149154981613,0.0
2024-07-22 14:00:00,470.0795302211302,1271.9315864718396,1199.9796539286913,0.0,801.455575757306,0.39648049340348734,0.0
2024-07-22 15:00:00,470.0795302211302,1098.6172067648536,1199.9989559067228,0.0,628.5173304724146,0.020346071308722458,0.0
2024-07-22 16:00:00,470.0795302211302,860.6319614090305,1199.9999464205764,0.0,390.5513870946231,0.0010440932771871303,0.0
2024-07-22 17:00:00,470.0795302211302,611.4725614525346,1199.9999972504806,0.0,141.3929776519808,5.3579423592964304e-05,0.0
2024-07-22 18:00:00,352.55964766584765,394.0260241399946,1199.9999998589037,0.0,41.4663737246276,2.74951935352874e-06,0.0
2024-07-22 19:00:00,352.55964766584765,230.2826766580454,1071.1087552685606,0.0,0.0,0.0,122.27697100780225
2024-07-22 20:00:00,146.89985319410317,122.06356800229445,1044.929011994018,0.0,0.0,0.0,24.836285191808727
2024-07-22 21:00:00,146.89985319410317,58.681239919071,951.9384286704621,0.0,0.0,0.0,88.21861327503217
2024-07-22 22:00:00,146.89985319410317,25.58591380957329,824.0623085428889,0.0,0.0,0.0,121.31393938452987
2024-07-22 23:00:00,47.007953022113014,10.117914678945132,785.176793831104,0.0,0.0,0.0,36.89003834316788
2024-07-23 00:00:00,47.00795302211302,0.3482505657519523,735.9931489284859,0.0,0.0,0.0,46.65970245636107
2024-07-23 01:00:00,47.00795302211302,1.1804197354457977,687.6866873508023,0.0,0.0,0.0,45.827533286667226
2024-07-23 02:00:00,47.00795302211302,3.6288542260068146,641.9611023370811,0.0,0.0,0.0,43.379098796106206
2024-07-23 03:00:00,47.00795302211302,10.117914678945132,603.0755876252962,0.0,0.0,0.0,36.89003834316789
2024-07-23 04:00:00,47.00795302211302,25.58591380957329,580.494775612941,0.0,0.0,0.0,21.42203921253973
2024-07-23 05:00:00,47.00795302211302,58.681239919071,591.5690279254369,0.0,0.0,11.673286896957976,0.0
2024-07-23 06:00:00,176.27982383292382,122.06356800229445,534.4200763817125,0.0,0.0,0.0,54.21625583062938
2024-07-23 07:00:00,587.5994127764127,230.2826766580454,157.77516563791488,0.0,0.0,0.0,357.3167361183673
2024-07-23 08:00:00,587.5994127764127,394.0260241399946,60.0,100.81572203160573,0.0,0.0,92.75766660481236
2024-07-23 09:00:00,587.5994127764127,611.4725614525346,82.64805742091357,0.0,0.0,23.8731486761219,0.0
2024-07-23 10:00:00,470.0795302211302,860.6319614090305,453.15862590189715,0.0,0.0,390.5524311879003,0.0
2024-07-23 11:00:00,470.0795302211302,1098.6172067648536,1049.4418218344035,0.0,0.0,628.5376765437234,0.0
2024-07-23 12:00:00,470.0795302211302,1271.9315864718396,1192.2738508450184,0.0,651.293878085113,150.55817816559647,0.0
2024-07-23 13:00:00,470.0795302211302,1335.5788645161288,1199.6035195065965,0.0,857.773185140017,7.726149154981613,0.0
2024-07-23 14:00:00,470.0795302211302,1271.9315864718396,1199.9796539286913,0.0,801.455575757306,0.39648049340348734,0.0
2024-07-23 15:00:00,470.0795302211302,1098.6172067648536,1199.9989559067228,0.0,628.5173304724146,0.020346071308722458,0.0
2024-07-23 16:00:00,470.0795302211302,860.6319614090305,1199.9999464205764,0.0,390.5513870946231,0.0010440932771871303,0.0
2024-07-23 17:00:00,470.0795302211302,611.4725614525346,1199.9999972504806,0.0,141.3929776519808,5.3579423592964304e-05,0.0
2024-07-23 18:00:00,352.55964766584765,394.0260241399946,1199.9999998589037,0.0,41.4663737246276,2.74951935352874e-06,0.0
2024-07-23 19:00:00,352.55964766584765,230.2826766580454,1071.1087552685606,0.0,0.0,0.0,122.27697100780225
2024-07-23 20:00:00,146.89985319410317,122.06356800229445,1044.929011994018,0.0,0.0,0.0,24.836285191808727
2024-07-23 21:00:00,146.89985319410317,58.681239919071,951.9384286704621,0.0,0.0,0.0,88.21861327503217
2024-07-23 22:00:00,146.89985319410317,25.58591380957329,824.0623085428889,0.0,0.0,0.0,121.31393938452987
2024-07-23 23:00:00,47.00795302211302,10.117914678945132,785.176793831104,0.0,0.0,0.0,36.89003834316789
2024-07-24 00:00:00,47.00795302211302,0.3482505657519523,735.9931489284859,0.0,0.0,0.0,46.65970245636107
2024-07-24 01:00:00,47.00795302211302,1.1804197354457977,687.6866873508023,0.0,0.0,0.0,45.827533286667226
2024-07-24 02:00:00,47.00795302211302,3.6288542260068146,641.9611023370811,0.0,0.0,0.0,43.379098796106206
2024-07-24 03:00:00,47.00795302211302,10.117914678945132,603.0755876252962,0.0,0.0,0.0,36.89003834316789
2024-07-24 04:00:00,47.00795302211302,25.58591380957329,580.494775612941,0.0,0.0,0.0,21.42203921253973
2024-07-24 05:00:00,47.00795302211302,58.681239919071,591.5690279254369,0.0,0.0,11.673286896957976,0.0
2024-07-24 06:00:00,176.27982383292382,122.06356800229445,534.4200763817125,0.0,0.0,0.0,54.21625583062938
2024-07-24 07:00:00,587.5994127764127,230.2826766580454,157.77516563791488,0.0,0.0,0.0,357.3167361183673
2024-07-24 08:00:00,587.5994127764127,394.0260241399946,60.0,100.81572203160573,0.0,0.0,92.75766660481236
2024-07-24 09:00:00,587.5994127764127,611.4725614525346,82.64805742091357,0.0,0.0,23.8731486761219,0.0
2024-07-24 10:00:00,470.0795302211302,860.6319614090305,453.15862590189715,0.0,0.0,390.5524311879003,0.0
2024-07-24 11:00:00,470.0795302211302,1098.6172067648536,1049.4418218344035,0.0,0.0,628.5376765437234,0.0
2024-07-24 12:00:00,470.0795302211302,1271.9315864718396,1192.2738508450184,0.0,651.293878085113,150.55817816559647,0.0
2024-07-24 13:00:00,470.0795302211302,1335.5788645161288,1199.6035195065965,0.0,857.773185140017,7.726149154981613,0.0
2024-07-24 14:00:00,470.0795302211302,1271.9315864718396,1199.9796539286913,0.0,801.455575757306,0.39648049340348734,0.0
2024-07-24 15:00:00,470.0795302211302,1098.6172067648536,1199.9989559067228,0.0,628.5173304724146,0.020346071308722458,0.0
2024-07-24 16:00:00,470.0795302211302,860.6319614090305,1199.9999464205764,0.0,390.5513870946231,0.0010440932771871303,0.0
2024-07-24 17:00:00,470.0795302211302,611.4725614525346,1199.9999972504806,0.0,141.3929776519808,5.3579423592964304e-05,0.0
2024-07-24 18:00:00,352.55964766584765,394.0260241399946,1199.9999998589037,0.0,41.4663737246276,2.74951935352874e-06,0.0
2024-07-24 19:00:00,352.55964766584765,230.2826766580454,1071.1087552685606,0.0,0.0,0.0,122.27697100780225
2024-07-24 20:00:00,146.89985319410317,122.06356800229445,1044.929011994018,0.0,0.0,0.0,24.836285191808727
2024-07-24 21:00:00,146.89985319410317,58.681239919071,951.9384286704621,0.0,0.0,0.0,88.21861327503217
2024-07-24 22:00:00,146.89985319410317,25.58591380957329,824.0623085428889,0.0,0.0,0.0,121.31393938452987
2024-07-24 23:00:00,47.00795302211302,10.117914678945132,785.176793831104,0.0,0.0,0.0,36.89003834316789
2024-07-25 00:00:00,47.007953022113014,0.3482505657519523,735.9931489284859,0.0,0.0,0.0,46.65970245636106
2024-07-25 01:00:00,47.007953022113014,1.1804197354457977,687.6866873508023,0.0,0.0,0.0,45.82753328666722
2024-07-25 02:00:00,47.007953022113014,3.6288542260068146,641.9611023370811,0.0,0.0,0.0,43.3790987961062
2024-07-25 03:00:00,47.007953022113014,10.117914678945132,603.0755876252962,0.0,0.0,0.0,36.89003834316788
2024-07-25 04:00:00,47.007953022113014,25.58591380957329,580.494775612941,0.0,0.0,0.0,21.422039212539723
2024-07-25 05:00:00,47.007953022113014,58.681239919071,591.5690279254369,0.0,0.0,11.673286896957983,0.0
2024-07-25 06:00:00,176.27982383292382,122.06356800229445,534.4200763817125,0.0,0.0,0.0,54.21625583062938
2024-07-25 07:00:00,587.5994127764127,230.2826766580454,157.77516563791488,0.0,0.0,0.0,357.3167361183673
2024-07-25 08:00:00,587.5994127764127,394.0260241399946,60.0,100.81572203160573,0.0,0.0,92.75766660481236
2024-07-25 09:00:00,587.5994127764127,611.4725614525346,82.64805742091357,0.0,0.0,23.8731486761219,0.0
2024-07-25 10:00:00,470.0795302211302,860.6319614090305,453.15862590189715,0.0,0.0,390.5524311879003,0.0
2024-07-25 11:00:00,470.0795302211302,1098.6172067648536,1049.4418218344035,0.0,0.0,628.5376765437234,0.0
2024-07-25 12:00:00,470.0795302211302,1271.9315864718396,1192.2738508450184,0.0,651.293878085113,150.55817816559647,0.0
2024-07-25 13:00:00,470.0795302211302,1335.5788645161288,1199.6035195065965,0.0,857.773185140017,7.726149154981613,0.0
2024-07-25 14:00:00,470.0795302211302,1271.9315864718396,1199.9796539286913,0.0,801.455575757306,0.39648049340348734,0.0
2024-07-25 15:00:00,470.0795302211302,1098.6172067648536,1199.9989559067228,0.0,628.5173304724146,0.020346071308722458,0.0
2024-07-25 16:00:00,470.0795302211302,860.6319614090305,1199.9999464205764,0.0,390.5513870946231,0.0010440932771871303,0.0
2024-07-25 17:00:00,470.0795302211302,611.4725614525346,1199.9999972504806,0.0,141.3929776519808,5.3579423592964304e-05,0.0
2024-07-25 18:00:00,352.55964766584765,394.0260241399946,1199.9999998589037,0.0,41.4663737246276,2.74951935352874e-06,0.0
2024-07-25 19:00:00,352.55964766584765,230.2826766580454,1071.1087552685606,0.0,0.0,0.0,122.27697100780225
2024-07-25 20:00:00,146.89985319410317,122.06356800229445,1044.929011994018,0.0,0.0,0.0,24.836285191808727
2024-07-25 21:00:00,146.89985319410317,58.681239919071,951.9384286704621,0.0,0.0,0.0,88.21861327503217
2024-07-25 22:00:00,146.89985319410317,25.58591380957329,824.0623085428889,0.0,0.0,0.0,121.31393938452987
2024-07-25 23:00:00,47.007953022113014,10.117914678945132,785.176793831104,0.0,0.0,0.0,36.89003834316788
2024-07-26 00:00:00,47.007953022113014,0.3482505657519523,735.9931489284859,0.0,0.0,0.0,46.65970245636106
2024-07-26 01:00:00,47.007953022113014,1.1804197354457977,687.6866873508023,0.0,0.0,0.0,45.82753328666722
2024-07-26 02:00:00,47.007953022113014,3.6288542260068146,641.9611023370811,0.0,0.0,0.0,43.3790987961062
2024-07-26 03:00:00,47.007953022113014,10.117914678945132,603.0755876252962,0.0,0.0,0.0,36.89003834316788
2024-07-26 04:00:00,47.007953022113014,25.58591380957329,580.494775612941,0.0,0.0,0.0,21.422039212539723
2024-07-26 05:00:00,47.007953022113014,58.681239919071,591.5690279254369,0.0,0.0,11.673286896957983,0.0
2024-07-26 06:00:00,176.27982383292382,122.06356800229445,534.4200763817125,0.0,0.0,0.0,54.21625583062938
2024-07-26 07:00:00,587.5994127764127,230.2826766580454,157.77516563791488,0.0,0.0,0.0,357.3167361183673
2024-07-26 08:00:00,587.5994127764127,394.0260241399946,60.0,100.81572203160573,0.0,0.0,92.75766660481236
2024-07-26 09:00:00,587.5994127764127,611.4725614525346,82.64805742091357,0.0,0.0,23.8731486761219,0.0
2024-07-26 10:00:00,470.0795302211302,860.6319614090305,453.15862590189715,0.0,0.0,390.5524311879003,0.0
2024-07-26 11:00:00,470.0795302211302,1098.6172067648536,1049.4418218344035,0.0,0.0,628.5376765437234,0.0
2024-07-26 12:00:00,470.0795302211302,1271.9315864718396,1192.2738508450184,0.0,651.293878085113,150.55817816559647,0.0
2024-07-26 13:00:00,470.0795302211302,1335.5788645161288,1199.6035195065965,0.0,857.773185140017,7.726149154981613,0.0
2024-07-26 14:00:00,470.0795302211302,1271.9315864718396,1199.9796539286913,0.0,801.455575757306,0.39648049340348734,0.0
2024-07-26 15:00:00,470.0795302211302,1098.6172067648536,1199.9989559067228,0.0,628.5173304724146,0.020346071308722458,0.0
2024-07-26 16:00:00,470.0795302211302,860.6319614090305,1199.9999464205764,0.0,390.5513870946231,0.0010440932771871303,0.0
2024-07-26 17:00:00,470.0795302211302,611.4725614525346,1199.9999972504806,0.0,141.3929776519808,5.3579423592964304e-05,0.0
2024-07-26 18:00:00,352.55964766584765,394.0260241399946,1199.9999998589037,0.0,41.4663737246276,2.74951935352874e-06,0.0
2024-07-26 19:00:00,352.55964766584765,230.2826766580454,1071.1087552685606,0.0,0.0,0.0,122.27697100780225
2024-07-26 20:00:00,146.89985319410317,122.06356800229445,1044.929011994018,0.0,0.0,0.0,24.836285191808727
2024-07-26 21:00:00,146.89985319410317,58.681239919071,951.9384286704621,0.0,0.0,0.0,88.21861327503217
2024-07-26 22:00:00,146.89985319410317,25.58591380957329,824.0623085428889,0.0,0.0,0.0,121.31393938452987
2024-07-26 23:00:00,47.007953022113014,10.117914678945132,785.176793831104,0.0,0.0,0.0,36.89003834316788
2024-07-27 00:00:00,47.007953022113014,0.3482505657519523,735.9931489284859,0.0,0.0,0.0,46.65970245636106
2024-07-27 01:00:00,47.007953022113014,1.1804197354457977,687.6866873508023,0.0,0.0,0.0,45.82753328666722
2024-07-27 02:00:00,47.007953022113014,3.6288542260068146,641.9611023370811,0.0,0.0,0.0,43.3790987961062
2024-07-27 03:00:00,47.007953022113014,10.117914678945132,603.0755876252962,0.0,0.0,0.0,36.89003834316788
2024-07-27 04:00:00,47.007953022113014,25.58591380957329,580.494775612941,0.0,0.0,0.0,21.422039212539723
2024-07-27 05:00:00,47.007953022113014,58.681239919071,591.5690279254369,0.0,0.0,11.673286896957983,0.0
2024-07-27 06:00:00,176.27982383292382,122.06356800229445,534.4200763817125,0.0,0.0,0.0,54.21625583062938
2024-07-27 07:00:00,587.5994127764127,230.2826766580454,157.77516563791488,0.0,0.0,0.0,357.3167361183673
2024-07-27 08:00:00,587.5994127764127,394.0260241399946,60.0,100.81572203160573,0.0,0.0,92.75766660481236
2024-07-27 09:00:00,587.5994127764127,611.4725614525346,82.64805742091357,0.0,0.0,23.8731486761219,0.0
2024-07-27 10:00:00,470.0795302211302,860.6319614090305,453.15862590189715,0.0,0.0,390.5524311879003,0.0
2024-07-27 11:00:00,470.0795302211302,1098.6172067648536,1049.4418218344035,0.0,0.0,628.5376765437234,0.0
2024-07-27 12:00:00,470.0795302211302,1271.9315864718396,1192.2738508450184,0.0,651.293878085113,150.55817816559647,0.0
2024-07-27 13:00:00,470.0795302211302,1335.5788645161288,1199.6035195065965,0.0,857.773185140017,7.726149154981613,0.0
2024-07-27 14:00:00,470.0795302211302,1271.9315864718396,1199.9796539286913,0.0,801.455575757306,0.39648049340348734,0.0
2024-07-27 15:00:00,470.0795302211302,1098.6172067648536,1199.9989559067228,0.0,628.5173304724146,0.020346071308722458,0.0
2024-07-27 16:00:00,470.0795302211302,860.6319614090305,1199.9999464205764,0.0,390.5513870946231,0.0010440932771871303,0.0
2024-07-27 17:00:00,470.0795302211302,611.4725614525346,1199.9999972504806,0.0,141.3929776519808,5.3579423592964304e-05,0.0
2024-07-27 18:00:00,352.55964766584765,394.0260241399946,1199.9999998589037,0.0,41.4663737246276,2.74951935352874e-06,0.0
2024-07-27 19:00:00,352.55964766584765,230.2826766580454,1071.1087552685606,0.0,0.0,0.0,122.27697100780225
2024-07-27 20:00:00,146.89985319410317,122.06356800229445,1044.929011994018,0.0,0.0,0.0,24.836285191808727
2024-07-27 21:00:00,146.89985319410317,58.681239919071,951.9384286704621,0.0,0.0,0.0,88.21861327503217
2024-07-27 22:00:00,146.89985319410317,25.58591380957329,824.0623085428889,0.0,0.0,0.0,121.31393938452987
2024-07-27 23:00:00,47.007953022113014,10.117914678945132,785.176793831104,0.0,0.0,0.0,36.89003834316788
2024-07-28 00:00:00,47.007953022113014,0.3482505657519523,735.9931489284859,0.0,0.0,0.0,46.65970245636106
2024-07-28 01:00:00,47.007953022113014,1.1804197354457977,687.6866873508023,0.0,0.0,0.0,45.82753328666722
2024-07-28 02:00:00,47.007953022113014,3.6288542260068146,641.9611023370811,0.0,0.0,0.0,43.3790987961062
2024-07-28 03:00:00,47.007953022113014,10.117914678945132,603.0755876252962,0.0,0.0,0.0,36.89003834316788
2024-07-28 04:00:00,47.007953022113014,25.58591380957329,580.494775612941,0.0,0.0,0.0,21.422039212539723
2024-07-28 05:00:00,47.007953022113014,58.681239919071,591.5690279254369,0.0,0.0,11.673286896957983,0.0
2024-07-28 06:00:00,176.27982383292382,122.06356800229445,534.4200763817125,0.0,0.0,0.0,54.21625583062938
2024-07-28 07:00:00,587.5994127764127,230.2826766580454,157.77516563791488,0.0,0.0,0.0,357.3167361183673
2024-07-28 08:00:00,587.5994127764127,394.0260241399946,60.0,100.81572203160573,0.0,0.0,92.75766660481236
2024-07-28 09:00:00,587.5994127764127,611.4725614525346,82.64805742091357,0.0,0.0,23.8731486761219,0.0
2024-07-28 10:00:00,470.0795302211302,860.6319614090305,453.15862590189715,0.0,0.0,390.5524311879003,0.0
2024-07-28 11:00:00,470.0795302211302,1098.6172067648536,1049.4418218344035,0.0,0.0,628.5376765437234,0.0
2024-07-28 12:00:00,470.0795302211302,1271.9315864718396,1192.2738508450184,0.0,651.293878085113,150.55817816559647,0.0
2024-07-28 13:00:00,470.0795302211302,1335.5788645161288,1199.6035195065965,0.0,857.773185140017,7.726149154981613,0.0
2024-07-28 14:00:00,470.0795302211302,1271.9315864718396,1199.9796539286913,0.0,801.455575757306,0.39648049340348734,0.0
2024-07-28 15:00:00,470.0795302211302,1098.6172067648536,1199.9989559067228,0.0,628.5173304724146,0.020346071308722458,0.0
2024-07-28 16:00:00,470.0795302211302,860.6319614090305,1199.9999464205764,0.0,390.5513870946231,0.0010440932771871303,0.0
2024-07-28 17:00:00,470.0795302211302,611.4725614525346,1199.9999972504806,0.0,141.3929776519808,5.3579423592964304e-05,0.0
2024-07-28 18:00:00,352.55964766584765,394.0260241399946,1199.9999998589037,0.0,41.4663737246276,2.74951935352874e-06,0.0
2024-07-28 19:00:00,352.55964766584765,230.2826766580454,1071.1087552685606,0.0,0.0,0.0,122.27697100780225
2024-07-28 20:00:00,146.89985319410317,122.06356800229445,1044.929011994018,0.0,0.0,0.0,24.836285191808727
2024-07-28 21:00:00,146.89985319410317,58.681239919071,951.9384286704621,0.0,0.0,0.0,88.21861327503217
2024-07-28 22:00:00,146.89985319410317,25.58591380957329,824.0623085428889,0.0,0.0,0.0,121.31393938452987
2024-07-28 23:00:00,47.007953022113014,10.117914678945132,785.176793831104,0.0,0.0,0.0,36.89003834316788
2024-07-29 00:00:00,47.007953022113014,0.3482505657519523,735.9931489284859,0.0,0.0,0.0,46.65970245636106
2024-07-29 01:00:00,47.007953022113014,1.1804197354457977,687.6866873508023,0.0,0.0,0.0,45.82753328666722
2024-07-29 02:00:00,47.007953022113014,3.6288542260068146,641.9611023370811,0.0,0.0,0.0,43.3790987961062
2024-07-29 03:00:00,47.007953022113014,10.117914678945132,603.0755876252962,0.0,0.0,0.0,36.89003834316788
2024-07-29 04:00:00,47.007953022113014,25.58591380957329,580.494775612941,0.0,0.0,0.0,21.422039212539723
2024-07-29 05:00:00,47.007953022113014,58.681239919071,591.5690279254369,0.0,0.0,11.673286896957983,0.0
2024-07-29 06:00:00,176.27982383292382,122.06356800229445,534.4200763817125,0.0,0.0,0.0,54.21625583062938
2024-07-29 07:00:00,587.5994127764127,230.2826766580454,157.77516563791488,0.0,0.0,0.0,357.3167361183673
2024-07-29 08:00:00,587.5994127764127,394.0260241399946,60.0,100.81572203160573,0.0,0.0,92.75766660481236
2024-07-29 09:00:00,587.5994127764127,611.4725614525346,82.64805742091357,0.0,0.0,23.8731486761219,0.0
2024-07-29 10:00:00,470.0795302211302,860.6319614090305,453.15862590189715,0.0,0.0,390.5524311879003,0.0
2024-07-29 11:00:00,470.0795302211302,1098.6172067648536,1049.4418218344035,0.0,0.0,628.5376765437234,0.0
2024-07-29 12:00:00,470.0795302211302,1271.9315864718396,1192.2738508450184,0.0,651.293878085113,150.55817816559647,0.0
2024-07-29 13:00:00,470.0795302211302,1335.5788645161288,1199.6035195065965,0.0,857.773185140017,7.726149154981613,0.0
2024-07-29 14:00:00,470.0795302211302,1271.9315864718396,1199.9796539286913,0.0,801.455575757306,0.39648049340348734,0.0
2024-07-29 15:00:00,470.0795302211302,1098.6172067648536,1199.9989559067228,0.0,628.5173304724146,0.020346071308722458,0.0
2024-07-29 16:00:00,470.0795302211302,860.6319614090305,1199.9999464205764,0.0,390.5513870946231,0.0010440932771871303,0.0
2024-07-29 17:00:00,470.0795302211302,611.4725614525346,1199.9999972504806,0.0,141.3929776519808,5.3579423592964304e-05,0.0
2024-07-29 18:00:00,352.55964766584765,394.0260241399946,1199.9999998589037,0.0,41.4663737246276,2.74951935352874e-06,0.0
2024-07-29 19:00:00,352.55964766584765,230.2826766580454,1071.1087552685606,0.0,0.0,0.0,122.27697100780225
2024-07-29 20:00:00,146.89985319410317,122.06356800229445,1044.929011994018,0.0,0.0,0.0,24.836285191808727
2024-07-29 21:00:00,146.89985319410317,58.681239919071,951.9384286704621,0.0,0.0,0.0,88.21861327503217
2024-07-29 22:00:00,146.89985319410317,25.58591380957329,824.0623085428889,0.0,0.0,0.0,121.31393938452987
2024-07-29 23:00:00,47.007953022113014,10.117914678945132,785.176793831104,0.0,0.0,0.0,36.89003834316788
2024-07-30 00:00:00,47.00795302211302,0.3482505657519523,735.9931489284859,0.0,0.0,0.0,46.65970245636107
2024-07-30 01:00:00,47.00795302211302,1.1804197354457977,687.6866873508023,0.0,0.0,0.0,45.827533286667226
2024-07-30 02:00:00,47.00795302211302,3.6288542260068146,641.9611023370811,0.0,0.0,0.0,43.379098796106206
2024-07-30 03:00:00,47.00795302211302,10.117914678945132,603.0755876252962,0.0,0.0,0.0,36.89003834316789
2024-07-30 04:00:00,47.00795302211302,25.58591380957329,580.494775612941,0.0,0.0,0.0,21.42203921253973
2024-07-30 05:00:00,47.00795302211302,58.681239919071,591.5690279254369,0.0,0.0,11.673286896957976,0.0
2024-07-30 06:00:00,176.27982383292382,122.06356800229445,534.4200763817125,0.0,0.0,0.0,54.21625583062938
2024-07-30 07:00:00,587.5994127764127,230.2826766580454,157.77516563791488,0.0,0.0,0.0,357.3167361183673
2024-07-30 08:00:00,587.5994127764127,394.0260241399946,60.0,100.81572203160573,0.0,0.0,92.75766660481236
2024-07-30 09:00:00,587.5994127764127,611.4725614525346,82.64805742091357,0.0,0.0,23.8731486761219,0.0
2024-07-30 10:00:00,470.0795302211302,860.6319614090305,453.15862590189715,0.0,0.0,390.5524311879003,0.0
2024-07-30 11:00:00,470.0795302211302,1098.6172067648536,1049.4418218344035,0.0,0.0,628.5376765437234,0.0
2024-07-30 12:00:00,470.0795302211302,1271.9315864718396,1192.2738508450184,0.0,651.293878085113,150.55817816559647,0.0
2024-07-30 13:00:00,470.0795302211302,1335.5788645161288,1199.6035195065965,0.0,857.773185140017,7.726149154981613,0.0
2024-07-30 14:00:00,470.0795302211302,1271.9315864718396,1199.9796539286913,0.0,801.455575757306,0.39648049340348734,0.0
2024-07-30 15:00:00,470.0795302211302,1098.6172067648536,1199.9989559067228,0.0,628.5173304724146,0.020346071308722458,0.0
2024-07-30 16:00:00,470.0795302211302,860.6319614090305,1199.9999464205764,0.0,390.5513870946231,0.0010440932771871303,0.0
2024-07-30 17:00:00,470.0795302211302,611.4725614525346,1199.9999972504806,0.0,141.3929776519808,5.3579423592964304e-05,0.0
2024-07-30 18:00:00,352.55964766584765,394.0260241399946,1199.9999998589037,0.0,41.4663737246276,2.74951935352874e-06,0.0
2024-07-30 19:00:00,352.55964766584765,230.2826766580454,1071.1087552685606,0.0,0.0,0.0,122.27697100780225
2024-07-30 20:00:00,146.89985319410317,122.06356800229445,1044.929011994018,0.0,0.0,0.0,24.836285191808727
2024-07-30 21:00:00,146.89985319410317,58.681239919071,951.9384286704621,0.0,0.0,0.0,88.21861327503217
2024-07-30 22:00:00,146.89985319410317,25.58591380957329,824.0623085428889,0.0,0.0,0.0,121.31393938452987
2024-07-30 23:00:00,47.00795302211302,10.117914678945132,785.176793831104,0.0,0.0,0.0,36.89003834316789
2024-07-31 00:00:00,47.00795302211302,0.3482505657519523,735.9931489284859,0.0,0.0,0.0,46.65970245636107
2024-07-31 01:00:00,47.00795302211302,1.1804197354457977,687.6866873508023,0.0,0.0,0.0,45.827533286667226
2024-07-31 02:00:00,47.00795302211302,3.6288542260068146,641.9611023370811,0.0,0.0,0.0,43.379098796106206
2024-07-31 03:00:00,47.00795302211302,10.117914678945132,603.0755876252962,0.0,0.0,0.0,36.89003834316789
2024-07-31 04:00:00,47.00795302211302,25.58591380957329,580.494775612941,0.0,0.0,0.0,21.42203921253973
2024-07-31 05:00:00,47.00795302211302,58.681239919071,591.5690279254369,0.0,0.0,11.673286896957976,0.0
2024-07-31 06:00:00,176.27982383292382,122.06356800229445,534.4200763817125,0.0,0.0,0.0,54.21625583062938
2024-07-31 07:00:00,587.5994127764127,230.2826766580454,157.77516563791488,0.0,0.0,0.0,357.3167361183673
2024-07-31 08:00:00,587.5994127764127,394.0260241399946,60.0,100.81572203160573,0.0,0.0,92.75766660481236
2024-07-31 09:00:00,587.5994127764127,611.4725614525346,82.64805742091357,0.0,0.0,23.8731486761219,0.0
2024-07-31 10:00:00,470.0795302211302,860.6319614090305,453.15862590189715,0.0,0.0,390.5524311879003,0.0
2024-07-31 11:00:00,470.0795302211302,1098.6172067648536,1049.4418218344035,0.0,0.0,628.5376765437234,0.0
2024-07-31 12:00:00,470.0795302211302,1271.9315864718396,1192.2738508450184,0.0,651.293878085113,150.55817816559647,0.0
2024-07-31 13:00:00,470.0795302211302,1335.5788645161288,1199.6035195065965,0.0,857.773185140017,7.726149154981613,0.0
2024-07-31 14:00:00,470.0795302211302,1271.9315864718396,1199.9796539286913,0.0,801.455575757306,0.39648049340348734,0.0
2024-07-31 15:00:00,470.0795302211302,1098.6172067648536,1199.9989559067228,0.0,628.5173304724146,0.020346071308722458,0.0
2024-07-31 16:00:00,470.0795302211302,860.6319614090305,1199.9999464205764,0.0,390.5513870946231,0.0010440932771871303,0.0
2024-07-31 17:00:00,470.0795302211302,611.4725614525346,1199.9999972504806,0.0,141.3929776519808,5.3579423592964304e-05,0.0
2024-07-31 18:00:00,352.55964766584765,394.0260241399946,1199.9999998589037,0.0,41.4663737246276,2.74951935352874e-06,0.0
2024-07-31 19:00:00,352.55964766584765,230.2826766580454,1071.1087552685606,0.0,0.0,0.0,122.27697100780225
2024-07-31 20:00:00,146.89985319410317,122.06356800229445,1044.929011994018,0.0,0.0,0.0,24.836285191808727
2024-07-31 21:00:00,146.89985319410317,58.681239919071,951.9384286704621,0.0,0.0,0.0,88.21861327503217
2024-07-31 22:00:00,146.89985319410317,25.58591380957329,824.0623085428889,0.0,0.0,0.0,121.31393938452987
2024-07-31 23:00:00,47.00795302211302,10.117914678945132,785.176793831104,0.0,0.0,0.0,36.89003834316789
2024-08-01 00:00:00,47.462443391191776,0.3112886483255428,735.4751127329346,0.0,0.0,0.0,47.15115474286623
2024-08-01 01:00:00,47.462443391191776,1.055134722065149,686.557514241962,0.0,0.0,0.0,46.40730866912663
2024-08-01 02:00:00,47.462443391191776,3.243702202019359,639.9468684341996,0.0,0.0,0.0,44.21874118917242
2024-08-01 03:00:00,47.462443391191776,9.044039820814971,599.4503153175543,0.0,0.0,0.0,38.4184035703768
2024-08-01 04:00:00,47.462443391191776,22.870327600928704,573.5279491909466,0.0,0.0,0.0,24.592115790263072
2024-08-01 05:00:00,47.462443391191776,52.453048617544404,578.262453016351,0.0,0.0,4.990605226352628,0.0
2024-08-01 06:00:00,177.98416271696917,109.10823076822008,505.66084604141537,0.0,0.0,0.0,68.87593194874908
2024-08-01 07:00:00,593.2805423898972,205.84139754342704,97.26412856717093,0.0,0.0,0.0,387.4391448464701
2024-08-01 08:00:00,593.2805423898972,352.2056832694148,60.0,205.7230027324003,0.0,0.0,35.35185638808208
2024-08-01 09:00:00,593.2805423898972,546.5733177826139,60.0,46.70722460728325,0.0,0.0,0.0
2024-08-01 10:00:00,474.6244339119178,769.2879389709245,339.54234579450275,0.0,0.0,294.66350505900675,0.0
2024-08-01 11:00:00,474.6244339119178,982.0143854830119,820.8947184486588,0.0,0.0,507.3899515710941,0.0
2024-08-01 12:00:00,474.6244339119178,1136.933872484779,1180.5455672591538,0.0,283.2041570215199,379.10528155134125,0.0
2024-08-01 13:00:00,474.6244339119178,1193.8258838709678,1199.0016626734416,0.0,699.7470172182038,19.454432740846187,0.0
2024-08-01 14:00:00,474.6244339119178,1136.933872484779,1199.948768620968,0.0,661.3111012463028,0.998337326558385,0.0
2024-08-01 15:00:00,474.6244339119178,982.0143854830119,1199.9973709745918,0.0,507.33872019206206,0.05123137903206043,0.0
2024-08-01 16:00:00,474.6244339119178,769.2879389709245,1199.9998650870866,0.0,294.6608760335986,0.0026290254081686726,0.0
2024-08-01 17:00:00,474.6244339119178,546.5733177826139,1199.9999930767142,0.0,71.94874895778275,0.0001349129133814131,0.0
2024-08-01 18:00:00,355.96832543393833,352.2056832694148,1196.0338199900207,0.0,0.0,0.0,3.762642164523527
2024-08-01 19:00:00,355.96832543393833,205.84139754342704,1037.7861432373963,0.0,0.0,0.0,150.1269278905113
2024-08-01 20:00:00,148.3201355974743,109.10823076822008,996.4531663526633,0.0,0.0,0.0,39.21190482925421
2024-08-01 21:00:00,148.3201355974743,52.453048617544404,895.4003838519795,0.0,0.0,0.0,95.8670869799299
2024-08-01 22:00:00,148.3201355974743,22.870327600928704,763.1646754186834,0.0,0.0,0.0,125.44980799654559
2024-08-01 23:00:00,47.462443391191776,9.044039820814971,722.6681223020381,0.0,0.0,0.0,38.4184035703768
2024-08-02 00:00:00,47.46244339119178,0.3112886483255428,672.9664412038687,0.0,0.0,0.0,47.15115474286624
2024-08-02 01:00:00,47.46244339119178,1.055134722065149,624.0488427128962,0.0,0.0,0.0,46.407308669126635
2024-08-02 02:00:00,47.46244339119178,3.243702202019359,577.4381969051337,0.0,0.0,0.0,44.21874118917243
2024-08-02 03:00:00,47.46244339119178,9.044039820814971,536.9416437884885,0.0,0.0,0.0,38.41840357037681
2024-08-02 04:00:00,47.46244339119178,22.870327600928704,511.01927766188084,0.0,0.0,0.0,24.59211579026308
2024-08-02 05:00:00,47.46244339119178,52.453048617544404,515.7537814872852,0.0,0.0,4.990605226352621,0.0
2024-08-02 06:00:00,177.98416271696917,109.10823076822008,443.15217451234963,0.0,0.0,0.0,68.87593194874908
2024-08-02 07:00:00,593.2805423898972,205.84139754342704,60.0,23.949076274868276,0.0,0.0,363.49006857160185
2024-08-02 08:00:00,593.2805423898972,352.2056832694148,60.0,241.07485912048236,0.0,0.0,0.0
2024-08-02 09:00:00,593.2805423898972,546.5733177826139,60.0,46.70722460728325,0.0,0.0,0.0
2024-08-02 10:00:00,474.6244339119178,769.2879389709245,339.54234579450275,0.0,0.0,294.66350505900675,0.0
2024-08-02 11:00:00,474.6244339119178,982.0143854830119,820.8947184486588,0.0,0.0,507.3899515710941,0.0
2024-08-02 12:00:00,474.6244339119178,1136.933872484779,1180.5455672591538,0.0,283.2041570215199,379.10528155134125,0.0
2024-08-02 13:00:00,474.6244339119178,1193.8258838709678,1199.0016626734416,0.0,699.7470172182038,19.454432740846187,0.0
2024-08-02 14:00:00,474.6244339119178,1136.933872484779,1199.948768620968,0.0,661.3111012463028,0.998337326558385,0.0
2024-08-02 15:00:00,474.6244339119178,982.0143854830119,1199.9973709745918,0.0,507.33872019206206,0.05123137903206043,0.0
2024-08-02 16:00:00,474.6244339119178,769.2879389709245,1199.9998650870866,0.0,294.6608760335986,0.0026290254081686726,0.0
2024-08-02 17:00:00,474.6244339119178,546.5733177826139,1199.9999930767142,0.0,71.94874895778275,0.0001349129133814131,0.0
2024-08-02 18:00:00,355.96832543393833,352.2056832694148,1196.0338199900207,0.0,0.0,0.0,3.762642164523527
2024-08-02 19:00:00,355.96832543393833,205.84139754342704,1037.7861432373963,0.0,0.0,0.0,150.1269278905113
2024-08-02 20:00:00,148.3201355974743,109.10823076822008,996.4531663526633,0.0,0.0,0.0,39.21190482925421
2024-08-02 21:00:00,148.3201355974743,52.453048617544404,895.4003838519795,0.0,0.0,0.0,95.8670869799299
2024-08-02 22:00:00,148.3201355974743,22.870327600928704,763.1646754186834,0.0,0.0,0.0,125.44980799654559
2024-08-02 23:00:00,47.46244339119178,9.044039820814971,722.6681223020381,0.0,0.0,0.0,38.41840357037681
2024-08-03 00:00:00,47.46244339119178,0.3112886483255428,672.9664412038687,0.0,0.0,0.0,47.15115474286624
2024-08-03 01:00:00,47.46244339119178,1.055134722065149,624.0488427128962,0.0,0.0,0.0,46.407308669126635
2024-08-03 02:00:00,47.46244339119178,3.243702202019359,577.4381969051337,0.0,0.0,0.0,44.21874118917243
2024-08-03 03:00:00,47.46244339119178,9.044039820814971,536.9416437884885,0.0,0.0,0.0,38.41840357037681
2024-08-03 04:00:00,47.46244339119178,22.870327600928704,511.01927766188084,0.0,0.0,0.0,24.59211579026308
2024-08-03 05:00:00,47.46244339119178,52.453048617544404,515.7537814872852,0.0,0.0,4.990605226352621,0.0
2024-08-03 06:00:00,177.98416271696917,109.10823076822008,443.15217451234963,0.0,0.0,0.0,68.87593194874908
2024-08-03 07:00:00,593.2805423898972,205.84139754342704,60.0,23.949076274868276,0.0,0.0,363.49006857160185
2024-08-03 08:00:00,593.2805423898972,352.2056832694148,60.0,241.07485912048236,0.0,0.0,0.0
2024-08-03 09:00:00,593.2805423898972,546.5733177826139,60.0,46.70722460728325,0.0,0.0,0.0
2024-08-03 10:00:00,474.6244339119178,769.2879389709245,339.54234579450275,0.0,0.0,294.66350505900675,0.0
2024-08-03 11:00:00,474.6244339119178,982.0143854830119,820.8947184486588,0.0,0.0,507.3899515710941,0.0
2024-08-03 12:00:00,474.6244339119178,1136.933872484779,1180.5455672591538,0.0,283.2041570215199,379.10528155134125,0.0
2024-08-03 13:00:00,474.6244339119178,1193.8258838709678,1199.0016626734416,0.0,699.7470172182038,19.454432740846187,0.0
2024-08-03 14:00:00,474.6244339119178,1136.933872484779,1199.948768620968,0.0,661.3111012463028,0.998337326558385,0.0
2024-08-03 15:00:00,474.6244339119178,982.0143854830119,1199.9973709745918,0.0,507.33872019206206,0.05123137903206043,0.0
2024-08-03 16:00:00,474.6244339119178,769.2879389709245,1199.9998650870866,0.0,294.6608760335986,0.0026290254081686726,0.0
2024-08-03 17:00:00,474.6244339119178,546.5733177826139,1199.9999930767142,0.0,71.94874895778275,0.0001349129133814131,0.0
2024-08-03 18:00:00,355.96832543393833,352.2056832694148,1196.0338199900207,0.0,0.0,0.0,3.762642164523527
2024-08-03 19:00:00,355.96832543393833,205.84139754342704,1037.7861432373963,0.0,0.0,0.0,150.1269278905113
2024-08-03 20:00:00,148.3201355974743,109.10823076822008,996.4531663526633,0.0,0.0,0.0,39.21190482925421
2024-08-03 21:00:00,148.3201355974743,52.453048617544404,895.4003838519795,0.0,0.0,0.0,95.8670869799299
2024-08-03 22:00:00,148.3201355974743,22.870327600928704,763.1646754186834,0.0,0.0,0.0,125.44980799654559
2024-08-03 23:00:00,47.46244339119178,9.044039820814971,722.6681223020381,0.0,0.0,0.0,38.41840357037681
2024-08-04 00:00:00,47.462443391191776,0.3112886483255428,672.9664412038687,0.0,0.0,0.0,47.15115474286623
2024-08-04 01:00:00,47.462443391191776,1.055134722065149,624.0488427128962,0.0,0.0,0.0,46.40730866912663
2024-08-04 02:00:00,47.462443391191776,3.243702202019359,577.4381969051337,0.0,0.0,0.0,44.21874118917242
2024-08-04 03:00:00,47.462443391191776,9.044039820814971,536.9416437884885,0.0,0.0,0.0,38.4184035703768
2024-08-04 04:00:00,47.462443391191776,22.870327600928704,511.01927766188084,0.0,0.0,0.0,24.592115790263072
2024-08-04 05:00:00,47.462443391191776,52.453048617544404,515.7537814872852,0.0,0.0,4.990605226352628,0.0
2024-08-04 06:00:00,177.98416271696917,109.10823076822008,443.15217451234963,0.0,0.0,0.0,68.87593194874908
2024-08-04 07:00:00,593.2805423898972,205.84139754342704,60.0,23.949076274868276,0.0,0.0,363.49006857160185
2024-08-04 08:00:00,593.2805423898972,352.2056832694148,60.0,241.07485912048236,0.0,0.0,0.0
2024-08-04 09:00:00,593.2805423898972,546.5733177826139,60.0,46.70722460728325,0.0,0.0,0.0
2024-08-04 10:00:00,474.6244339119178,769.2879389709245,339.54234579450275,0.0,0.0,294.66350505900675,0.0
2024-08-04 11:00:00,474.6244339119178,982.0143854830119,820.8947184486588,0.0,0.0,507.3899515710941,0.0
2024-08-04 12:00:00,474.6244339119178,1136.933872484779,1180.5455672591538,0.0,283.2041570215199,379.10528155134125,0.0
2024-08-04 13:00:00,474.6244339119178,1193.8258838709678,1199.0016626734416,0.0,699.7470172182038,19.454432740846187,0.0
2024-08-04 14:00:00,474.6244339119178,1136.933872484779,1199.948768620968,0.0,661.3111012463028,0.998337326558385,0.0
2024-08-04 15:00:00,474.6244339119178,982.0143854830119,1199.9973709745918,0.0,507.33872019206206,0.05123137903206043,0.0
2024-08-04 16:00:00,474.6244339119178,769.2879389709245,1199.9998650870866,0.0,294.6608760335986,0.0026290254081686726,0.0
2024-08-04 17:00:00,474.6244339119178,546.5733177826139,1199.9999930767142,0.0,71.94874895778275,0.0001349129133814131,0.0
2024-08-04 18:00:00,355.96832543393833,352.2056832694148,1196.0338199900207,0.0,0.0,0.0,3.762642164523527
2024-08-04 19:00:00,355.96832543393833,205.84139754342704,1037.7861432373963,0.0,0.0,0.0,150.1269278905113
2024-08-04 20:00:00,148.3201355974743,109.10823076822008,996.4531663526633,0.0,0.0,0.0,39.21190482925421
2024-08-04 21:00:00,148.3201355974743,52.453048617544404,895.4003838519795,0.0,0.0,0.0,95.8670869799299
2024-08-04 22:00:00,148.3201355974743,22.870327600928704,763.1646754186834,0.0,0.0,0.0,125.44980799654559
2024-08-04 23:00:00,47.462443391191776,9.044039820814971,722.6681223020381,0.0,0.0,0.0,38.4184035703768
2024-08-05 00:00:00,47.462443391191776,0.3112886483255428,672.9664412038687,0.0,0.0,0.0,47.15115474286623
2024-08-05 01:00:00,47.462443391191776,1.055134722065149,624.0488427128962,0.0,0.0,0.0,46.40730866912663
2024-08-05 02:00:00,47.462443391191776,3.243702202019359,577.4381969051337,0.0,0.0,0.0,44.21874118917242
2024-08-05 03:00:00,47.462443391191776,9.044039820814971,536.9416437884885,0.0,0.0,0.0,38.4184035703768
2024-08-05 04:00:00,47.462443391191776,22.870327600928704,511.01927766188084,0.0,0.0,0.0,24.592115790263072
2024-08-05 05:00:00,47.462443391191776,52.453048617544404,515.7537814872852,0.0,0.0,4.990605226352628,0.0
2024-08-05 06:00:00,177.98416271696917,109.10823076822008,443.15217451234963,0.0,0.0,0.0,68.87593194874908
2024-08-05 07:00:00,593.2805423898972,205.84139754342704,60.0,23.949076274868276,0.0,0.0,363.49006857160185
2024-08-05 08:00:00,593.2805423898972,352.2056832694148,60.0,241.07485912048236,0.0,0.0,0.0
2024-08-05 09:00:00,593.2805423898972,546.5733177826139,60.0,46.70722460728325,0.0,0.0,0.0
2024-08-05 10:00:00,474.6244339119178,769.2879389709245,339.54234579450275,0.0,0.0,294.66350505900675,0.0
2024-08-05 11:00:00,474.6244339119178,982.0143854830119,820.8947184486588,0.0,0.0,507.3899515710941,0.0
2024-08-05 12:00:00,474.6244339119178,1136.933872484779,1180.5455672591538,0.0,283.2041570215199,379.10528155134125,0.0
2024-08-05 13:00:00,474.6244339119178,1193.8258838709678,1199.0016626734416,0.0,699.7470172182038,19.454432740846187,0.0
2024-08-05 14:00:00,474.6244339119178,1136.933872484779,1199.948768620968,0.0,661.3111012463028,0.998337326558385,0.0
2024-08-05 15:00:00,474.6244339119178,982.0143854830119,1199.9973709745918,0.0,507.33872019206206,0.05123137903206043,0.0
2024-08-05 16:00:00,474.6244339119178,769.2879389709245,1199.9998650870866,0.0,294.6608760335986,0.0026290254081686726,0.0
2024-08-05 17:00:00,474.6244339119178,546.5733177826139,1199.9999930767142,0.0,71.94874895778275,0.0001349129133814131,0.0
2024-08-05 18:00:00,355.96832543393833,352.2056832694148,1196.0338199900207,0.0,0.0,0.0,3.762642164523527
2024-08-05 19:00:00,355.96832543393833,205.84139754342704,1037.7861432373963,0.0,0.0,0.0,150.1269278905113
2024-08-05 20:00:00,148.3201355974743,109.10823076822008,996.4531663526633,0.0,0.0,0.0,39.21190482925421
2024-08-05 21:00:00,148.3201355974743,52.453048617544404,895.4003838519795,0.0,0.0,0.0,95.8670869799299
2024-08-05 22:00:00,148.3201355974743,22.870327600928704,763.1646754186834,0.0,0.0,0.0,125.44980799654559
2024-08-05 23:00:00,47.462443391191776,9.044039820814971,722.6681223020381,0.0,0.0,0.0,38.4184035703768
2024-08-06 00:00:00,47.462443391191776,0.3112886483255428,672.9664412038687,0.0,0.0,0.0,47.15115474286623
2024-08-06 01:00:00,47.462443391191776,1.055134722065149,624.0488427128962,0.0,0.0,0.0,46.40730866912663
2024-08-06 02:00:00,47.462443391191776,3.243702202019359,577.4381969051337,0.0,0.0,0.0,44.21874118917242
2024-08-06 03:00:00,47.462443391191776,9.044039820814971,536.9416437884885,0.0,0.0,0.0,38.4184035703768
2024-08-06 04:00:00,47.462443391191776,22.870327600928704,511.01927766188084,0.0,0.0,0.0,24.592115790263072
2024-08-06 05:00:00,47.462443391191776,52.453048617544404,515.7537814872852,0.0,0.0,4.990605226352628,0.0
2024-08-06 06:00:00,177.98416271696917,109.10823076822008,443.15217451234963,0.0,0.0,0.0,68.87593194874908
2024-08-06 07:00:00,593.2805423898972,205.84139754342704,60.0,23.949076274868276,0.0,0.0,363.49006857160185
2024-08-06 08:00:00,593.2805423898972,352.2056832694148,60.0,241.07485912048236,0.0,0.0,0.0
2024-08-06 09:00:00,593.2805423898972,546.5733177826139,60.0,46.70722460728325,0.0,0.0,0.0
2024-08-06 10:00:00,474.6244339119178,769.2879389709245,339.54234579450275,0.0,0.0,294.66350505900675,0.0
2024-08-06 11:00:00,474.6244339119178,982.0143854830119,820.8947184486588,0.0,0.0,507.3899515710941,0.0
2024-08-06 12:00:00,474.6244339119178,1136.933872484779,1180.5455672591538,0.0,283.2041570215199,379.10528155134125,0.0
2024-08-06 13:00:00,474.6244339119178,1193.8258838709678,1199.0016626734416,0.0,699.7470172182038,19.454432740846187,0.0
2024-08-06 14:00:00,474.6244339119178,1136.933872484779,1199.948768620968,0.0,661.3111012463028,0.998337326558385,0.0
2024-08-06 15:00:00,474.6244339119178,982.0143854830119,1199.9973709745918,0.0,507.33872019206206,0.05123137903206043,0.0
2024-08-06 16:00:00,474.6244339119178,769.2879389709245,1199.9998650870866,0.0,294.6608760335986,0.0026290254081686726,0.0
2024-08-06 17:00:00,474.6244339119178,546.5733177826139,1199.9999930767142,0.0,71.94874895778275,0.0001349129133814131,0.0
2024-08-06 18:00:00,355.96832543393833,352.2056832694148,1196.0338199900207,0.0,0.0,0.0,3.762642164523527
2024-08-06 19:00:00,355.96832543393833,205.84139754342704,1037.7861432373963,0.0,0.0,0.0,150.1269278905113
2024-08-06 20:00:00,148.3201355974743,109.10823076822008,996.4531663526633,0.0,0.0,0.0,39.21190482925421
2024-08-06 21:00:00,148.3201355974743,52.453048617544404,895.4003838519795,0.0,0.0,0.0,95.8670869799299
2024-08-06 22:00:00,148.3201355974743,22.870327600928704,763.1646754186834,0.0,0.0,0.0,125.44980799654559
2024-08-06 23:00:00,47.462443391191776,9.044039820814971,722.6681223020381,0.0,0.0,0.0,38.4184035703768
2024-08-07 00:00:00,47.462443391191776,0.3112886483255428,672.9664412038687,0.0,0.0,0.0,47.15115474286623
2024-08-07 01:00:00,47.462443391191776,1.055134722065149,624.0488427128962,0.0,0.0,0.0,46.40730866912663
2024-08-07 02:00:00,47.462443391191776,3.243702202019359,577.4381969051337,0.0,0.0,0.0,44.21874118917242
2024-08-07 03:00:00,47.462443391191776,9.044039820814971,536.9416437884885,0.0,0.0,0.0,38.4184035703768
2024-08-07 04:00:00,47.462443391191776,22.870327600928704,511.01927766188084,0.0,0.0,0.0,24.592115790263072
2024-08-07 05:00:00,47.462443391191776,52.453048617544404,515.7537814872852,0.0,0.0,4.990605226352628,0.0
2024-08-07 06:00:00,177.98416271696917,109.10823076822008,443.15217451234963,0.0,0.0,0.0,68.87593194874908
2024-08-07 07:00:00,593.2805423898972,205.84139754342704,60.0,23.949076274868276,0.0,0.0,363.49006857160185
2024-08-07 08:00:00,593.2805423898972,352.2056832694148,60.0,241.07485912048236,0.0,0.0,0.0
2024-08-07 09:00:00,593.2805423898972,546.5733177826139,60.0,46.70722460728325,0.0,0.0,0.0
2024-08-07 10:00:00,474.6244339119178,769.2879389709245,339.54234579450275,0.0,0.0,294.66350505900675,0.0
2024-08-07 11:00:00,474.6244339119178,982.0143854830119,820.8947184486588,0.0,0.0,507.3899515710941,0.0
2024-08-07 12:00:00,474.6244339119178,1136.933872484779,1180.5455672591538,0.0,283.2041570215199,379.10528155134125,0.0
2024-08-07 13:00:00,474.6244339119178,1193.8258838709678,1199.0016626734416,0.0,699.7470172182038,19.454432740846187,0.0
2024-08-07 14:00:00,474.6244339119178,1136.933872484779,1199.948768620968,0.0,661.3111012463028,0.998337326558385,0.0
2024-08-07 15:00:00,474.6244339119178,982.0143854830119,1199.9973709745918,0.0,507.33872019206206,0.05123137903206043,0.0
2024-08-07 16:00:00,474.6244339119178,769.2879389709245,1199.9998650870866,0.0,294.6608760335986,0.0026290254081686726,0.0
2024-08-07 17:00:00,474.6244339119178,546.5733177826139,1199.9999930767142,0.0,71.94874895778275,0.0001349129133814131,0.0
2024-08-07 18:00:00,355.96832543393833,352.2056832694148,1196.0338199900207,0.0,0.0,0.0,3.762642164523527
2024-08-07 19:00:00,355.96832543393833,205.84139754342704,1037.7861432373963,0.0,0.0,0.0,150.1269278905113
2024-08-07 20:00:00,148.3201355974743,109.10823076822008,996.4531663526633,0.0,0.0,0.0,39.21190482925421
2024-08-07 21:00:00,148.3201355974743,52.453048617544404,895.4003838519795,0.0,0.0,0.0,95.8670869799299
2024-08-07 22:00:00,148.3201355974743,22.870327600928704,763.1646754186834,0.0,0.0,0.0,125.44980799654559
2024-08-07 23:00:00,47.462443391191776,9.044039820814971,722.6681223020381,0.0,0.0,0.0,38.4184035703768
2024-08-08 00:00:00,47.462443391191776,0.3112886483255428,672.9664412038687,0.0,0.0,0.0,47.15115474286623
2024-08-08 01:00:00,47.462443391191776,1.055134722065149,624.0488427128962,0.0,0.0,0.0,46.40730866912663
2024-08-08 02:00:00,47.462443391191776,3.243702202019359,577.4381969051337,0.0,0.0,0.0,44.21874118917242
2024-08-08 03:00:00,47.462443391191776,9.044039820814971,536.9416437884885,0.0,0.0,0.0,38.4184035703768
2024-08-08 04:00:00,47.462443391191776,22.870327600928704,511.01927766188084,0.0,0.0,0.0,24.592115790263072
2024-08-08 05:00:00,47.462443391191776,52.453048617544404,515.7537814872852,0.0,0.0,4.990605226352628,0.0
2024-08-08 06:00:00,177.98416271696917,109.10823076822008,443.15217451234963,0.0,0.0,0.0,68.87593194874908
2024-08-08 07:00:00,593.2805423898972,205.84139754342704,60.0,23.949076274868276,0.0,0.0,363.49006857160185
2024-08-08 08:00:00,593.2805423898972,352.2056832694148,60.0,241.07485912048236,0.0,0.0,0.0
2024-08-08 09:00:00,593.2805423898972,546.5733177826139,60.0,46.70722460728325,0.0,0.0,0.0
2024-08-08 10:00:00,474.6244339119178,769.2879389709245,339.54234579450275,0.0,0.0,294.66350505900675,0.0
2024-08-08 11:00:00,474.6244339119178,982.0143854830119,820.8947184486588,0.0,0.0,507.3899515710941,0.0
2024-08-08 12:00:00,474.6244339119178,1136.933872484779,1180.5455672591538,0.0,283.2041570215199,379.10528155134125,0.0
2024-08-08 13:00:00,474.6244339119178,1193.8258838709678,1199.0016626734416,0.0,699.7470172182038,19.454432740846187,0.0
2024-08-08 14:00:00,474.6244339119178,1136.933872484779,1199.948768620968,0.0,661.3111012463028,0.998337326558385,0.0
2024-08-08 15:00:00,474.6244339119178,982.0143854830119,1199.9973709745918,0.0,507.33872019206206,0.05123137903206043,0.0
2024-08-08 16:00:00,474.6244339119178,769.2879389709245,1199.9998650870866,0.0,294.6608760335986,0.0026290254081686726,0.0
2024-08-08 17:00:00,474.6244339119178,546.5733177826139,1199.9999930767142,0.0,71.94874895778275,0.0001349129133814131,0.0
2024-08-08 18:00:00,355.96832543393833,352.2056832694148,1196.0338199900207,0.0,0.0,0.0,3.762642164523527
2024-08-08 19:00:00,355.96832543393833,205.84139754342704,1037.7861432373963,0.0,0.0,0.0,150.1269278905113
2024-08-08 20:00:00,148.3201355974743,109.10823076822008,996.4531663526633,0.0,0.0,0.0,39.21190482925421
2024-08-08 21:00:00,148.3201355974743,52.453048617544404,895.4003838519795,0.0,0.0,0.0,95.8670869799299
2024-08-08 22:00:00,148.3201355974743,22.870327600928704,763.1646754186834,0.0,0.0,0.0,125.44980799654559
2024-08-08 23:00:00,47.462443391191776,9.044039820814971,722.6681223020381,0.0,0.0,0.0,38.4184035703768
2024-08-09 00:00:00,47.46244339119178,0.3112886483255428,672.9664412038687,0.0,0.0,0.0,47.15115474286624
2024-08-09 01:00:00,47.46244339119178,1.055134722065149,624.0488427128962,0.0,0.0,0.0,46.407308669126635
2024-08-09 02:00:00,47.46244339119178,3.243702202019359,577.4381969051337,0.0,0.0,0.0,44.21874118917243
2024-08-09 03:00:00,47.46244339119178,9.044039820814971,536.9416437884885,0.0,0.0,0.0,38.41840357037681
2024-08-09 04:00:00,47.46244339119178,22.870327600928704,511.01927766188084,0.0,0.0,0.0,24.59211579026308
2024-08-09 05:00:00,47.46244339119178,52.453048617544404,515.7537814872852,0.0,0.0,4.990605226352621,0.0
2024-08-09 06:00:00,177.98416271696917,109.10823076822008,443.15217451234963,0.0,0.0,0.0,68.87593194874908
2024-08-09 07:00:00,593.2805423898972,205.84139754342704,60.0,23.949076274868276,0.0,0.0,363.49006857160185
2024-08-09 08:00:00,593.2805423898972,352.2056832694148,60.0,241.07485912048236,0.0,0.0,0.0
2024-08-09 09:00:00,593.2805423898972,546.5733177826139,60.0,46.70722460728325,0.0,0.0,0.0
2024-08-09 10:00:00,474.6244339119178,769.2879389709245,339.54234579450275,0.0,0.0,294.66350505900675,0.0
2024-08-09 11:00:00,474.6244339119178,982.0143854830119,820.8947184486588,0.0,0.0,507.3899515710941,0.0
2024-08-09 12:00:00,474.6244339119178,1136.933872484779,1180.5455672591538,0.0,283.2041570215199,379.10528155134125,0.0
2024-08-09 13:00:00,474.6244339119178,1193.8258838709678,1199.0016626734416,0.0,699.7470172182038,19.454432740846187,0.0
2024-08-09 14:00:00,474.6244339119178,1136.933872484779,1199.948768620968,0.0,661.3111012463028,0.998337326558385,0.0
2024-08-09 15:00:00,474.6244339119178,982.0143854830119,1199.9973709745918,0.0,507.33872019206206,0.05123137903206043,0.0
2024-08-09 16:00:00,474.6244339119178,769.2879389709245,1199.9998650870866,0.0,294.6608760335986,0.0026290254081686726,0.0
2024-08-09 17:00:00,474.6244339119178,546.5733177826139,1199.9999930767142,0.0,71.94874895778275,0.0001349129133814131,0.0
2024-08-09 18:00:00,355.96832543393833,352.2056832694148,1196.0338199900207,0.0,0.0,0.0,3.762642164523527
2024-08-09 19:00:00,355.96832543393833,205.84139754342704,1037.7861432373963,0.0,0.0,0.0,150.1269278905113
2024-08-09 20:00:00,148.3201355974743,109.10823076822008,996.4531663526633,0.0,0.0,0.0,39.21190482925421
2024-08-09 21:00:00,148.3201355974743,52.453048617544404,895.4003838519795,0.0,0.0,0.0,95.8670869799299
2024-08-09 22:00:00,148.3201355974743,22.870327600928704,763.1646754186834,0.0,0.0,0.0,125.44980799654559
2024-08-09 23:00:00,47.46244339119178,9.044039820814971,722.6681223020381,0.0,0.0,0.0,38.41840357037681
2024-08-10 00:00:00,47.46244339119178,0.3112886483255428,672.9664412038687,0.0,0.0,0.0,47.15115474286624
2024-08-10 01:00:00,47.46244339119178,1.055134722065149,624.0488427128962,0.0,0.0,0.0,46.407308669126635
2024-08-10 02:00:00,47.46244339119178,3.243702202019359,577.4381969051337,0.0,0.0,0.0,44.21874118917243
2024-08-10 03:00:00,47.46244339119178,9.044039820814971,536.9416437884885,0.0,0.0,0.0,38.41840357037681
2024-08-10 04:00:00,47.46244339119178,22.870327600928704,511.01927766188084,0.0,0.0,0.0,24.59211579026308
2024-08-10 05:00:00,47.46244339119178,52.453048617544404,515.7537814872852,0.0,0.0,4.990605226352621,0.0
2024-08-10 06:00:00,177.98416271696917,109.10823076822008,443.15217451234963,0.0,0.0,0.0,68.87593194874908
2024-08-10 07:00:00,593.2805423898972,205.84139754342704,60.0,23.949076274868276,0.0,0.0,363.49006857160185
2024-08-10 08:00:00,593.2805423898972,352.2056832694148,60.0,241.07485912048236,0.0,0.0,0.0
2024-08-10 09:00:00,593.2805423898972,546.5733177826139,60.0,46.70722460728325,0.0,0.0,0.0
2024-08-10 10:00:00,474.6244339119178,769.2879389709245,339.54234579450275,0.0,0.0,294.66350505900675,0.0
2024-08-10 11:00:00,474.6244339119178,982.0143854830119,820.8947184486588,0.0,0.0,507.3899515710941,0.0
2024-08-10 12:00:00,474.6244339119178,1136.933872484779,1180.5455672591538,0.0,283.2041570215199,379.10528155134125,0.0
2024-08-10 13:00:00,474.6244339119178,1193.8258838709678,1199.0016626734416,0.0,699.7470172182038,19.454432740846187,0.0
2024-08-10 14:00:00,474.6244339119178,1136.933872484779,1199.948768620968,0.0,661.3111012463028,0.998337326558385,0.0
2024-08-10 15:00:00,474.6244339119178,982.0143854830119,1199.9973709745918,0.0,507.33872019206206,0.05123137903206043,0.0
2024-08-10 16:00:00,474.6244339119178,769.2879389709245,1199.9998650870866,0.0,294.6608760335986,0.0026290254081686726,0.0
2024-08-10 17:00:00,474.6244339119178,546.5733177826139,1199.9999930767142,0.0,71.94874895778275,0.0001349129133814131,0.0
2024-08-10 18:00:00,355.96832543393833,352.2056832694148,1196.0338199900207,0.0,0.0,0.0,3.762642164523527
2024-08-10 19:00:00,355.96832543393833,205.84139754342704,1037.7861432373963,0.0,0.0,0.0,150.1269278905113
2024-08-10 20:00:00,148.3201355974743,109.10823076822008,996.4531663526633,0.0,0.0,0.0,39.21190482925421
2024-08-10 21:00:00,148.3201355974743,52.453048617544404,895.4003838519795,0.0,0.0,0.0,95.8670869799299
2024-08-10 22:00:00,148.3201355974743,22.870327600928704,763.1646754186834,0.0,0.0,0.0,125.44980799654559
2024-08-10 23:00:00,47.46244339119178,9.044039820814971,722.6681223020381,0.0,0.0,0.0,38.41840357037681
2024-08-11 00:00:00,47.462443391191776,0.3112886483255428,672.9664412038687,0.0,0.0,0.0,47.15115474286623
2024-08-11 01:00:00,47.462443391191776,1.055134722065149,624.0488427128962,0.0,0.0,0.0,46.40730866912663
2024-08-11 02:00:00,47.462443391191776,3.243702202019359,577.4381969051337,0.0,0.0,0.0,44.21874118917242
2024-08-11 03:00:00,47.462443391191776,9.044039820814971,536.9416437884885,0.0,0.0,0.0,38.4184035703768
2024-08-11 04:00:00,47.462443391191776,22.870327600928704,511.01927766188084,0.0,0.0,0.0,24.592115790263072
2024-08-11 05:00:00,47.462443391191776,52.453048617544404,515.7537814872852,0.0,0.0,4.990605226352628,0.0
2024-08-11 06:00:00,177.98416271696917,109.10823076822008,443.15217451234963,0.0,0.0,0.0,68.87593194874908
2024-08-11 07:00:00,593.2805423898972,205.84139754342704,60.0,23.949076274868276,0.0,0.0,363.49006857160185
2024-08-11 08:00:00,593.2805423898972,352.2056832694148,60.0,241.07485912048236,0.0,0.0,0.0
2024-08-11 09:00:00,593.2805423898972,546.5733177826139,60.0,46.70722460728325,0.0,0.0,0.0
2024-08-11 10:00:00,474.6244339119178,769.2879389709245,339.54234579450275,0.0,0.0,294.66350505900675,0.0
2024-08-11 11:00:00,474.6244339119178,982.0143854830119,820.8947184486588,0.0,0.0,507.3899515710941,0.0
2024-08-11 12:00:00,474.6244339119178,1136.933872484779,1180.5455672591538,0.0,283.2041570215199,379.10528155134125,0.0
2024-08-11 13:00:00,474.6244339119178,1193.8258838709678,1199.0016626734416,0.0,699.7470172182038,19.454432740846187,0.0
2024-08-11 14:00:00,474.6244339119178,1136.933872484779,1199.948768620968,0.0,661.3111012463028,0.998337326558385,0.0
2024-08-11 15:00:00,474.6244339119178,982.0143854830119,1199.9973709745918,0.0,507.33872019206206,0.05123137903206043,0.0
2024-08-11 16:00:00,474.6244339119178,769.2879389709245,1199.9998650870866,0.0,294.6608760335986,0.0026290254081686726,0.0
2024-08-11 17:00:00,474.6244339119178,546.5733177826139,1199.9999930767142,0.0,71.94874895778275,0.0001349129133814131,0.0
2024-08-11 18:00:00,355.96832543393833,352.2056832694148,1196.0338199900207,0.0,0.0,0.0,3.762642164523527
2024-08-11 19:00:00,355.96832543393833,205.84139754342704,1037.7861432373963,0.0,0.0,0.0,150.1269278905113
2024-08-11 20:00:00,148.3201355974743,109.10823076822008,996.4531663526633,0.0,0.0,0.0,39.21190482925421
2024-08-11 21:00:00,148.3201355974743,52.453048617544404,895.4003838519795,0.0,0.0,0.0,95.8670869799299
2024-08-11 22:00:00,148.3201355974743,22.870327600928704,763.1646754186834,0.0,0.0,0.0,125.44980799654559
2024-08-11 23:00:00,47.462443391191776,9.044039820814971,722.6681223020381,0.0,0.0,0.0,38.4184035703768
2024-08-12 00:00:00,47.462443391191776,0.3112886483255428,672.9664412038687,0.0,0.0,0.0,47.15115474286623
2024-08-12 01:00:00,47.462443391191776,1.055134722065149,624.0488427128962,0.0,0.0,0.0,46.40730866912663
2024-08-12 02:00:00,47.462443391191776,3.243702202019359,577.4381969051337,0.0,0.0,0.0,44.21874118917242
2024-08-12 03:00:00,47.462443391191776,9.044039820814971,536.9416437884885,0.0,0.0,0.0,38.4184035703768
2024-08-12 04:00:00,47.462443391191776,22.870327600928704,511.01927766188084,0.0,0.0,0.0,24.592115790263072
2024-08-12 05:00:00,47.462443391191776,52.453048617544404,515.7537814872852,0.0,0.0,4.990605226352628,0.0
2024-08-12 06:00:00,177.98416271696917,109.10823076822008,443.15217451234963,0.0,0.0,0.0,68.87593194874908
2024-08-12 07:00:00,593.2805423898972,205.84139754342704,60.0,23.949076274868276,0.0,0.0,363.49006857160185
2024-08-12 08:00:00,593.2805423898972,352.2056832694148,60.0,241.07485912048236,0.0,0.0,0.0
2024-08-12 09:00:00,593.2805423898972,546.5733177826139,60.0,46.70722460728325,0.0,0.0,0.0
2024-08-12 10:00:00,474.6244339119178,769.2879389709245,339.54234579450275,0.0,0.0,294.66350505900675,0.0
2024-08-12 11:00:00,474.6244339119178,982.0143854830119,820.8947184486588,0.0,0.0,507.3899515710941,0.0
2024-08-12 12:00:00,474.6244339119178,1136.933872484779,1180.5455672591538,0.0,283.2041570215199,379.10528155134125,0.0
2024-08-12 13:00:00,474.6244339119178,1193.8258838709678,1199.0016626734416,0.0,699.7470172182038,19.454432740846187,0.0
2024-08-12 14:00:00,474.6244339119178,1136.933872484779,1199.948768620968,0.0,661.3111012463028,0.998337326558385,0.0
2024-08-12 15:00:00,474.6244339119178,982.0143854830119,1199.9973709745918,0.0,507.33872019206206,0.05123137903206043,0.0
2024-08-12 16:00:00,474.6244339119178,769.2879389709245,1199.9998650870866,0.0,294.6608760335986,0.0026290254081686726,0.0
2024-08-12 17:00:00,474.6244339119178,546.5733177826139,1199.9999930767142,0.0,71.94874895778275,0.0001349129133814131,0.0
2024-08-12 18:00:00,355.96832543393833,352.2056832694148,1196.0338199900207,0.0,0.0,0.0,3.762642164523527
2024-08-12 19:00:00,355.96832543393833,205.84139754342704,1037.7861432373963,0.0,0.0,0.0,150.1269278905113
2024-08-12 20:00:00,148.3201355974743,109.10823076822008,996.4531663526633,0.0,0.0,0.0,39.21190482925421
2024-08-12 21:00:00,148.3201355974743,52.453048617544404,895.4003838519795,0.0,0.0,0.0,95.8670869799299
2024-08-12 22:00:00,148.3201355974743,22.870327600928704,763.1646754186834,0.0,0.0,0.0,125.44980799654559
2024-08-12 23:00:00,47.462443391191776,9.044039820814971,722.6681223020381,0.0,0.0,0.0,38.4184035703768
2024-08-13 00:00:00,47.462443391191776,0.3112886483255428,672.9664412038687,0.0,0.0,0.0,47.15115474286623
2024-08-13 01:00:00,47.462443391191776,1.055134722065149,624.0488427128962,0.0,0.0,0.0,46.40730866912663
2024-08-13 02:00:00,47.462443391191776,3.243702202019359,577.4381969051337,0.0,0.0,0.0,44.21874118917242
2024-08-13 03:00:00,47.462443391191776,9.044039820814971,536.9416437884885,0.0,0.0,0.0,38.4184035703768
2024-08-13 04:00:00,47.462443391191776,22.870327600928704,511.01927766188084,0.0,0.0,0.0,24.592115790263072
2024-08-13 05:00:00,47.462443391191776,52.453048617544404,515.7537814872852,0.0,0.0,4.990605226352628,0.0
2024-08-13 06:00:00,177.98416271696917,109.10823076822008,443.15217451234963,0.0,0.0,0.0,68.87593194874908
2024-08-13 07:00:00,593.2805423898972,205.84139754342704,60.0,23.949076274868276,0.0,0.0,363.49006857160185
2024-08-13 08:00:00,593.2805423898972,352.2056832694148,60.0,241.07485912048236,0.0,0.0,0.0
2024-08-13 09:00:00,593.2805423898972,546.5733177826139,60.0,46.70722460728325,0.0,0.0,0.0
2024-08-13 10:00:00,474.6244339119178,769.2879389709245,339.54234579450275,0.0,0.0,294.66350505900675,0.0
2024-08-13 11:00:00,474.6244339119178,982.0143854830119,820.8947184486588,0.0,0.0,507.3899515710941,0.0
2024-08-13 12:00:00,474.6244339119178,1136.933872484779,1180.5455672591538,0.0,283.2041570215199,379.10528155134125,0.0
2024-08-13 13:00:00,474.6244339119178,1193.8258838709678,1199.0016626734416,0.0,699.7470172182038,19.454432740846187,0.0
2024-08-13 14:00:00,474.6244339119178,1136.933872484779,1199.948768620968,0.0,661.3111012463028,0.998337326558385,0.0
2024-08-13 15:00:00,474.6244339119178,982.0143854830119,1199.9973709745918,0.0,507.33872019206206,0.05123137903206043,0.0
2024-08-13 16:00:00,474.6244339119178,769.2879389709245,1199.9998650870866,0.0,294.6608760335986,0.0026290254081686726,0.0
2024-08-13 17:00:00,474.6244339119178,546.5733177826139,1199.9999930767142,0.0,71.94874895778275,0.0001349129133814131,0.0
2024-08-13 18:00:00,355.96832543393833,352.2056832694148,1196.0338199900207,0.0,0.0,0.0,3.762642164523527
2024-08-13 19:00:00,355.96832543393833,205.84139754342704,1037.7861432373963,0.0,0.0,0.0,150.1269278905113
2024-08-13 20:00:00,148.3201355974743,109.10823076822008,996.4531663526633,0.0,0.0,0.0,39.21190482925421
2024-08-13 21:00:00,148.3201355974743,52.453048617544404,895.4003838519795,0.0,0.0,0.0,95.8670869799299
2024-08-13 22:00:00,148.3201355974743,22.870327600928704,763.1646754186834,0.0,0.0,0.0,125.44980799654559
2024-08-13 23:00:00,47.462443391191776,9.044039820814971,722.6681223020381,0.0,0.0,0.0,38.4184035703768
2024-08-14 00:00:00,47.462443391191776,0.3112886483255428,672.9664412038687,0.0,0.0,0.0,47.15115474286623
2024-08-14 01:00:00,47.462443391191776,1.055134722065149,624.0488427128962,0.0,0.0,0.0,46.40730866912663
2024-08-14 02:00:00,47.462443391191776,3.243702202019359,577.4381969051337,0.0,0.0,0.0,44.21874118917242
2024-08-14 03:00:00,47.462443391191776,9.044039820814971,536.9416437884885,0.0,0.0,0.0,38.4184035703768
2024-08-14 04:00:00,47.462443391191776,22.870327600928704,511.01927766188084,0.0,0.0,0.0,24.592115790263072
2024-08-14 05:00:00,47.462443391191776,52.453048617544404,515.7537814872852,0.0,0.0,4.990605226352628,0.0
2024-08-14 06:00:00,177.98416271696917,109.10823076822008,443.15217451234963,0.0,0.0,0.0,68.87593194874908
2024-08-14 07:00:00,593.2805423898972,205.84139754342704,60.0,23.949076274868276,0.0,0.0,363.49006857160185
2024-08-14 08:00:00,593.2805423898972,352.2056832694148,60.0,241.07485912048236,0.0,0.0,0.0
2024-08-14 09:00:00,593.2805423898972,546.5733177826139,60.0,46.70722460728325,0.0,0.0,0.0
2024-08-14 10:00:00,474.6244339119178,769.2879389709245,339.54234579450275,0.0,0.0,294.66350505900675,0.0
2024-08-14 11:00:00,474.6244339119178,982.0143854830119,820.8947184486588,0.0,0.0,507.3899515710941,0.0
2024-08-14 12:00:00,474.6244339119178,1136.933872484779,1180.5455672591538,0.0,283.2041570215199,379.10528155134125,0.0
2024-08-14 13:00:00,474.6244339119178,1193.8258838709678,1199.0016626734416,0.0,699.7470172182038,19.454432740846187,0.0
2024-08-14 14:00:00,474.6244339119178,1136.933872484779,1199.948768620968,0.0,661.3111012463028,0.998337326558385,0.0
2024-08-14 15:00:00,474.6244339119178,982.0143854830119,1199.9973709745918,0.0,507.33872019206206,0.05123137903206043,0.0
2024-08-14 16:00:00,474.6244339119178,769.2879389709245,1199.9998650870866,0.0,294.6608760335986,0.0026290254081686726,0.0
2024-08-14 17:00:00,474.6244339119178,546.5733177826139,1199.9999930767142,0.0,71.94874895778275,0.0001349129133814131,0.0
2024-08-14 18:00:00,355.96832543393833,352.2056832694148,1196.0338199900207,0.0,0.0,0.0,3.762642164523527
2024-08-14 19:00:00,355.96832543393833,205.84139754342704,1037.7861432373963,0.0,0.0,0.0,150.1269278905113
2024-08-14 20:00:00,148.3201355974743,109.10823076822008,996.4531663526633,0.0,0.0,0.0,39.21190482925421
2024-08-14 21:00:00,148.3201355974743,52.453048617544404,895.4003838519795,0.0,0.0,0.0,95.8670869799299
2024-08-14 22:00:00,148.3201355974743,22.870327600928704,763.1646754186834,0.0,0.0,0.0,125.44980799654559
2024-08-14 23:00:00,47.462443391191776,9.044039820814971,722.6681223020381,0.0,0.0,0.0,38.4184035703768
2024-08-15 00:00:00,47.462443391191776,0.3112886483255428,672.9664412038687,0.0,0.0,0.0,47.15115474286623
2024-08-15 01:00:00,47.462443391191776,1.055134722065149,624.0488427128962,0.0,0.0,0.0,46.40730866912663
2024-08-15 02:00:00,47.462443391191776,3.243702202019359,577.4381969051337,0.0,0.0,0.0,44.21874118917242
2024-08-15 03:00:00,47.462443391191776,9.044039820814971,536.9416437884885,0.0,0.0,0.0,38.4184035703768
2024-08-15 04:00:00,47.462443391191776,22.870327600928704,511.01927766188084,0.0,0.0,0.0,24.592115790263072
2024-08-15 05:00:00,47.462443391191776,52.453048617544404,515.7537814872852,0.0,0.0,4.990605226352628,0.0
2024-08-15 06:00:00,177.98416271696917,109.10823076822008,443.15217451234963,0.0,0.0,0.0,68.87593194874908
2024-08-15 07:00:00,593.2805423898972,205.84139754342704,60.0,23.949076274868276,0.0,0.0,363.49006857160185
2024-08-15 08:00:00,593.2805423898972,352.2056832694148,60.0,241.07485912048236,0.0,0.0,0.0
2024-08-15 09:00:00,593.2805423898972,546.5733177826139,60.0,46.70722460728325,0.0,0.0,0.0
2024-08-15 10:00:00,474.6244339119178,769.2879389709245,339.54234579450275,0.0,0.0,294.66350505900675,0.0
2024-08-15 11:00:00,474.6244339119178,982.0143854830119,820.8947184486588,0.0,0.0,507.3899515710941,0.0
2024-08-15 12:00:00,474.6244339119178,1136.933872484779,1180.5455672591538,0.0,283.2041570215199,379.10528155134125,0.0
2024-08-15 13:00:00,474.6244339119178,1193.8258838709678,1199.0016626734416,0.0,699.7470172182038,19.454432740846187,0.0
2024-08-15 14:00:00,474.6244339119178,1136.933872484779,1199.948768620968,0.0,661.3111012463028,0.998337326558385,0.0
2024-08-15 15:00:00,474.6244339119178,982.0143854830119,1199.9973709745918,0.0,507.33872019206206,0.05123137903206043,0.0
2024-08-15 16:00:00,474.6244339119178,769.2879389709245,1199.9998650870866,0.0,294.6608760335986,0.0026290254081686726,0.0
2024-08-15 17:00:00,474.6244339119178,546.5733177826139,1199.9999930767142,0.0,71.94874895778275,0.0001349129133814131,0.0
2024-08-15 18:00:00,355.96832543393833,352.2056832694148,1196.0338199900207,0.0,0.0,0.0,3.762642164523527
2024-08-15 19:00:00,355.96832543393833,205.84139754342704,1037.7861432373963,0.0,0.0,0.0,150.1269278905113
2024-08-15 20:00:00,148.3201355974743,109.10823076822008,996.4531663526633,0.0,0.0,0.0,39.21190482925421
2024-08-15 21:00:00,148.3201355974743,52.453048617544404,895.4003838519795,0.0,0.0,0.0,95.8670869799299
2024-08-15 22:00:00,148.3201355974743,22.870327600928704,763.1646754186834,0.0,0.0,0.0,125.44980799654559
2024-08-15 23:00:00,47.462443391191776,9.044039820814971,722.6681223020381,0.0,0.0,0.0,38.4184035703768
2024-08-16 00:00:00,47.46244339119178,0.3112886483255428,672.9664412038687,0.0,0.0,0.0,47.15115474286624
2024-08-16 01:00:00,47.46244339119178,1.055134722065149,624.0488427128962,0.0,0.0,0.0,46.407308669126635
2024-08-16 02:00:00,47.46244339119178,3.243702202019359,577.4381969051337,0.0,0.0,0.0,44.21874118917243
2024-08-16 03:00:00,47.46244339119178,9.044039820814971,536.9416437884885,0.0,0.0,0.0,38.41840357037681
2024-08-16 04:00:00,47.46244339119178,22.870327600928704,511.01927766188084,0.0,0.0,0.0,24.59211579026308
2024-08-16 05:00:00,47.46244339119178,52.453048617544404,515.7537814872852,0.0,0.0,4.990605226352621,0.0
2024-08-16 06:00:00,177.98416271696917,109.10823076822008,443.15217451234963,0.0,0.0,0.0,68.87593194874908
2024-08-16 07:00:00,593.2805423898972,205.84139754342704,60.0,23.949076274868276,0.0,0.0,363.49006857160185
2024-08-16 08:00:00,593.2805423898972,352.2056832694148,60.0,241.07485912048236,0.0,0.0,0.0
2024-08-16 09:00:00,593.2805423898972,546.5733177826139,60.0,46.70722460728325,0.0,0.0,0.0
2024-08-16 10:00:00,474.6244339119178,769.2879389709245,339.54234579450275,0.0,0.0,294.66350505900675,0.0
2024-08-16 11:00:00,474.6244339119178,982.0143854830119,820.8947184486588,0.0,0.0,507.3899515710941,0.0
2024-08-16 12:00:00,474.6244339119178,1136.933872484779,1180.5455672591538,0.0,283.2041570215199,379.10528155134125,0.0
2024-08-16 13:00:00,474.6244339119178,1193.8258838709678,1199.0016626734416,0.0,699.7470172182038,19.454432740846187,0.0
2024-08-16 14:00:00,474.6244339119178,1136.933872484779,1199.948768620968,0.0,661.3111012463028,0.998337326558385,0.0
2024-08-16 15:00:00,474.6244339119178,982.0143854830119,1199.9973709745918,0.0,507.33872019206206,0.05123137903206043,0.0
2024-08-16 16:00:00,474.6244339119178,769.2879389709245,1199.9998650870866,0.0,294.6608760335986,0.0026290254081686726,0.0
2024-08-16 17:00:00,474.6244339119178,546.5733177826139,1199.9999930767142,0.0,71.94874895778275,0.0001349129133814131,0.0
2024-08-16 18:00:00,355.96832543393833,352.2056832694148,1196.0338199900207,0.0,0.0,0.0,3.762642164523527
2024-08-16 19:00:00,355.96832543393833,205.84139754342704,1037.7861432373963,0.0,0.0,0.0,150.1269278905113
2024-08-16 20:00:00,148.3201355974743,109.10823076822008,996.4531663526633,0.0,0.0,0.0,39.21190482925421
2024-08-16 21:00:00,148.3201355974743,52.453048617544404,895.4003838519795,0.0,0.0,0.0,95.8670869799299
2024-08-16 22:00:00,148.3201355974743,22.870327600928704,763.1646754186834,0.0,0.0,0.0,125.44980799654559
2024-08-16 23:00:00,47.46244339119178,9.044039820814971,722.6681223020381,0.0,0.0,0.0,38.41840357037681
2024-08-17 00:00:00,47.46244339119178,0.3112886483255428,672.9664412038687,0.0,0.0,0.0,47.15115474286624
2024-08-17 01:00:00,47.46244339119178,1.055134722065149,624.0488427128962,0.0,0.0,0.0,46.407308669126635
2024-08-17 02:00:00,47.46244339119178,3.243702202019359,577.4381969051337,0.0,0.0,0.0,44.21874118917243
2024-08-17 03:00:00,47.46244339119178,9.044039820814971,536.9416437884885,0.0,0.0,0.0,38.41840357037681
2024-08-17 04:00:00,47.46244339119178,22.870327600928704,511.01927766188084,0.0,0.0,0.0,24.59211579026308
2024-08-17 05:00:00,47.46244339119178,52.453048617544404,515.7537814872852,0.0,0.0,4.990605226352621,0.0
2024-08-17 06:00:00,177.98416271696917,109.10823076822008,443.15217451234963,0.0,0.0,0.0,68.87593194874908
2024-08-17 07:00:00,593.2805423898972,205.84139754342704,60.0,23.949076274868276,0.0,0.0,363.49006857160185
2024-08-17 08:00:00,593.2805423898972,352.2056832694148,60.0,241.07485912048236,0.0,0.0,0.0
2024-08-17 09:00:00,593.2805423898972,546.5733177826139,60.0,46.70722460728325,0.0,0.0,0.0
2024-08-17 10:00:00,474.6244339119178,769.2879389709245,339.54234579450275,0.0,0.0,294.66350505900675,0.0
2024-08-17 11:00:00,474.6244339119178,982.0143854830119,820.8947184486588,0.0,0.0,507.3899515710941,0.0
2024-08-17 12:00:00,474.6244339119178,1136.933872484779,1180.5455672591538,0.0,283.2041570215199,379.10528155134125,0.0
2024-08-17 13:00:00,474.6244339119178,1193.8258838709678,1199.0016626734416,0.0,699.7470172182038,19.454432740846187,0.0
2024-08-17 14:00:00,474.6244339119178,1136.933872484779,1199.948768620968,0.0,661.3111012463028,0.998337326558385,0.0
2024-08-17 15:00:00,474.6244339119178,982.0143854830119,1199.9973709745918,0.0,507.33872019206206,0.05123137903206043,0.0
2024-08-17 16:00:00,474.6244339119178,769.2879389709245,1199.9998650870866,0.0,294.6608760335986,0.0026290254081686726,0.0
2024-08-17 17:00:00,474.6244339119178,546.5733177826139,1199.9999930767142,0.0,71.94874895778275,0.0001349129133814131,0.0
2024-08-17 18:00:00,355.96832543393833,352.2056832694148,1196.0338199900207,0.0,0.0,0.0,3.762642164523527
2024-08-17 19:00:00,355.96832543393833,205.84139754342704,1037.7861432373963,0.0,0.0,0.0,150.1269278905113
2024-08-17 20:00:00,148.3201355974743,109.10823076822008,996.4531663526633,0.0,0.0,0.0,39.21190482925421
2024-08-17 21:00:00,148.3201355974743,52.453048617544404,895.4003838519795,0.0,0.0,0.0,95.8670869799299
2024-08-17 22:00:00,148.3201355974743,22.870327600928704,763.1646754186834,0.0,0.0,0.0,125.44980799654559
2024-08-17 23:00:00,47.46244339119178,9.044039820814971,722.6681223020381,0.0,0.0,0.0,38.41840357037681
2024-08-18 00:00:00,47.462443391191776,0.3112886483255428,672.9664412038687,0.0,0.0,0.0,47.15115474286623
2024-08-18 01:00:00,47.462443391191776,1.055134722065149,624.0488427128962,0.0,0.0,0.0,46.40730866912663
2024-08-18 02:00:00,47.462443391191776,3.243702202019359,577.4381969051337,0.0,0.0,0.0,44.21874118917242
2024-08-18 03:00:00,47.462443391191776,9.044039820814971,536.9416437884885,0.0,0.0,0.0,38.4184035703768
2024-08-18 04:00:00,47.462443391191776,22.870327600928704,511.01927766188084,0.0,0.0,0.0,24.592115790263072
2024-08-18 05:00:00,47.462443391191776,52.453048617544404,515.7537814872852,0.0,0.0,4.990605226352628,0.0
2024-08-18 06:00:00,177.98416271696917,109.10823076822008,443.15217451234963,0.0,0.0,0.0,68.87593194874908
2024-08-18 07:00:00,593.2805423898972,205.84139754342704,60.0,23.949076274868276,0.0,0.0,363.49006857160185
2024-08-18 08:00:00,593.2805423898972,352.2056832694148,60.0,241.07485912048236,0.0,0.0,0.0
2024-08-18 09:00:00,593.2805423898972,546.5733177826139,60.0,46.70722460728325,0.0,0.0,0.0
2024-08-18 10:00:00,474.6244339119178,769.2879389709245,339.54234579450275,0.0,0.0,294.66350505900675,0.0
2024-08-18 11:00:00,474.6244339119178,982.0143854830119,820.8947184486588,0.0,0.0,507.3899515710941,0.0
2024-08-18 12:00:00,474.6244339119178,1136.933872484779,1180.5455672591538,0.0,283.2041570215199,379.10528155134125,0.0
2024-08-18 13:00:00,474.6244339119178,1193.8258838709678,1199.0016626734416,0.0,699.7470172182038,19.454432740846187,0.0
2024-08-18 14:00:00,474.6244339119178,1136.933872484779,1199.948768620968,0.0,661.3111012463028,0.998337326558385,0.0
2024-08-18 15:00:00,474.6244339119178,982.0143854830119,1199.9973709745918,0.0,507.33872019206206,0.05123137903206043,0.0
2024-08-18 16:00:00,474.6244339119178,769.2879389709245,1199.9998650870866,0.0,294.6608760335986,0.0026290254081686726,0.0
2024-08-18 17:00:00,474.6244339119178,546.5733177826139,1199.9999930767142,0.0,71.94874895778275,0.0001349129133814131,0.0
2024-08-18 18:00:00,355.96832543393833,352.2056832694148,1196.0338199900207,0.0,0.0,0.0,3.762642164523527
2024-08-18 19:00:00,355.96832543393833,205.84139754342704,1037.7861432373963,0.0,0.0,0.0,150.1269278905113
2024-08-18 20:00:00,148.3201355974743,109.10823076822008,996.4531663526633,0.0,0.0,0.0,39.21190482925421
2024-08-18 21:00:00,148.3201355974743,52.453048617544404,895.4003838519795,0.0,0.0,0.0,95.8670869799299
2024-08-18 22:00:00,148.3201355974743,22.870327600928704,763.1646754186834,0.0,0.0,0.0,125.44980799654559
2024-08-18 23:00:00,47.462443391191776,9.044039820814971,722.6681223020381,0.0,0.0,0.0,38.4184035703768
2024-08-19 00:00:00,47.462443391191776,0.3112886483255428,672.9664412038687,0.0,0.0,0.0,47.15115474286623
2024-08-19 01:00:00,47.462443391191776,1.055134722065149,624.0488427128962,0.0,0.0,0.0,46.40730866912663
2024-08-19 02:00:00,47.462443391191776,3.243702202019359,577.4381969051337,0.0,0.0,0.0,44.21874118917242
2024-08-19 03:00:00,47.462443391191776,9.044039820814971,536.9416437884885,0.0,0.0,0.0,38.4184035703768
2024-08-19 04:00:00,47.462443391191776,22.870327600928704,511.01927766188084,0.0,0.0,0.0,24.592115790263072
2024-08-19 05:00:00,47.462443391191776,52.453048617544404,515.7537814872852,0.0,0.0,4.990605226352628,0.0
2024-08-19 06:00:00,177.98416271696917,109.10823076822008,443.15217451234963,0.0,0.0,0.0,68.87593194874908
2024-08-19 07:00:00,593.2805423898972,205.84139754342704,60.0,23.949076274868276,0.0,0.0,363.49006857160185
2024-08-19 08:00:00,593.2805423898972,352.2056832694148,60.0,241.07485912048236,0.0,0.0,0.0
2024-08-19 09:00:00,593.2805423898972,546.5733177826139,60.0,46.70722460728325,0.0,0.0,0.0
2024-08-19 10:00:00,474.6244339119178,769.2879389709245,339.54234579450275,0.0,0.0,294.66350505900675,0.0
2024-08-19 11:00:00,474.6244339119178,982.0143854830119,820.8947184486588,0.0,0.0,507.3899515710941,0.0
2024-08-19 12:00:00,474.6244339119178,1136.933872484779,1180.5455672591538,0.0,283.2041570215199,379.10528155134125,0.0
2024-08-19 13:00:00,474.6244339119178,1193.8258838709678,1199.0016626734416,0.0,699.7470172182038,19.454432740846187,0.0
2024-08-19 14:00:00,474.6244339119178,1136.933872484779,1199.948768620968,0.0,661.3111012463028,0.998337326558385,0.0
2024-08-19 15:00:00,474.6244339119178,982.0143854830119,1199.9973709745918,0.0,507.33872019206206,0.05123137903206043,0.0
2024-08-19 16:00:00,474.6244339119178,769.2879389709245,1199.9998650870866,0.0,294.6608760335986,0.0026290254081686726,0.0
2024-08-19 17:00:00,474.6244339119178,546.5733177826139,1199.9999930767142,0.0,71.94874895778275,0.0001349129133814131,0.0
2024-08-19 18:00:00,355.96832543393833,352.2056832694148,1196.0338199900207,0.0,0.0,0.0,3.762642164523527
2024-08-19 19:00:00,355.96832543393833,205.84139754342704,1037.7861432373963,0.0,0.0,0.0,150.1269278905113
2024-08-19 20:00:00,148.3201355974743,109.10823076822008,996.4531663526633,0.0,0.0,0.0,39.21190482925421
2024-08-19 21:00:00,148.3201355974743,52.453048617544404,895.4003838519795,0.0,0.0,0.0,95.8670869799299
2024-08-19 22:00:00,148.3201355974743,22.870327600928704,763.1646754186834,0.0,0.0,0.0,125.44980799654559
2024-08-19 23:00:00,47.462443391191776,9.044039820814971,722.6681223020381,0.0,0.0,0.0,38.4184035703768
2024-08-20 00:00:00,47.462443391191776,0.3112886483255428,672.9664412038687,0.0,0.0,0.0,47.15115474286623
2024-08-20 01:00:00,47.462443391191776,1.055134722065149,624.0488427128962,0.0,0.0,0.0,46.40730866912663
2024-08-20 02:00:00,47.462443391191776,3.243702202019359,577.4381969051337,0.0,0.0,0.0,44.21874118917242
2024-08-20 03:00:00,47.462443391191776,9.044039820814971,536.9416437884885,0.0,0.0,0.0,38.4184035703768
2024-08-20 04:00:00,47.462443391191776,22.870327600928704,511.01927766188084,0.0,0.0,0.0,24.592115790263072
2024-08-20 05:00:00,47.462443391191776,52.453048617544404,515.7537814872852,0.0,0.0,4.990605226352628,0.0
2024-08-20 06:00:00,177.98416271696917,109.10823076822008,443.15217451234963,0.0,0.0,0.0,68.87593194874908
2024-08-20 07:00:00,593.2805423898972,205.84139754342704,60.0,23.949076274868276,0.0,0.0,363.49006857160185
2024-08-20 08:00:00,593.2805423898972,352.2056832694148,60.0,241.07485912048236,0.0,0.0,0.0
2024-08-20 09:00:00,593.2805423898972,546.5733177826139,60.0,46.70722460728325,0.0,0.0,0.0
2024-08-20 10:00:00,474.6244339119178,769.2879389709245,339.54234579450275,0.0,0.0,294.66350505900675,0.0
2024-08-20 11:00:00,474.6244339119178,982.0143854830119,820.8947184486588,0.0,0.0,507.3899515710941,0.0
2024-08-20 12:00:00,474.6244339119178,1136.933872484779,1180.5455672591538,0.0,283.2041570215199,379.10528155134125,0.0
2024-08-20 13:00:00,474.6244339119178,1193.8258838709678,1199.0016626734416,0.0,699.7470172182038,19.454432740846187,0.0
2024-08-20 14:00:00,474.6244339119178,1136.933872484779,1199.948768620968,0.0,661.3111012463028,0.998337326558385,0.0
2024-08-20 15:00:00,474.6244339119178,982.0143854830119,1199.9973709745918,0.0,507.33872019206206,0.05123137903206043,0.0
2024-08-20 16:00:00,474.6244339119178,769.2879389709245,1199.9998650870866,0.0,294.6608760335986,0.0026290254081686726,0.0
2024-08-20 17:00:00,474.6244339119178,546.5733177826139,1199.9999930767142,0.0,71.94874895778275,0.0001349129133814131,0.0
2024-08-20 18:00:00,355.96832543393833,352.2056832694148,1196.0338199900207,0.0,0.0,0.0,3.762642164523527
2024-08-20 19:00:00,355.96832543393833,205.84139754342704,1037.7861432373963,0.0,0.0,0.0,150.1269278905113
2024-08-20 20:00:00,148.3201355974743,109.10823076822008,996.4531663526633,0.0,0.0,0.0,39.21190482925421
2024-08-20 21:00:00,148.3201355974743,52.453048617544404,895.4003838519795,0.0,0.0,0.0,95.8670869799299
2024-08-20 22:00:00,148.3201355974743,22.870327600928704,763.1646754186834,0.0,0.0,0.0,125.44980799654559
2024-08-20 23:00:00,47.462443391191776,9.044039820814971,722.6681223020381,0.0,0.0,0.0,38.4184035703768
2024-08-21 00:00:00,47.462443391191776,0.3112886483255428,672.9664412038687,0.0,0.0,0.0,47.15115474286623
2024-08-21 01:00:00,47.462443391191776,1.055134722065149,624.0488427128962,0.0,0.0,0.0,46.40730866912663
2024-08-21 02:00:00,47.462443391191776,3.243702202019359,577.4381969051337,0.0,0.0,0.0,44.21874118917242
2024-08-21 03:00:00,47.462443391191776,9.044039820814971,536.9416437884885,0.0,0.0,0.0,38.4184035703768
2024-08-21 04:00:00,47.462443391191776,22.870327600928704,511.01927766188084,0.0,0.0,0.0,24.592115790263072
2024-08-21 05:00:00,47.462443391191776,52.453048617544404,515.7537814872852,0.0,0.0,4.990605226352628,0.0
2024-08-21 06:00:00,177.98416271696917,109.10823076822008,443.15217451234963,0.0,0.0,0.0,68.87593194874908
2024-08-21 07:00:00,593.2805423898972,205.84139754342704,60.0,23.949076274868276,0.0,0.0,363.49006857160185
2024-08-21 08:00:00,593.2805423898972,352.2056832694148,60.0,241.07485912048236,0.0,0.0,0.0
2024-08-21 09:00:00,593.2805423898972,546.5733177826139,60.0,46.70722460728325,0.0,0.0,0.0
2024-08-21 10:00:00,474.6244339119178,769.2879389709245,339.54234579450275,0.0,0.0,294.66350505900675,0.0
2024-08-21 11:00:00,474.6244339119178,982.0143854830119,820.8947184486588,0.0,0.0,507.3899515710941,0.0
2024-08-21 12:00:00,474.6244339119178,1136.933872484779,1180.5455672591538,0.0,283.2041570215199,379.10528155134125,0.0
2024-08-21 13:00:00,474.6244339119178,1193.8258838709678,1199.0016626734416,0.0,699.7470172182038,19.454432740846187,0.0
2024-08-21 14:00:00,474.6244339119178,1136.933872484779,1199.948768620968,0.0,661.3111012463028,0.998337326558385,0.0
2024-08-21 15:00:00,474.6244339119178,982.0143854830119,1199.9973709745918,0.0,507.33872019206206,0.05123137903206043,0.0
2024-08-21 16:00:00,474.6244339119178,769.2879389709245,1199.9998650870866,0.0,294.6608760335986,0.0026290254081686726,0.0
2024-08-21 17:00:00,474.6244339119178,546.5733177826139,1199.9999930767142,0.0,71.94874895778275,0.0001349129133814131,0.0
2024-08-21 18:00:00,355.96832543393833,352.2056832694148,1196.0338199900207,0.0,0.0,0.0,3.762642164523527
2024-08-21 19:00:00,355.96832543393833,205.84139754342704,1037.7861432373963,0.0,0.0,0.0,150.1269278905113
2024-08-21 20:00:00,148.3201355974743,109.10823076822008,996.4531663526633,0.0,0.0,0.0,39.21190482925421
2024-08-21 21:00:00,148.3201355974743,52.453048617544404,895.4003838519795,0.0,0.0,0.0,95.8670869799299
2024-08-21 22:00:00,148.3201355974743,22.870327600928704,763.1646754186834,0.0,0.0,0.0,125.44980799654559
2024-08-21 23:00:00,47.462443391191776,9.044039820814971,722.6681223020381,0.0,0.0,0.0,38.4184035703768
2024-08-22 00:00:00,47.462443391191776,0.3112886483255428,672.9664412038687,0.0,0.0,0.0,47.15115474286623
2024-08-22 01:00:00,47.462443391191776,1.055134722065149,624.0488427128962,0.0,0.0,0.0,46.40730866912663
2024-08-22 02:00:00,47.462443391191776,3.243702202019359,577.4381969051337,0.0,0.0,0.0,44.21874118917242
2024-08-22 03:00:00,47.462443391191776,9.044039820814971,536.9416437884885,0.0,0.0,0.0,38.4184035703768
2024-08-22 04:00:00,47.462443391191776,22.870327600928704,511.01927766188084,0.0,0.0,0.0,24.592115790263072
2024-08-22 05:00:00,47.462443391191776,52.453048617544404,515.7537814872852,0.0,0.0,4.990605226352628,0.0
2024-08-22 06:00:00,177.98416271696917,109.10823076822008,443.15217451234963,0.0,0.0,0.0,68.87593194874908
2024-08-22 07:00:00,593.2805423898972,205.84139754342704,60.0,23.949076274868276,0.0,0.0,363.49006857160185
2024-08-22 08:00:00,593.2805423898972,352.2056832694148,60.0,241.07485912048236,0.0,0.0,0.0
2024-08-22 09:00:00,593.2805423898972,546.5733177826139,60.0,46.70722460728325,0.0,0.0,0.0
2024-08-22 10:00:00,474.6244339119178,769.2879389709245,339.54234579450275,0.0,0.0,294.66350505900675,0.0
2024-08-22 11:00:00,474.6244339119178,982.0143854830119,820.8947184486588,0.0,0.0,507.3899515710941,0.0
2024-08-22 12:00:00,474.6244339119178,1136.933872484779,1180.5455672591538,0.0,283.2041570215199,379.10528155134125,0.0
2024-08-22 13:00:00,474.6244339119178,1193.8258838709678,1199.0016626734416,0.0,699.7470172182038,19.454432740846187,0.0
2024-08-22 14:00:00,474.6244339119178,1136.933872484779,1199.948768620968,0.0,661.3111012463028,0.998337326558385,0.0
2024-08-22 15:00:00,474.6244339119178,982.0143854830119,1199.9973709745918,0.0,507.33872019206206,0.05123137903206043,0.0
2024-08-22 16:00:00,474.6244339119178,769.2879389709245,1199.9998650870866,0.0,294.6608760335986,0.0026290254081686726,0.0
2024-08-22 17:00:00,474.6244339119178,546.5733177826139,1199.9999930767142,0.0,71.94874895778275,0.0001349129133814131,0.0
2024-08-22 18:00:00,355.96832543393833,352.2056832694148,1196.0338199900207,0.0,0.0,0.0,3.762642164523527
2024-08-22 19:00:00,355.96832543393833,205.84139754342704,1037.7861432373963,0.0,0.0,0.0,150.1269278905113
2024-08-22 20:00:00,148.3201355974743,109.10823076822008,996.4531663526633,0.0,0.0,0.0,39.21190482925421
2024-08-22 21:00:00,148.3201355974743,52.453048617544404,895.4003838519795,0.0,0.0,0.0,95.8670869799299
2024-08-22 22:00:00,148.3201355974743,22.870327600928704,763.1646754186834,0.0,0.0,0.0,125.44980799654559
2024-08-22 23:00:00,47.462443391191776,9.044039820814971,722.6681223020381,0.0,0.0,0.0,38.4184035703768
2024-08-23 00:00:00,47.46244339119178,0.3112886483255428,672.9664412038687,0.0,0.0,0.0,47.15115474286624
2024-08-23 01:00:00,47.46244339119178,1.055134722065149,624.0488427128962,0.0,0.0,0.0,46.407308669126635
2024-08-23 02:00:00,47.46244339119178,3.243702202019359,577.4381969051337,0.0,0.0,0.0,44.21874118917243
2024-08-23 03:00:00,47.46244339119178,9.044039820814971,536.9416437884885,0.0,0.0,0.0,38.41840357037681
2024-08-23 04:00:00,47.46244339119178,22.870327600928704,511.01927766188084,0.0,0.0,0.0,24.59211579026308
2024-08-23 05:00:00,47.46244339119178,52.453048617544404,515.7537814872852,0.0,0.0,4.990605226352621,0.0
2024-08-23 06:00:00,177.98416271696917,109.10823076822008,443.15217451234963,0.0,0.0,0.0,68.87593194874908
2024-08-23 07:00:00,593.2805423898972,205.84139754342704,60.0,23.949076274868276,0.0,0.0,363.49006857160185
2024-08-23 08:00:00,593.2805423898972,352.2056832694148,60.0,241.07485912048236,0.0,0.0,0.0
2024-08-23 09:00:00,593.2805423898972,546.5733177826139,60.0,46.70722460728325,0.0,0.0,0.0
2024-08-23 10:00:00,474.6244339119178,769.2879389709245,339.54234579450275,0.0,0.0,294.66350505900675,0.0
2024-08-23 11:00:00,474.6244339119178,982.0143854830119,820.8947184486588,0.0,0.0,507.3899515710941,0.0
2024-08-23 12:00:00,474.6244339119178,1136.933872484779,1180.5455672591538,0.0,283.2041570215199,379.10528155134125,0.0
2024-08-23 13:00:00,474.6244339119178,1193.8258838709678,1199.0016626734416,0.0,699.7470172182038,19.454432740846187,0.0
2024-08-23 14:00:00,474.6244339119178,1136.933872484779,1199.948768620968,0.0,661.3111012463028,0.998337326558385,0.0
2024-08-23 15:00:00,474.6244339119178,982.0143854830119,1199.9973709745918,0.0,507.33872019206206,0.05123137903206043,0.0
2024-08-23 16:00:00,474.6244339119178,769.2879389709245,1199.9998650870866,0.0,294.6608760335986,0.0026290254081686726,0.0
2024-08-23 17:00:00,474.6244339119178,546.5733177826139,1199.9999930767142,0.0,71.94874895778275,0.0001349129133814131,0.0
2024-08-23 18:00:00,355.96832543393833,352.2056832694148,1196.0338199900207,0.0,0.0,0.0,3.762642164523527
2024-08-23 19:00:00,355.96832543393833,205.84139754342704,1037.7861432373963,0.0,0.0,0.0,150.1269278905113
2024-08-23 20:00:00,148.3201355974743,109.10823076822008,996.4531663526633,0.0,0.0,0.0,39.21190482925421
2024-08-23 21:00:00,148.3201355974743,52.453048617544404,895.4003838519795,0.0,0.0,0.0,95.8670869799299
2024-08-23 22:00:00,148.3201355974743,22.870327600928704,763.1646754186834,0.0,0.0,0.0,125.44980799654559
2024-08-23 23:00:00,47.46244339119178,9.044039820814971,722.6681223020381,0.0,0.0,0.0,38.41840357037681
2024-08-24 00:00:00,47.46244339119178,0.3112886483255428,672.9664412038687,0.0,0.0,0.0,47.15115474286624
2024-08-24 01:00:00,47.46244339119178,1.055134722065149,624.0488427128962,0.0,0.0,0.0,46.407308669126635
2024-08-24 02:00:00,47.46244339119178,3.243702202019359,577.4381969051337,0.0,0.0,0.0,44.21874118917243
2024-08-24 03:00:00,47.46244339119178,9.044039820814971,536.9416437884885,0.0,0.0,0.0,38.41840357037681
2024-08-24 04:00:00,47.46244339119178,22.870327600928704,511.01927766188084,0.0,0.0,0.0,24.59211579026308
2024-08-24 05:00:00,47.46244339119178,52.453048617544404,515.7537814872852,0.0,0.0,4.990605226352621,0.0
2024-08-24 06:00:00,177.98416271696917,109.10823076822008,443.15217451234963,0.0,0.0,0.0,68.87593194874908
2024-08-24 07:00:00,593.2805423898972,205.84139754342704,60.0,23.949076274868276,0.0,0.0,363.49006857160185
2024-08-24 08:00:00,593.2805423898972,352.2056832694148,60.0,241.07485912048236,0.0,0.0,0.0
2024-08-24 09:00:00,593.2805423898972,546.5733177826139,60.0,46.70722460728325,0.0,0.0,0.0
2024-08-24 10:00:00,474.6244339119178,769.2879389709245,339.54234579450275,0.0,0.0,294.66350505900675,0.0
2024-08-24 11:00:00,474.6244339119178,982.0143854830119,820.8947184486588,0.0,0.0,507.3899515710941,0.0
2024-08-24 12:00:00,474.6244339119178,1136.933872484779,1180.5455672591538,0.0,283.2041570215199,379.10528155134125,0.0
2024-08-24 13:00:00,474.6244339119178,1193.8258838709678,1199.0016626734416,0.0,699.7470172182038,19.454432740846187,0.0
2024-08-24 14:00:00,474.6244339119178,1136.933872484779,1199.948768620968,0.0,661.3111012463028,0.998337326558385,0.0
2024-08-24 15:00:00,474.6244339119178,982.0143854830119,1199.9973709745918,0.0,507.33872019206206,0.05123137903206043,0.0
2024-08-24 16:00:00,474.6244339119178,769.2879389709245,1199.9998650870866,0.0,294.6608760335986,0.0026290254081686726,0.0
2024-08-24 17:00:00,474.6244339119178,546.5733177826139,1199.9999930767142,0.0,71.94874895778275,0.0001349129133814131,0.0
2024-08-24 18:00:00,355.96832543393833,352.2056832694148,1196.0338199900207,0.0,0.0,0.0,3.762642164523527
2024-08-24 19:00:00,355.96832543393833,205.84139754342704,1037.7861432373963,0.0,0.0,0.0,150.1269278905113
2024-08-24 20:00:00,148.3201355974743,109.10823076822008,996.4531663526633,0.0,0.0,0.0,39.21190482925421
2024-08-24 21:00:00,148.3201355974743,52.453048617544404,895.4003838519795,0.0,0.0,0.0,95.8670869799299
2024-08-24 22:00:00,148.3201355974743,22.870327600928704,763.1646754186834,0.0,0.0,0.0,125.44980799654559
2024-08-24 23:00:00,47.46244339119178,9.044039820814971,722.6681223020381,0.0,0.0,0.0,38.41840357037681
2024-08-25 00:00:00,47.462443391191776,0.3112886483255428,672.9664412038687,0.0,0.0,0.0,47.15115474286623
2024-08-25 01:00:00,47.462443391191776,1.055134722065149,624.0488427128962,0.0,0.0,0.0,46.40730866912663
2024-08-25 02:00:00,47.462443391191776,3.243702202019359,577.4381969051337,0.0,0.0,0.0,44.21874118917242
2024-08-25 03:00:00,47.462443391191776,9.044039820814971,536.9416437884885,0.0,0.0,0.0,38.4184035703768
2024-08-25 04:00:00,47.462443391191776,22.870327600928704,511.01927766188084,0.0,0.0,0.0,24.592115790263072
2024-08-25 05:00:00,47.462443391191776,52.453048617544404,515.7537814872852,0.0,0.0,4.990605226352628,0.0
2024-08-25 06:00:00,177.98416271696917,109.10823076822008,443.15217451234963,0.0,0.0,0.0,68.87593194874908
2024-08-25 07:00:00,593.2805423898972,205.84139754342704,60.0,23.949076274868276,0.0,0.0,363.49006857160185
2024-08-25 08:00:00,593.2805423898972,352.2056832694148,60.0,241.07485912048236,0.0,0.0,0.0
2024-08-25 09:00:00,593.2805423898972,546.5733177826139,60.0,46.70722460728325,0.0,0.0,0.0
2024-08-25 10:00:00,474.6244339119178,769.2879389709245,339.54234579450275,0.0,0.0,294.66350505900675,0.0
2024-08-25 11:00:00,474.6244339119178,982.0143854830119,820.8947184486588,0.0,0.0,507.3899515710941,0.0
2024-08-25 12:00:00,474.6244339119178,1136.933872484779,1180.5455672591538,0.0,283.2041570215199,379.10528155134125,0.0
2024-08-25 13:00:00,474.6244339119178,1193.8258838709678,1199.0016626734416,0.0,699.7470172182038,19.454432740846187,0.0
2024-08-25 14:00:00,474.6244339119178,1136.933872484779,1199.948768620968,0.0,661.3111012463028,0.998337326558385,0.0
2024-08-25 15:00:00,474.6244339119178,982.0143854830119,1199.9973709745918,0.0,507.33872019206206,0.05123137903206043,0.0
2024-08-25 16:00:00,474.6244339119178,769.2879389709245,1199.9998650870866,0.0,294.6608760335986,0.0026290254081686726,0.0
2024-08-25 17:00:00,474.6244339119178,546.5733177826139,1199.9999930767142,0.0,71.94874895778275,0.0001349129133814131,0.0
2024-08-25 18:00:00,355.96832543393833,352.2056832694148,1196.0338199900207,0.0,0.0,0.0,3.762642164523527
2024-08-25 19:00:00,355.96832543393833,205.84139754342704,1037.7861432373963,0.0,0.0,0.0,150.1269278905113
2024-08-25 20:00:00,148.3201355974743,109.10823076822008,996.4531663526633,0.0,0.0,0.0,39.21190482925421
2024-08-25 21:00:00,148.3201355974743,52.453048617544404,895.4003838519795,0.0,0.0,0.0,95.8670869799299
2024-08-25 22:00:00,148.3201355974743,22.870327600928704,763.1646754186834,0.0,0.0,0.0,125.44980799654559
2024-08-25 23:00:00,47.462443391191776,9.044039820814971,722.6681223020381,0.0,0.0,0.0,38.4184035703768
2024-08-26 00:00:00,47.462443391191776,0.3112886483255428,672.9664412038687,0.0,0.0,0.0,47.15115474286623
2024-08-26 01:00:00,47.462443391191776,1.055134722065149,624.0488427128962,0.0,0.0,0.0,46.40730866912663
2024-08-26 02:00:00,47.462443391191776,3.243702202019359,577.4381969051337,0.0,0.0,0.0,44.21874118917242
2024-08-26 03:00:00,47.462443391191776,9.044039820814971,536.9416437884885,0.0,0.0,0.0,38.4184035703768
2024-08-26 04:00:00,47.462443391191776,22.870327600928704,511.01927766188084,0.0,0.0,0.0,24.592115790263072
2024-08-26 05:00:00,47.462443391191776,52.453048617544404,515.7537814872852,0.0,0.0,4.990605226352628,0.0
2024-08-26 06:00:00,177.98416271696917,109.10823076822008,443.15217451234963,0.0,0.0,0.0,68.87593194874908
2024-08-26 07:00:00,593.2805423898972,205.84139754342704,60.0,23.949076274868276,0.0,0.0,363.49006857160185
2024-08-26 08:00:00,593.2805423898972,352.2056832694148,60.0,241.07485912048236,0.0,0.0,0.0
2024-08-26 09:00:00,593.2805423898972,546.5733177826139,60.0,46.70722460728325,0.0,0.0,0.0
2024-08-26 10:00:00,474.6244339119178,769.2879389709245,339.54234579450275,0.0,0.0,294.66350505900675,0.0
2024-08-26 11:00:00,474.6244339119178,982.0143854830119,820.8947184486588,0.0,0.0,507.3899515710941,0.0
2024-08-26 12:00:00,474.6244339119178,1136.933872484779,1180.5455672591538,0.0,283.2041570215199,379.10528155134125,0.0
2024-08-26 13:00:00,474.6244339119178,1193.8258838709678,1199.0016626734416,0.0,699.7470172182038,19.454432740846187,0.0
2024-08-26 14:00:00,474.6244339119178,1136.933872484779,1199.948768620968,0.0,661.3111012463028,0.998337326558385,0.0
2024-08-26 15:00:00,474.6244339119178,982.0143854830119,1199.9973709745918,0.0,507.33872019206206,0.05123137903206043,0.0
2024-08-26 16:00:00,474.6244339119178,769.2879389709245,1199.9998650870866,0.0,294.6608760335986,0.0026290254081686726,0.0
2024-08-26 17:00:00,474.6244339119178,546.5733177826139,1199.9999930767142,0.0,71.94874895778275,0.0001349129133814131,0.0
2024-08-26 18:00:00,355.96832543393833,352.2056832694148,1196.0338199900207,0.0,0.0,0.0,3.762642164523527
2024-08-26 19:00:00,355.96832543393833,205.84139754342704,1037.7861432373963,0.0,0.0,0.0,150.1269278905113
2024-08-26 20:00:00,148.3201355974743,109.10823076822008,996.4531663526633,0.0,0.0,0.0,39.21190482925421
2024-08-26 21:00:00,148.3201355974743,52.453048617544404,895.4003838519795,0.0,0.0,0.0,95.8670869799299
2024-08-26 22:00:00,148.3201355974743,22.870327600928704,763.1646754186834,0.0,0.0,0.0,125.44980799654559
2024-08-26 23:00:00,47.462443391191776,9.044039820814971,722.6681223020381,0.0,0.0,0.0,38.4184035703768
2024-08-27 00:00:00,47.462443391191776,0.3112886483255428,672.9664412038687,0.0,0.0,0.0,47.15115474286623
2024-08-27 01:00:00,47.462443391191776,1.055134722065149,624.0488427128962,0.0,0.0,0.0,46.40730866912663
2024-08-27 02:00:00,47.462443391191776,3.243702202019359,577.4381969051337,0.0,0.0,0.0,44.21874118917242
2024-08-27 03:00:00,47.462443391191776,9.044039820814971,536.9416437884885,0.0,0.0,0.0,38.4184035703768
2024-08-27 04:00:00,47.462443391191776,22.870327600928704,511.01927766188084,0.0,0.0,0.0,24.592115790263072
2024-08-27 05:00:00,47.462443391191776,52.453048617544404,515.7537814872852,0.0,0.0,4.990605226352628,0.0
2024-08-27 06:00:00,177.98416271696917,109.10823076822008,443.15217451234963,0.0,0.0,0.0,68.87593194874908
2024-08-27 07:00:00,593.2805423898972,205.84139754342704,60.0,23.949076274868276,0.0,0.0,363.49006857160185
2024-08-27 08:00:00,593.2805423898972,352.2056832694148,60.0,241.07485912048236,0.0,0.0,0.0
2024-08-27 09:00:00,593.2805423898972,546.5733177826139,60.0,46.70722460728325,0.0,0.0,0.0
2024-08-27 10:00:00,474.6244339119178,769.2879389709245,339.54234579450275,0.0,0.0,294.66350505900675,0.0
2024-08-27 11:00:00,474.6244339119178,982.0143854830119,820.8947184486588,0.0,0.0,507.3899515710941,0.0
2024-08-27 12:00:00,474.6244339119178,1136.933872484779,1180.5455672591538,0.0,283.2041570215199,379.10528155134125,0.0
2024-08-27 13:00:00,474.6244339119178,1193.8258838709678,1199.0016626734416,0.0,699.7470172182038,19.454432740846187,0.0
2024-08-27 14:00:00,474.6244339119178,1136.933872484779,1199.948768620968,0.0,661.3111012463028,0.998337326558385,0.0
2024-08-27 15:00:00,474.6244339119178,982.0143854830119,1199.9973709745918,0.0,507.33872019206206,0.05123137903206043,0.0
2024-08-27 16:00:00,474.6244339119178,769.2879389709245,1199.9998650870866,0.0,294.6608760335986,0.0026290254081686726,0.0
2024-08-27 17:00:00,474.6244339119178,546.5733177826139,1199.9999930767142,0.0,71.94874895778275,0.0001349129133814131,0.0
2024-08-27 18:00:00,355.96832543393833,352.2056832694148,1196.0338199900207,0.0,0.0,0.0,3.762642164523527
2024-08-27 19:00:00,355.96832543393833,205.84139754342704,1037.7861432373963,0.0,0.0,0.0,150.1269278905113
2024-08-27 20:00:00,148.3201355974743,109.10823076822008,996.4531663526633,0.0,0.0,0.0,39.21190482925421
2024-08-27 21:00:00,148.3201355974743,52.453048617544404,895.4003838519795,0.0,0.0,0.0,95.8670869799299
2024-08-27 22:00:00,148.3201355974743,22.870327600928704,763.1646754186834,0.0,0.0,0.0,125.44980799654559
2024-08-27 23:00:00,47.462443391191776,9.044039820814971,722.6681223020381,0.0,0.0,0.0,38.4184035703768
2024-08-28 00:00:00,47.462443391191776,0.3112886483255428,672.9664412038687,0.0,0.0,0.0,47.15115474286623
2024-08-28 01:00:00,47.462443391191776,1.055134722065149,624.0488427128962,0.0,0.0,0.0,46.40730866912663
2024-08-28 02:00:00,47.462443391191776,3.243702202019359,577.4381969051337,0.0,0.0,0.0,44.21874118917242
2024-08-28 03:00:00,47.462443391191776,9.044039820814971,536.9416437884885,0.0,0.0,0.0,38.4184035703768
2024-08-28 04:00:00,47.462443391191776,22.870327600928704,511.01927766188084,0.0,0.0,0.0,24.592115790263072
2024-08-28 05:00:00,47.462443391191776,52.453048617544404,515.7537814872852,0.0,0.0,4.990605226352628,0.0
2024-08-28 06:00:00,177.98416271696917,109.10823076822008,443.15217451234963,0.0,0.0,0.0,68.87593194874908
2024-08-28 07:00:00,593.2805423898972,205.84139754342704,60.0,23.949076274868276,0.0,0.0,363.49006857160185
2024-08-28 08:00:00,593.2805423898972,352.2056832694148,60.0,241.07485912048236,0.0,0.0,0.0
2024-08-28 09:00:00,593.2805423898972,546.5733177826139,60.0,46.70722460728325,0.0,0.0,0.0
2024-08-28 10:00:00,474.6244339119178,769.2879389709245,339.54234579450275,0.0,0.0,294.66350505900675,0.0
2024-08-28 11:00:00,474.6244339119178,982.0143854830119,820.8947184486588,0.0,0.0,507.3899515710941,0.0
2024-08-28 12:00:00,474.6244339119178,1136.933872484779,1180.5455672591538,0.0,283.2041570215199,379.10528155134125,0.0
2024-08-28 13:00:00,474.6244339119178,1193.8258838709678,1199.0016626734416,0.0,699.7470172182038,19.454432740846187,0.0
2024-08-28 14:00:00,474.6244339119178,1136.933872484779,1199.948768620968,0.0,661.3111012463028,0.998337326558385,0.0
2024-08-28 15:00:00,474.6244339119178,982.0143854830119,1199.9973709745918,0.0,507.33872019206206,0.05123137903206043,0.0
2024-08-28 16:00:00,474.6244339119178,769.2879389709245,1199.9998650870866,0.0,294.6608760335986,0.0026290254081686726,0.0
2024-08-28 17:00:00,474.6244339119178,546.5733177826139,1199.9999930767142,0.0,71.94874895778275,0.0001349129133814131,0.0
2024-08-28 18:00:00,355.96832543393833,352.2056832694148,1196.0338199900207,0.0,0.0,0.0,3.762642164523527
2024-08-28 19:00:00,355.96832543393833,205.84139754342704,1037.7861432373963,0.0,0.0,0.0,150.1269278905113
2024-08-28 20:00:00,148.3201355974743,109.10823076822008,996.4531663526633,0.0,0.0,0.0,39.21190482925421
2024-08-28 21:00:00,148.3201355974743,52.453048617544404,895.4003838519795,0.0,0.0,0.0,95.8670869799299
2024-08-28 22:00:00,148.3201355974743,22.870327600928704,763.1646754186834,0.0,0.0,0.0,125.44980799654559
2024-08-28 23:00:00,47.462443391191776,9.044039820814971,722.6681223020381,0.0,0.0,0.0,38.4184035703768
2024-08-29 00:00:00,47.462443391191776,0.3112886483255428,672.9664412038687,0.0,0.0,0.0,47.15115474286623
2024-08-29 01:00:00,47.462443391191776,1.055134722065149,624.0488427128962,0.0,0.0,0.0,46.40730866912663
2024-08-29 02:00:00,47.462443391191776,3.243702202019359,577.4381969051337,0.0,0.0,0.0,44.21874118917242
2024-08-29 03:00:00,47.462443391191776,9.044039820814971,536.9416437884885,0.0,0.0,0.0,38.4184035703768
2024-08-29 04:00:00,47.462443391191776,22.870327600928704,511.01927766188084,0.0,0.0,0.0,24.592115790263072
2024-08-29 05:00:00,47.462443391191776,52.453048617544404,515.7537814872852,0.0,0.0,4.990605226352628,0.0
2024-08-29 06:00:00,177.98416271696917,109.10823076822008,443.15217451234963,0.0,0.0,0.0,68.87593194874908
2024-08-29 07:00:00,593.2805423898972,205.84139754342704,60.0,23.949076274868276,0.0,0.0,363.49006857160185
2024-08-29 08:00:00,593.2805423898972,352.2056832694148,60.0,241.07485912048236,0.0,0.0,0.0
2024-08-29 09:00:00,593.2805423898972,546.5733177826139,60.0,46.70722460728325,0.0,0.0,0.0
2024-08-29 10:00:00,474.6244339119178,769.2879389709245,339.54234579450275,0.0,0.0,294.66350505900675,0.0
2024-08-29 11:00:00,474.6244339119178,982.0143854830119,820.8947184486588,0.0,0.0,507.3899515710941,0.0
2024-08-29 12:00:00,474.6244339119178,1136.933872484779,1180.5455672591538,0.0,283.2041570215199,379.10528155134125,0.0
2024-08-29 13:00:00,474.6244339119178,1193.8258838709678,1199.0016626734416,0.0,699.7470172182038,19.454432740846187,0.0
2024-08-29 14:00:00,474.6244339119178,1136.933872484779,1199.948768620968,0.0,661.3111012463028,0.998337326558385,0.0
2024-08-29 15:00:00,474.6244339119178,982.0143854830119,1199.9973709745918,0.0,507.33872019206206,0.05123137903206043,0.0
2024-08-29 16:00:00,474.6244339119178,769.2879389709245,1199.9998650870866,0.0,294.6608760335986,0.0026290254081686726,0.0
2024-08-29 17:00:00,474.6244339119178,546.5733177826139,1199.9999930767142,0.0,71.94874895778275,0.0001349129133814131,0.0
2024-08-29 18:00:00,355.96832543393833,352.2056832694148,1196.0338199900207,0.0,0.0,0.0,3.762642164523527
2024-08-29 19:00:00,355.96832543393833,205.84139754342704,1037.7861432373963,0.0,0.0,0.0,150.1269278905113
2024-08-29 20:00:00,148.3201355974743,109.10823076822008,996.4531663526633,0.0,0.0,0.0,39.21190482925421
2024-08-29 21:00:00,148.3201355974743,52.453048617544404,895.4003838519795,0.0,0.0,0.0,95.8670869799299
2024-08-29 22:00:00,148.3201355974743,22.870327600928704,763.1646754186834,0.0,0.0,0.0,125.44980799654559
2024-08-29 23:00:00,47.462443391191776,9.044039820814971,722.6681223020381,0.0,0.0,0.0,38.4184035703768
2024-08-30 00:00:00,47.46244339119178,0.3112886483255428,672.9664412038687,0.0,0.0,0.0,47.15115474286624
2024-08-30 01:00:00,47.46244339119178,1.055134722065149,624.0488427128962,0.0,0.0,0.0,46.407308669126635
2024-08-30 02:00:00,47.46244339119178,3.243702202019359,577.4381969051337,0.0,0.0,0.0,44.21874118917243
2024-08-30 03:00:00,47.46244339119178,9.044039820814971,536.9416437884885,0.0,0.0,0.0,38.41840357037681
2024-08-30 04:00:00,47.46244339119178,22.870327600928704,511.01927766188084,0.0,0.0,0.0,24.59211579026308
2024-08-30 05:00:00,47.46244339119178,52.453048617544404,515.7537814872852,0.0,0.0,4.990605226352621,0.0
2024-08-30 06:00:00,177.98416271696917,109.10823076822008,443.15217451234963,0.0,0.0,0.0,68.87593194874908
2024-08-30 07:00:00,593.2805423898972,205.84139754342704,60.0,23.949076274868276,0.0,0.0,363.49006857160185
2024-08-30 08:00:00,593.2805423898972,352.2056832694148,60.0,241.07485912048236,0.0,0.0,0.0
2024-08-30 09:00:00,593.2805423898972,546.5733177826139,60.0,46.70722460728325,0.0,0.0,0.0
2024-08-30 10:00:00,474.6244339119178,769.2879389709245,339.54234579450275,0.0,0.0,294.66350505900675,0.0
2024-08-30 11:00:00,474.6244339119178,982.0143854830119,820.8947184486588,0.0,0.0,507.3899515710941,0.0
2024-08-30 12:00:00,474.6244339119178,1136.933872484779,1180.5455672591538,0.0,283.2041570215199,379.10528155134125,0.0
2024-08-30 13:00:00,474.6244339119178,1193.8258838709678,1199.0016626734416,0.0,699.7470172182038,19.454432740846187,0.0
2024-08-30 14:00:00,474.6244339119178,1136.933872484779,1199.948768620968,0.0,661.3111012463028,0.998337326558385,0.0
2024-08-30 15:00:00,474.6244339119178,982.0143854830119,1199.9973709745918,0.0,507.33872019206206,0.05123137903206043,0.0
2024-08-30 16:00:00,474.6244339119178,769.2879389709245,1199.9998650870866,0.0,294.6608760335986,0.0026290254081686726,0.0
2024-08-30 17:00:00,474.6244339119178,546.5733177826139,1199.9999930767142,0.0,71.94874895778275,0.0001349129133814131,0.0
2024-08-30 18:00:00,355.96832543393833,352.2056832694148,1196.0338199900207,0.0,0.0,0.0,3.762642164523527
2024-08-30 19:00:00,355.96832543393833,205.84139754342704,1037.7861432373963,0.0,0.0,0.0,150.1269278905113
2024-08-30 20:00:00,148.3201355974743,109.10823076822008,996.4531663526633,0.0,0.0,0.0,39.21190482925421
2024-08-30 21:00:00,148.3201355974743,52.453048617544404,895.4003838519795,0.0,0.0,0.0,95.8670869799299
2024-08-30 22:00:00,148.3201355974743,22.870327600928704,763.1646754186834,0.0,0.0,0.0,125.44980799654559
2024-08-30 23:00:00,47.46244339119178,9.044039820814971,722.6681223020381,0.0,0.0,0.0,38.41840357037681
2024-08-31 00:00:00,47.46244339119178,0.3112886483255428,672.9664412038687,0.0,0.0,0.0,47.15115474286624
2024-08-31 01:00:00,47.46244339119178,1.055134722065149,624.0488427128962,0.0,0.0,0.0,46.407308669126635
2024-08-31 02:00:00,47.46244339119178,3.243702202019359,577.4381969051337,0.0,0.0,0.0,44.21874118917243
2024-08-31 03:00:00,47.46244339119178,9.044039820814971,536.9416437884885,0.0,0.0,0.0,38.41840357037681
2024-08-31 04:00:00,47.46244339119178,22.870327600928704,511.01927766188084,0.0,0.0,0.0,24.59211579026308
2024-08-31 05:00:00,47.46244339119178,52.453048617544404,515.7537814872852,0.0,0.0,4.990605226352621,0.0
2024-08-31 06:00:00,177.98416271696917,109.10823076822008,443.15217451234963,0.0,0.0,0.0,68.87593194874908
2024-08-31 07:00:00,593.2805423898972,205.84139754342704,60.0,23.949076274868276,0.0,0.0,363.49006857160185
2024-08-31 08:00:00,593.2805423898972,352.2056832694148,60.0,241.07485912048236,0.0,0.0,0.0
2024-08-31 09:00:00,593.2805423898972,546.5733177826139,60.0,46.70722460728325,0.0,0.0,0.0
2024-08-31 10:00:00,474.6244339119178,769.2879389709245,339.54234579450275,0.0,0.0,294.66350505900675,0.0
2024-08-31 11:00:00,474.6244339119178,982.0143854830119,820.8947184486588,0.0,0.0,507.3899515710941,0.0
2024-08-31 12:00:00,474.6244339119178,1136.933872484779,1180.5455672591538,0.0,283.2041570215199,379.10528155134125,0.0
2024-08-31 13:00:00,474.6244339119178,1193.8258838709678,1199.0016626734416,0.0,699.7470172182038,19.454432740846187,0.0
2024-08-31 14:00:00,474.6244339119178,1136.933872484779,1199.948768620968,0.0,661.3111012463028,0.998337326558385,0.0
2024-08-31 15:00:00,474.6244339119178,982.0143854830119,1199.9973709745918,0.0,507.33872019206206,0.05123137903206043,0.0
2024-08-31 16:00:00,474.6244339119178,769.2879389709245,1199.9998650870866,0.0,294.6608760335986,0.0026290254081686726,0.0
2024-08-31 17:00:00,474.6244339119178,546.5733177826139,1199.9999930767142,0.0,71.94874895778275,0.0001349129133814131,0.0
2024-08-31 18:00:00,355.96832543393833,352.2056832694148,1196.0338199900207,0.0,0.0,0.0,3.762642164523527
2024-08-31 19:00:00,355.96832543393833,205.84139754342704,1037.7861432373963,0.0,0.0,0.0,150.1269278905113
2024-08-31 20:00:00,148.3201355974743,109.10823076822008,996.4531663526633,0.0,0.0,0.0,39.21190482925421
2024-08-31 21:00:00,148.3201355974743,52.453048617544404,895.4003838519795,0.0,0.0,0.0,95.8670869799299
2024-08-31 22:00:00,148.3201355974743,22.870327600928704,763.1646754186834,0.0,0.0,0.0,125.44980799654559
2024-08-31 23:00:00,47.46244339119178,9.044039820814971,722.6681223020381,0.0,0.0,0.0,38.41840357037681
2024-09-01 00:00:00,47.66207770468415,0.28227739334554325,672.7254276127765,0.0,0.0,0.0,47.379800311338606
2024-09-01 01:00:00,47.66207770468415,0.9567990370835674,623.4937411652791,0.0,0.0,0.0,46.70527866760058
2024-09-01 02:00:00,47.66207770468415,2.9413979831917043,576.3540056883388,0.0,0.0,0.0,44.720679721492445
2024-09-01 03:00:00,47.66207770468415,8.201159919147182,534.7585461006906,0.0,0.0,0.0,39.46091778553697
2024-09-01 04:00:00,47.66207770468415,20.7388753007061,506.37899893326016,0.0,0.0,0.0,26.923202403978053
2024-09-01 05:00:00,47.66207770468415,47.56456721577326,506.27621385302183,0.0,0.0,0.0,0.09751048891089198
2024-09-01 06:00:00,178.7327913925656,98.93964055376692,422.1668477423622,0.0,0.0,0.0,79.79315083879867
2024-09-01 07:00:00,595.7759713085519,186.65753940502603,60.0,65.53679234274347,0.0,0.0,343.58163956078243
2024-09-01 08:00:00,595.7759713085519,319.38107197151703,60.0,276.3948993370349,0.0,0.0,0.0
2024-09-01 09:00:00,595.7759713085519,495.6341718396084,60.0,100.14179946894347,0.0,0.0,0.0
2024-09-01 10:00:00,476.62077704684157,697.5923963593486,269.6320845849518,0.0,0.0,220.97161931250707,0.0
2024-09-01 11:00:00,476.62077704684157,890.4933169039829,662.2660506691673,0.0,0.0,413.8725398571413,0.0
2024-09-01 12:00:00,476.62077704684157,1030.9747292668096,1172.4052671940694,0.0,16.62000288913532,537.7339493308327,0.0
2024-09-01 13:00:00,476.62077704684157,1082.56456,1198.5839293212223,0.0,578.3490501472279,27.594732805930562,0.0
2024-09-01 14:00:00,476.62077704684157,1030.9747292668096,1199.9273319230379,0.0,552.9378815411903,1.4160706787777144,0.0
2024-09-01 15:00:00,476.62077704684157,890.4933169039829,1199.9962709139534,0.0,413.79987178017916,0.07266807696214528,0.0
2024-09-01 16:00:00,476.62077704684157,697.5923963593486,1199.999808635603,0.0,220.96789022646044,0.0037290860466328013,0.0
2024-09-01 17:00:00,476.62077704684157,495.6341718396084,1199.9999901798103,0.0,19.013203428369764,0.0001913643970965495,0.0
2024-09-01 18:00:00,357.4655827851312,319.38107197151703,1159.8553909316993,0.0,0.0,0.0,38.084510813614145
2024-09-01 19:00:00,357.4655827851312,186.65753940502603,979.8079043457067,0.0,0.0,0.0,170.80804338010515
2024-09-01 20:00:00,148.94399282713798,98.93964055376692,927.0986889772829,0.0,0.0,0.0,50.004352273371055
2024-09-01 21:00:00,148.94399282713798,47.56456721577326,820.2353913734427,0.0,0.0,0.0,101.37942561136472
2024-09-01 22:00:00,148.94399282713798,20.7388753007061,685.0953316824102,0.0,0.0,0.0,128.20511752643188
2024-09-01 23:00:00,47.66207770468415,8.201159919147182,643.499872094762,0.0,0.0,0.0,39.46091778553697
2024-09-02 00:00:00,47.66207770468415,0.28227739334554325,593.5571774055004,0.0,0.0,0.0,47.379800311338606
2024-09-02 01:00:00,47.66207770468415,0.9567990370835674,544.325490958003,0.0,0.0,0.0,46.70527866760058
2024-09-02 02:00:00,47.66207770468415,2.9413979831917043,497.1857554810628,0.0,0.0,0.0,44.720679721492445
2024-09-02 03:00:00,47.66207770468415,8.201159919147182,455.5902958934146,0.0,0.0,0.0,39.46091778553697
2024-09-02 04:00:00,47.66207770468415,20.7388753007061,427.2107487259841,0.0,0.0,0.0,26.923202403978053
2024-09-02 05:00:00,47.66207770468415,47.56456721577326,427.10796364574577,0.0,0.0,0.0,0.09751048891089198
2024-09-02 06:00:00,178.7327913925656,98.93964055376692,342.99859753508616,0.0,0.0,0.0,79.79315083879867
2024-09-02 07:00:00,595.7759713085519,186.65753940502603,60.0,140.64238905027037,0.0,0.0,268.47604285325554
2024-09-02 08:00:00,595.7759713085519,319.38107197151703,60.0,276.3948993370349,0.0,0.0,0.0
2024-09-02 09:00:00,595.7759713085519,495.6341718396084,60.0,100.14179946894347,0.0,0.0,0.0
2024-09-02 10:00:00,476.62077704684157,697.5923963593486,269.6320845849518,0.0,0.0,220.97161931250707,0.0
2024-09-02 11:00:00,476.62077704684157,890.4933169039829,662.2660506691673,0.0,0.0,413.8725398571413,0.0
2024-09-02 12:00:00,476.62077704684157,1030.9747292668096,1172.4052671940694,0.0,16.62000288913532,537.7339493308327,0.0
2024-09-02 13:00:00,476.62077704684157,1082.56456,1198.5839293212223,0.0,578.3490501472279,27.594732805930562,0.0
2024-09-02 14:00:00,476.62077704684157,1030.9747292668096,1199.9273319230379,0.0,552.9378815411903,1.4160706787777144,0.0
2024-09-02 15:00:00,476.62077704684157,890.4933169039829,1199.9962709139534,0.0,413.79987178017916,0.07266807696214528,0.0
2024-09-02 16:00:00,476.62077704684157,697.5923963593486,1199.999808635603,0.0,220.96789022646044,0.0037290860466328013,0.0
2024-09-02 17:00:00,476.62077704684157,495.6341718396084,1199.9999901798103,0.0,19.013203428369764,0.0001913643970965495,0.0
2024-09-02 18:00:00,357.4655827851312,319.38107197151703,1159.8553909316993,0.0,0.0,0.0,38.084510813614145
2024-09-02 19:00:00,357.4655827851312,186.65753940502603,979.8079043457067,0.0,0.0,0.0,170.80804338010515
2024-09-02 20:00:00,148.94399282713798,98.93964055376692,927.0986889772829,0.0,0.0,0.0,50.004352273371055
2024-09-02 21:00:00,148.94399282713798,47.56456721577326,820.2353913734427,0.0,0.0,0.0,101.37942561136472
2024-09-02 22:00:00,148.94399282713798,20.7388753007061,685.0953316824102,0.0,0.0,0.0,128.20511752643188
2024-09-02 23:00:00,47.66207770468415,8.201159919147182,643.499872094762,0.0,0.0,0.0,39.46091778553697
2024-09-03 00:00:00,47.66207770468415,0.28227739334554325,593.5571774055004,0.0,0.0,0.0,47.379800311338606
2024-09-03 01:00:00,47.66207770468415,0.9567990370835674,544.325490958003,0.0,0.0,0.0,46.70527866760058
2024-09-03 02:00:00,47.66207770468415,2.9413979831917043,497.1857554810628,0.0,0.0,0.0,44.720679721492445
2024-09-03 03:00:00,47.66207770468415,8.201159919147182,455.5902958934146,0.0,0.0,0.0,39.46091778553697
2024-09-03 04:00:00,47.66207770468415,20.7388753007061,427.2107487259841,0.0,0.0,0.0,26.923202403978053
2024-09-03 05:00:00,47.66207770468415,47.56456721577326,427.10796364574577,0.0,0.0,0.0,0.09751048891089198
2024-09-03 06:00:00,178.7327913925656,98.93964055376692,342.99859753508616,0.0,0.0,0.0,79.79315083879867
2024-09-03 07:00:00,595.7759713085519,186.65753940502603,60.0,140.64238905027037,0.0,0.0,268.47604285325554
2024-09-03 08:00:00,595.7759713085519,319.38107197151703,60.0,276.3948993370349,0.0,0.0,0.0
2024-09-03 09:00:00,595.7759713085519,495.6341718396084,60.0,100.14179946894347,0.0,0.0,0.0
2024-09-03 10:00:00,476.62077704684157,697.5923963593486,269.6320845849518,0.0,0.0,220.97161931250707,0.0
2024-09-03 11:00:00,476.62077704684157,890.4933169039829,662.2660506691673,0.0,0.0,413.8725398571413,0.0
2024-09-03 12:00:00,476.62077704684157,1030.9747292668096,1172.4052671940694,0.0,16.62000288913532,537.7339493308327,0.0
2024-09-03 13:00:00,476.62077704684157,1082.56456,1198.5839293212223,0.0,578.3490501472279,27.594732805930562,0.0
2024-09-03 14:00:00,476.62077704684157,1030.9747292668096,1199.9273319230379,0.0,552.9378815411903,1.4160706787777144,0.0
2024-09-03 15:00:00,476.62077704684157,890.4933169039829,1199.9962709139534,0.0,413.79987178017916,0.07266807696214528,0.0
2024-09-03 16:00:00,476.62077704684157,697.5923963593486,1199.999808635603,0.0,220.96789022646044,0.0037290860466328013,0.0
2024-09-03 17:00:00,476.62077704684157,495.6341718396084,1199.9999901798103,0.0,19.013203428369764,0.0001913643970965495,0.0
2024-09-03 18:00:00,357.4655827851312,319.38107197151703,1159.8553909316993,0.0,0.0,0.0,38.084510813614145
2024-09-03 19:00:00,357.4655827851312,186.65753940502603,979.8079043457067,0.0,0.0,0.0,170.80804338010515
2024-09-03 20:00:00,148.94399282713798,98.93964055376692,927.0986889772829,0.0,0.0,0.0,50.004352273371055
2024-09-03 21:00:00,148.94399282713798,47.56456721577326,820.2353913734427,0.0,0.0,0.0,101.37942561136472
2024-09-03 22:00:00,148.94399282713798,20.7388753007061,685.0953316824102,0.0,0.0,0.0,128.20511752643188
2024-09-03 23:00:00,47.66207770468415,8.201159919147182,643.499872094762,0.0,0.0,0.0,39.46091778553697
2024-09-04 00:00:00,47.66207770468416,0.28227739334554325,593.5571774055004,0.0,0.0,0.0,47.37980031133861
2024-09-04 01:00:00,47.66207770468416,0.9567990370835674,544.325490958003,0.0,0.0,0.0,46.70527866760059
2024-09-04 02:00:00,47.66207770468416,2.9413979831917043,497.18575548106276,0.0,0.0,0.0,44.72067972149245
2024-09-04 03:00:00,47.66207770468416,8.201159919147182,455.5902958934145,0.0,0.0,0.0,39.46091778553698
2024-09-04 04:00:00,47.66207770468416,20.7388753007061,427.21074872598405,0.0,0.0,0.0,26.92320240397806
2024-09-04 05:00:00,47.66207770468416,47.56456721577326,427.1079636457457,0.0,0.0,0.0,0.09751048891089908
2024-09-04 06:00:00,178.7327913925656,98.93964055376692,342.9985975350861,0.0,0.0,0.0,79.79315083879867
2024-09-04 07:00:00,595.7759713085519,186.65753940502603,60.0,140.64238905027042,0.0,0.0,268.4760428532555
2024-09-04 08:00:00,595.7759713085519,319.38107197151703,60.0,276.3948993370349,0.0,0.0,0.0
2024-09-04 09:00:00,595.7759713085519,495.6341718396084,60.0,100.14179946894347,0.0,0.0,0.0
2024-09-04 10:00:00,476.62077704684157,697.5923963593486,269.6320845849518,0.0,0.0,220.97161931250707,0.0
2024-09-04 11:00:00,476.62077704684157,890.4933169039829,662.2660506691673,0.0,0.0,413.8725398571413,0.0
2024-09-04 12:00:00,476.62077704684157,1030.9747292668096,1172.4052671940694,0.0,16.62000288913532,537.7339493308327,0.0
2024-09-04 13:00:00,476.62077704684157,1082.56456,1198.5839293212223,0.0,578.3490501472279,27.594732805930562,0.0
2024-09-04 14:00:00,476.62077704684157,1030.9747292668096,1199.9273319230379,0.0,552.9378815411903,1.4160706787777144,0.0
2024-09-04 15:00:00,476.62077704684157,890.4933169039829,1199.9962709139534,0.0,413.79987178017916,0.07266807696214528,0.0
2024-09-04 16:00:00,476.62077704684157,697.5923963593486,1199.999808635603,0.0,220.96789022646044,0.0037290860466328013,0.0
2024-09-04 17:00:00,476.62077704684157,495.6341718396084,1199.9999901798103,0.0,19.013203428369764,0.0001913643970965495,0.0
2024-09-04 18:00:00,357.4655827851312,319.38107197151703,1159.8553909316993,0.0,0.0,0.0,38.084510813614145
2024-09-04 19:00:00,357.4655827851312,186.65753940502603,979.8079043457067,0.0,0.0,0.0,170.80804338010515
2024-09-04 20:00:00,148.94399282713798,98.93964055376692,927.0986889772829,0.0,0.0,0.0,50.004352273371055
2024-09-04 21:00:00,148.94399282713798,47.56456721577326,820.2353913734427,0.0,0.0,0.0,101.37942561136472
2024-09-04 22:00:00,148.94399282713798,20.7388753007061,685.0953316824102,0.0,0.0,0.0,128.20511752643188
2024-09-04 23:00:00,47.66207770468416,8.201159919147182,643.499872094762,0.0,0.0,0.0,39.46091778553698
2024-09-05 00:00:00,47.66207770468416,0.28227739334554325,593.5571774055004,0.0,0.0,0.0,47.37980031133861
2024-09-05 01:00:00,47.66207770468416,0.9567990370835674,544.325490958003,0.0,0.0,0.0,46.70527866760059
2024-09-05 02:00:00,47.66207770468416,2.9413979831917043,497.18575548106276,0.0,0.0,0.0,44.72067972149245
2024-09-05 03:00:00,47.66207770468416,8.201159919147182,455.5902958934145,0.0,0.0,0.0,39.46091778553698
2024-09-05 04:00:00,47.66207770468416,20.7388753007061,427.21074872598405,0.0,0.0,0.0,26.92320240397806
2024-09-05 05:00:00,47.66207770468416,47.56456721577326,427.1079636457457,0.0,0.0,0.0,0.09751048891089908
2024-09-05 06:00:00,178.7327913925656,98.93964055376692,342.9985975350861,0.0,0.0,0.0,79.79315083879867
2024-09-05 07:00:00,595.7759713085519,186.65753940502603,60.0,140.64238905027042,0.0,0.0,268.4760428532555
2024-09-05 08:00:00,595.7759713085519,319.38107197151703,60.0,276.3948993370349,0.0,0.0,0.0
2024-09-05 09:00:00,595.7759713085519,495.6341718396084,60.0,100.14179946894347,0.0,0.0,0.0
2024-09-05 10:00:00,476.62077704684157,697.5923963593486,269.6320845849518,0.0,0.0,220.97161931250707,0.0
2024-09-05 11:00:00,476.62077704684157,890.4933169039829,662.2660506691673,0.0,0.0,413.8725398571413,0.0
2024-09-05 12:00:00,476.62077704684157,1030.9747292668096,1172.4052671940694,0.0,16.62000288913532,537.7339493308327,0.0
2024-09-05 13:00:00,476.62077704684157,1082.56456,1198.5839293212223,0.0,578.3490501472279,27.594732805930562,0.0
2024-09-05 14:00:00,476.62077704684157,1030.9747292668096,1199.9273319230379,0.0,552.9378815411903,1.4160706787777144,0.0
2024-09-05 15:00:00,476.62077704684157,890.4933169039829,1199.9962709139534,0.0,413.79987178017916,0.07266807696214528,0.0
2024-09-05 16:00:00,476.62077704684157,697.5923963593486,1199.999808635603,0.0,220.96789022646044,0.0037290860466328013,0.0
2024-09-05 17:00:00,476.62077704684157,495.6341718396084,1199.9999901798103,0.0,19.013203428369764,0.0001913643970965495,0.0
2024-09-05 18:00:00,357.4655827851312,319.38107197151703,1159.8553909316993,0.0,0.0,0.0,38.084510813614145
2024-09-05 19:00:00,357.4655827851312,186.65753940502603,979.8079043457067,0.0,0.0,0.0,170.80804338010515
2024-09-05 20:00:00,148.94399282713798,98.93964055376692,927.0986889772829,0.0,0.0,0.0,50.004352273371055
2024-09-05 21:00:00,148.94399282713798,47.56456721577326,820.2353913734427,0.0,0.0,0.0,101.37942561136472
2024-09-05 22:00:00,148.94399282713798,20.7388753007061,685.0953316824102,0.0,0.0,0.0,128.20511752643188
2024-09-05 23:00:00,47.66207770468416,8.201159919147182,643.499872094762,0.0,0.0,0.0,39.46091778553698
2024-09-06 00:00:00,47.66207770468415,0.28227739334554325,593.5571774055004,0.0,0.0,0.0,47.379800311338606
2024-09-06 01:00:00,47.66207770468415,0.9567990370835674,544.325490958003,0.0,0.0,0.0,46.70527866760058
2024-09-06 02:00:00,47.66207770468415,2.9413979831917043,497.1857554810628,0.0,0.0,0.0,44.720679721492445
2024-09-06 03:00:00,47.66207770468415,8.201159919147182,455.5902958934146,0.0,0.0,0.0,39.46091778553697
2024-09-06 04:00:00,47.66207770468415,20.7388753007061,427.2107487259841,0.0,0.0,0.0,26.923202403978053
2024-09-06 05:00:00,47.66207770468415,47.56456721577326,427.10796364574577,0.0,0.0,0.0,0.09751048891089198
2024-09-06 06:00:00,178.7327913925656,98.93964055376692,342.99859753508616,0.0,0.0,0.0,79.79315083879867
2024-09-06 07:00:00,595.7759713085519,186.65753940502603,60.0,140.64238905027037,0.0,0.0,268.47604285325554
2024-09-06 08:00:00,595.7759713085519,319.38107197151703,60.0,276.3948993370349,0.0,0.0,0.0
2024-09-06 09:00:00,595.7759713085519,495.6341718396084,60.0,100.14179946894347,0.0,0.0,0.0
2024-09-06 10:00:00,476.62077704684157,697.5923963593486,269.6320845849518,0.0,0.0,220.97161931250707,0.0
2024-09-06 11:00:00,476.62077704684157,890.4933169039829,662.2660506691673,0.0,0.0,413.8725398571413,0.0
2024-09-06 12:00:00,476.62077704684157,1030.9747292668096,1172.4052671940694,0.0,16.62000288913532,537.7339493308327,0.0
2024-09-06 13:00:00,476.62077704684157,1082.56456,1198.5839293212223,0.0,578.3490501472279,27.594732805930562,0.0
2024-09-06 14:00:00,476.62077704684157,1030.9747292668096,1199.9273319230379,0.0,552.9378815411903,1.4160706787777144,0.0
2024-09-06 15:00:00,476.62077704684157,890.4933169039829,1199.9962709139534,0.0,413.79987178017916,0.07266807696214528,0.0
2024-09-06 16:00:00,476.62077704684157,697.5923963593486,1199.999808635603,0.0,220.96789022646044,0.0037290860466328013,0.0
2024-09-06 17:00:00,476.62077704684157,495.6341718396084,1199.9999901798103,0.0,19.013203428369764,0.0001913643970965495,0.0
2024-09-06 18:00:00,357.4655827851312,319.38107197151703,1159.8553909316993,0.0,0.0,0.0,38.084510813614145
2024-09-06 19:00:00,357.4655827851312,186.65753940502603,979.8079043457067,0.0,0.0,0.0,170.80804338010515
2024-09-06 20:00:00,148.94399282713798,98.93964055376692,927.0986889772829,0.0,0.0,0.0,50.004352273371055
2024-09-06 21:00:00,148.94399282713798,47.56456721577326,820.2353913734427,0.0,0.0,0.0,101.37942561136472
2024-09-06 22:00:00,148.94399282713798,20.7388753007061,685.0953316824102,0.0,0.0,0.0,128.20511752643188
2024-09-06 23:00:00,47.66207770468415,8.201159919147182,643.499872094762,0.0,0.0,0.0,39.46091778553697
2024-09-07 00:00:00,47.66207770468415,0.28227739334554325,593.5571774055004,0.0,0.0,0.0,47.379800311338606
2024-09-07 01:00:00,47.66207770468415,0.9567990370835674,544.325490958003,0.0,0.0,0.0,46.70527866760058
2024-09-07 02:00:00,47.66207770468415,2.9413979831917043,497.1857554810628,0.0,0.0,0.0,44.720679721492445
2024-09-07 03:00:00,47.66207770468415,8.201159919147182,455.5902958934146,0.0,0.0,0.0,39.46091778553697
2024-09-07 04:00:00,47.66207770468415,20.7388753007061,427.2107487259841,0.0,0.0,0.0,26.923202403978053
2024-09-07 05:00:00,47.66207770468415,47.56456721577326,427.10796364574577,0.0,0.0,0.0,0.09751048891089198
2024-09-07 06:00:00,178.7327913925656,98.93964055376692,342.99859753508616,0.0,0.0,0.0,79.79315083879867
2024-09-07 07:00:00,595.7759713085519,186.65753940502603,60.0,140.64238905027037,0.0,0.0,268.47604285325554
2024-09-07 08:00:00,595.7759713085519,319.38107197151703,60.0,276.3948993370349,0.0,0.0,0.0
2024-09-07 09:00:00,595.7759713085519,495.6341718396084,60.0,100.14179946894347,0.0,0.0,0.0
2024-09-07 10:00:00,476.62077704684157,697.5923963593486,269.6320845849518,0.0,0.0,220.97161931250707,0.0
2024-09-07 11:00:00,476.62077704684157,890.4933169039829,662.2660506691673,0.0,0.0,413.8725398571413,0.0
2024-09-07 12:00:00,476.62077704684157,1030.9747292668096,1172.4052671940694,0.0,16.62000288913532,537.7339493308327,0.0
2024-09-07 13:00:00,476.62077704684157,1082.56456,1198.5839293212223,0.0,578.3490501472279,27.594732805930562,0.0
2024-09-07 14:00:00,476.62077704684157,1030.9747292668096,1199.9273319230379,0.0,552.9378815411903,1.4160706787777144,0.0
2024-09-07 15:00:00,476.62077704684157,890.4933169039829,1199.9962709139534,0.0,413.79987178017916,0.07266807696214528,0.0
2024-09-07 16:00:00,476.62077704684157,697.5923963593486,1199.999808635603,0.0,220.96789022646044,0.0037290860466328013,0.0
2024-09-07 17:00:00,476.62077704684157,495.6341718396084,1199.9999901798103,0.0,19.013203428369764,0.0001913643970965495,0.0
2024-09-07 18:00:00,357.4655827851312,319.38107197151703,1159.8553909316993,0.0,0.0,0.0,38.084510813614145
2024-09-07 19:00:00,357.4655827851312,186.65753940502603,979.8079043457067,0.0,0.0,0.0,170.80804338010515
2024-09-07 20:00:00,148.94399282713798,98.93964055376692,927.0986889772829,0.0,0.0,0.0,50.004352273371055
2024-09-07 21:00:00,148.94399282713798,47.56456721577326,820.2353913734427,0.0,0.0,0.0,101.37942561136472
2024-09-07 22:00:00,148.94399282713798,20.7388753007061,685.0953316824102,0.0,0.0,0.0,128.20511752643188
2024-09-07 23:00:00,47.66207770468415,8.201159919147182,643.499872094762,0.0,0.0,0.0,39.46091778553697
2024-09-08 00:00:00,47.66207770468415,0.28227739334554325,593.5571774055004,0.0,0.0,0.0,47.379800311338606
2024-09-08 01:00:00,47.66207770468415,0.9567990370835674,544.325490958003,0.0,0.0,0.0,46.70527866760058
2024-09-08 02:00:00,47.66207770468415,2.9413979831917043,497.1857554810628,0.0,0.0,0.0,44.720679721492445
2024-09-08 03:00:00,47.66207770468415,8.201159919147182,455.5902958934146,0.0,0.0,0.0,39.46091778553697
2024-09-08 04:00:00,47.66207770468415,20.7388753007061,427.2107487259841,0.0,0.0,0.0,26.923202403978053
2024-09-08 05:00:00,47.66207770468415,47.56456721577326,427.10796364574577,0.0,0.0,0.0,0.09751048891089198
2024-09-08 06:00:00,178.7327913925656,98.93964055376692,342.99859753508616,0.0,0.0,0.0,79.79315083879867
2024-09-08 07:00:00,595.7759713085519,186.65753940502603,60.0,140.64238905027037,0.0,0.0,268.47604285325554
2024-09-08 08:00:00,595.7759713085519,319.38107197151703,60.0,276.3948993370349,0.0,0.0,0.0
2024-09-08 09:00:00,595.7759713085519,495.6341718396084,60.0,100.14179946894347,0.0,0.0,0.0
2024-09-08 10:00:00,476.62077704684157,697.5923963593486,269.6320845849518,0.0,0.0,220.97161931250707,0.0
2024-09-08 11:00:00,476.62077704684157,890.4933169039829,662.2660506691673,0.0,0.0,413.8725398571413,0.0
2024-09-08 12:00:00,476.62077704684157,1030.9747292668096,1172.4052671940694,0.0,16.62000288913532,537.7339493308327,0.0
2024-09-08 13:00:00,476.62077704684157,1082.56456,1198.5839293212223,0.0,578.3490501472279,27.594732805930562,0.0
2024-09-08 14:00:00,476.62077704684157,1030.9747292668096,1199.9273319230379,0.0,552.9378815411903,1.4160706787777144,0.0
2024-09-08 15:00:00,476.62077704684157,890.4933169039829,1199.9962709139534,0.0,413.79987178017916,0.07266807696214528,0.0
2024-09-08 16:00:00,476.62077704684157,697.5923963593486,1199.999808635603,0.0,220.96789022646044,0.0037290860466328013,0.0
2024-09-08 17:00:00,476.62077704684157,495.6341718396084,1199.9999901798103,0.0,19.013203428369764,0.0001913643970965495,0.0
2024-09-08 18:00:00,357.4655827851312,319.38107197151703,1159.8553909316993,0.0,0.0,0.0,38.084510813614145
2024-09-08 19:00:00,357.4655827851312,186.65753940502603,979.8079043457067,0.0,0.0,0.0,170.80804338010515
2024-09-08 20:00:00,148.94399282713798,98.93964055376692,927.0986889772829,0.0,0.0,0.0,50.004352273371055
2024-09-08 21:00:00,148.94399282713798,47.56456721577326,820.2353913734427,0.0,0.0,0.0,101.37942561136472
2024-09-08 22:00:00,148.94399282713798,20.7388753007061,685.0953316824102,0.0,0.0,0.0,128.20511752643188
2024-09-08 23:00:00,47.66207770468415,8.201159919147182,643.499872094762,0.0,0.0,0.0,39.46091778553697
2024-09-09 00:00:00,47.66207770468415,0.28227739334554325,593.5571774055004,0.0,0.0,0.0,47.379800311338606
2024-09-09 01:00:00,47.66207770468415,0.9567990370835674,544.325490958003,0.0,0.0,0.0,46.70527866760058
2024-09-09 02:00:00,47.66207770468415,2.9413979831917043,497.1857554810628,0.0,0.0,0.0,44.720679721492445
2024-09-09 03:00:00,47.66207770468415,8.201159919147182,455.5902958934146,0.0,0.0,0.0,39.46091778553697
2024-09-09 04:00:00,47.66207770468415,20.7388753007061,427.2107487259841,0.0,0.0,0.0,26.923202403978053
2024-09-09 05:00:00,47.66207770468415,47.56456721577326,427.10796364574577,0.0,0.0,0.0,0.09751048891089198
2024-09-09 06:00:00,178.7327913925656,98.93964055376692,342.99859753508616,0.0,0.0,0.0,79.79315083879867
2024-09-09 07:00:00,595.7759713085519,186.65753940502603,60.0,140.64238905027037,0.0,0.0,268.47604285325554
2024-09-09 08:00:00,595.7759713085519,319.38107197151703,60.0,276.3948993370349,0.0,0.0,0.0
2024-09-09 09:00:00,595.7759713085519,495.6341718396084,60.0,100.14179946894347,0.0,0.0,0.0
2024-09-09 10:00:00,476.62077704684157,697.5923963593486,269.6320845849518,0.0,0.0,220.97161931250707,0.0
2024-09-09 11:00:00,476.62077704684157,890.4933169039829,662.2660506691673,0.0,0.0,413.8725398571413,0.0
2024-09-09 12:00:00,476.62077704684157,1030.9747292668096,1172.4052671940694,0.0,16.62000288913532,537.7339493308327,0.0
2024-09-09 13:00:00,476.62077704684157,1082.56456,1198.5839293212223,0.0,578.3490501472279,27.594732805930562,0.0
2024-09-09 14:00:00,476.62077704684157,1030.9747292668096,1199.9273319230379,0.0,552.9378815411903,1.4160706787777144,0.0
2024-09-09 15:00:00,476.62077704684157,890.4933169039829,1199.9962709139534,0.0,413.79987178017916,0.07266807696214528,0.0
2024-09-09 16:00:00,476.62077704684157,697.5923963593486,1199.999808635603,0.0,220.96789022646044,0.0037290860466328013,0.0
2024-09-09 17:00:00,476.62077704684157,495.6341718396084,1199.9999901798103,0.0,19.013203428369764,0.0001913643970965495,0.0
2024-09-09 18:00:00,357.4655827851312,319.38107197151703,1159.8553909316993,0.0,0.0,0.0,38.084510813614145
2024-09-09 19:00:00,357.4655827851312,186.65753940502603,979.8079043457067,0.0,0.0,0.0,170.80804338010515
2024-09-09 20:00:00,148.94399282713798,98.93964055376692,927.0986889772829,0.0,0.0,0.0,50.004352273371055
2024-09-09 21:00:00,148.94399282713798,47.56456721577326,820.2353913734427,0.0,0.0,0.0,101.37942561136472
2024-09-09 22:00:00,148.94399282713798,20.7388753007061,685.0953316824102,0.0,0.0,0.0,128.20511752643188
2024-09-09 23:00:00,47.66207770468415,8.201159919147182,643.499872094762,0.0,0.0,0.0,39.46091778553697
2024-09-10 00:00:00,47.66207770468415,0.28227739334554325,593.5571774055004,0.0,0.0,0.0,47.379800311338606
2024-09-10 01:00:00,47.66207770468415,0.9567990370835674,544.325490958003,0.0,0.0,0.0,46.70527866760058
2024-09-10 02:00:00,47.66207770468415,2.9413979831917043,497.1857554810628,0.0,0.0,0.0,44.720679721492445
2024-09-10 03:00:00,47.66207770468415,8.201159919147182,455.5902958934146,0.0,0.0,0.0,39.46091778553697
2024-09-10 04:00:00,47.66207770468415,20.7388753007061,427.2107487259841,0.0,0.0,0.0,26.923202403978053
2024-09-10 05:00:00,47.66207770468415,47.56456721577326,427.10796364574577,0.0,0.0,0.0,0.09751048891089198
2024-09-10 06:00:00,178.7327913925656,98.93964055376692,342.99859753508616,0.0,0.0,0.0,79.79315083879867
2024-09-10 07:00:00,595.7759713085519,186.65753940502603,60.0,140.64238905027037,0.0,0.0,268.47604285325554
2024-09-10 08:00:00,595.7759713085519,319.38107197151703,60.0,276.3948993370349,0.0,0.0,0.0
2024-09-10 09:00:00,595.7759713085519,495.6341718396084,60.0,100.14179946894347,0.0,0.0,0.0
2024-09-10 10:00:00,476.62077704684157,697.5923963593486,269.6320845849518,0.0,0.0,220.97161931250707,0.0
2024-09-10 11:00:00,476.62077704684157,890.4933169039829,662.2660506691673,0.0,0.0,413.8725398571413,0.0
2024-09-10 12:00:00,476.62077704684157,1030.9747292668096,1172.4052671940694,0.0,16.62000288913532,537.7339493308327,0.0
2024-09-10 13:00:00,476.62077704684157,1082.56456,1198.5839293212223,0.0,578.3490501472279,27.594732805930562,0.0
2024-09-10 14:00:00,476.62077704684157,1030.9747292668096,1199.9273319230379,0.0,552.9378815411903,1.4160706787777144,0.0
2024-09-10 15:00:00,476.62077704684157,890.4933169039829,1199.9962709139534,0.0,413.79987178017916,0.07266807696214528,0.0
2024-09-10 16:00:00,476.62077704684157,697.5923963593486,1199.999808635603,0.0,220.96789022646044,0.0037290860466328013,0.0
2024-09-10 17:00:00,476.62077704684157,495.6341718396084,1199.9999901798103,0.0,19.013203428369764,0.0001913643970965495,0.0
2024-09-10 18:00:00,357.4655827851312,319.38107197151703,1159.8553909316993,0.0,0.0,0.0,38.084510813614145
2024-09-10 19:00:00,357.4655827851312,186.65753940502603,979.8079043457067,0.0,0.0,0.0,170.80804338010515
2024-09-10 20:00:00,148.94399282713798,98.93964055376692,927.0986889772829,0.0,0.0,0.0,50.004352273371055
2024-09-10 21:00:00,148.94399282713798,47.56456721577326,820.2353913734427,0.0,0.0,0.0,101.37942561136472
2024-09-10 22:00:00,148.94399282713798,20.7388753007061,685.0953316824102,0.0,0.0,0.0,128.20511752643188
2024-09-10 23:00:00,47.66207770468415,8.201159919147182,643.499872094762,0.0,0.0,0.0,39.46091778553697
2024-09-11 00:00:00,47.66207770468416,0.28227739334554325,593.5571774055004,0.0,0.0,0.0,47.37980031133861
2024-09-11 01:00:00,47.66207770468416,0.9567990370835674,544.325490958003,0.0,0.0,0.0,46.70527866760059
2024-09-11 02:00:00,47.66207770468416,2.9413979831917043,497.18575548106276,0.0,0.0,0.0,44.72067972149245
2024-09-11 03:00:00,47.66207770468416,8.201159919147182,455.5902958934145,0.0,0.0,0.0,39.46091778553698
2024-09-11 04:00:00,47.66207770468416,20.7388753007061,427.21074872598405,0.0,0.0,0.0,26.92320240397806
2024-09-11 05:00:00,47.66207770468416,47.56456721577326,427.1079636457457,0.0,0.0,0.0,0.09751048891089908
2024-09-11 06:00:00,178.7327913925656,98.93964055376692,342.9985975350861,0.0,0.0,0.0,79.79315083879867
2024-09-11 07:00:00,595.7759713085519,186.65753940502603,60.0,140.64238905027042,0.0,0.0,268.4760428532555
2024-09-11 08:00:00,595.7759713085519,319.38107197151703,60.0,276.3948993370349,0.0,0.0,0.0
2024-09-11 09:00:00,595.7759713085519,495.6341718396084,60.0,100.14179946894347,0.0,0.0,0.0
2024-09-11 10:00:00,476.62077704684157,697.5923963593486,269.6320845849518,0.0,0.0,220.97161931250707,0.0
2024-09-11 11:00:00,476.62077704684157,890.4933169039829,662.2660506691673,0.0,0.0,413.8725398571413,0.0
2024-09-11 12:00:00,476.62077704684157,1030.9747292668096,1172.4052671940694,0.0,16.62000288913532,537.7339493308327,0.0
2024-09-11 13:00:00,476.62077704684157,1082.56456,1198.5839293212223,0.0,578.3490501472279,27.594732805930562,0.0
2024-09-11 14:00:00,476.62077704684157,1030.9747292668096,1199.9273319230379,0.0,552.9378815411903,1.4160706787777144,0.0
2024-09-11 15:00:00,476.62077704684157,890.4933169039829,1199.9962709139534,0.0,413.79987178017916,0.07266807696214528,0.0
2024-09-11 16:00:00,476.62077704684157,697.5923963593486,1199.999808635603,0.0,220.96789022646044,0.0037290860466328013,0.0
2024-09-11 17:00:00,476.62077704684157,495.6341718396084,1199.9999901798103,0.0,19.013203428369764,0.0001913643970965495,0.0
2024-09-11 18:00:00,357.4655827851312,319.38107197151703,1159.8553909316993,0.0,0.0,0.0,38.084510813614145
2024-09-11 19:00:00,357.4655827851312,186.65753940502603,979.8079043457067,0.0,0.0,0.0,170.80804338010515
2024-09-11 20:00:00,148.94399282713798,98.93964055376692,927.0986889772829,0.0,0.0,0.0,50.004352273371055
2024-09-11 21:00:00,148.94399282713798,47.56456721577326,820.2353913734427,0.0,0.0,0.0,101.37942561136472
2024-09-11 22:00:00,148.94399282713798,20.7388753007061,685.0953316824102,0.0,0.0,0.0,128.20511752643188
2024-09-11 23:00:00,47.66207770468416,8.201159919147182,643.499872094762,0.0,0.0,0.0,39.46091778553698
2024-09-12 00:00:00,47.66207770468416,0.28227739334554325,593.5571774055004,0.0,0.0,0.0,47.37980031133861
2024-09-12 01:00:00,47.66207770468416,0.9567990370835674,544.325490958003,0.0,0.0,0.0,46.70527866760059
2024-09-12 02:00:00,47.66207770468416,2.9413979831917043,497.18575548106276,0.0,0.0,0.0,44.72067972149245
2024-09-12 03:00:00,47.66207770468416,8.201159919147182,455.5902958934145,0.0,0.0,0.0,39.46091778553698
2024-09-12 04:00:00,47.66207770468416,20.7388753007061,427.21074872598405,0.0,0.0,0.0,26.92320240397806
2024-09-12 05:00:00,47.66207770468416,47.56456721577326,427.1079636457457,0.0,0.0,0.0,0.09751048891089908
2024-09-12 06:00:00,178.7327913925656,98.93964055376692,342.9985975350861,0.0,0.0,0.0,79.79315083879867
2024-09-12 07:00:00,595.7759713085519,186.65753940502603,60.0,140.64238905027042,0.0,0.0,268.4760428532555
2024-09-12 08:00:00,595.7759713085519,319.38107197151703,60.0,276.3948993370349,0.0,0.0,0.0
2024-09-12 09:00:00,595.7759713085519,495.6341718396084,60.0,100.14179946894347,0.0,0.0,0.0
2024-09-12 10:00:00,476.62077704684157,697.5923963593486,269.6320845849518,0.0,0.0,220.97161931250707,0.0
2024-09-12 11:00:00,476.62077704684157,890.4933169039829,662.2660506691673,0.0,0.0,413.8725398571413,0.0
2024-09-12 12:00:00,476.62077704684157,1030.9747292668096,1172.4052671940694,0.0,16.62000288913532,537.7339493308327,0.0
2024-09-12 13:00:00,476.62077704684157,1082.56456,1198.5839293212223,0.0,578.3490501472279,27.594732805930562,0.0
2024-09-12 14:00:00,476.62077704684157,1030.9747292668096,1199.9273319230379,0.0,552.9378815411903,1.4160706787777144,0.0
2024-09-12 15:00:00,476.62077704684157,890.4933169039829,1199.9962709139534,0.0,413.79987178017916,0.07266807696214528,0.0
2024-09-12 16:00:00,476.62077704684157,697.5923963593486,1199.999808635603,0.0,220.96789022646044,0.0037290860466328013,0.0
2024-09-12 17:00:00,476.62077704684157,495.6341718396084,1199.9999901798103,0.0,19.013203428369764,0.0001913643970965495,0.0
2024-09-12 18:00:00,357.4655827851312,319.38107197151703,1159.8553909316993,0.0,0.0,0.0,38.084510813614145
2024-09-12 19:00:00,357.4655827851312,186.65753940502603,979.8079043457067,0.0,0.0,0.0,170.80804338010515
2024-09-12 20:00:00,148.94399282713798,98.93964055376692,927.0986889772829,0.0,0.0,0.0,50.004352273371055
2024-09-12 21:00:00,148.94399282713798,47.56456721577326,820.2353913734427,0.0,0.0,0.0,101.37942561136472
2024-09-12 22:00:00,148.94399282713798,20.7388753007061,685.0953316824102,0.0,0.0,0.0,128.20511752643188
2024-09-12 23:00:00,47.66207770468416,8.201159919147182,643.499872094762,0.0,0.0,0.0,39.46091778553698
2024-09-13 00:00:00,47.66207770468415,0.28227739334554325,593.5571774055004,0.0,0.0,0.0,47.379800311338606
2024-09-13 01:00:00,47.66207770468415,0.9567990370835674,544.325490958003,0.0,0.0,0.0,46.70527866760058
2024-09-13 02:00:00,47.66207770468415,2.9413979831917043,497.1857554810628,0.0,0.0,0.0,44.720679721492445
2024-09-13 03:00:00,47.66207770468415,8.201159919147182,455.5902958934146,0.0,0.0,0.0,39.46091778553697
2024-09-13 04:00:00,47.66207770468415,20.7388753007061,427.2107487259841,0.0,0.0,0.0,26.923202403978053
2024-09-13 05:00:00,47.66207770468415,47.56456721577326,427.10796364574577,0.0,0.0,0.0,0.09751048891089198
2024-09-13 06:00:00,178.7327913925656,98.93964055376692,342.99859753508616,0.0,0.0,0.0,79.79315083879867
2024-09-13 07:00:00,595.7759713085519,186.65753940502603,60.0,140.64238905027037,0.0,0.0,268.47604285325554
2024-09-13 08:00:00,595.7759713085519,319.38107197151703,60.0,276.3948993370349,0.0,0.0,0.0
2024-09-13 09:00:00,595.7759713085519,495.6341718396084,60.0,100.14179946894347,0.0,0.0,0.0
2024-09-13 10:00:00,476.62077704684157,697.5923963593486,269.6320845849518,0.0,0.0,220.97161931250707,0.0
2024-09-13 11:00:00,476.62077704684157,890.4933169039829,662.2660506691673,0.0,0.0,413.8725398571413,0.0
2024-09-13 12:00:00,476.62077704684157,1030.9747292668096,1172.4052671940694,0.0,16.62000288913532,537.7339493308327,0.0
2024-09-13 13:00:00,476.62077704684157,1082.56456,1198.5839293212223,0.0,578.3490501472279,27.594732805930562,0.0
2024-09-13 14:00:00,476.62077704684157,1030.9747292668096,1199.9273319230379,0.0,552.9378815411903,1.4160706787777144,0.0
2024-09-13 15:00:00,476.62077704684157,890.4933169039829,1199.9962709139534,0.0,413.79987178017916,0.07266807696214528,0.0
2024-09-13 16:00:00,476.62077704684157,697.5923963593486,1199.999808635603,0.0,220.96789022646044,0.0037290860466328013,0.0
2024-09-13 17:00:00,476.62077704684157,495.6341718396084,1199.9999901798103,0.0,19.013203428369764,0.0001913643970965495,0.0
2024-09-13 18:00:00,357.4655827851312,319.38107197151703,1159.8553909316993,0.0,0.0,0.0,38.084510813614145
2024-09-13 19:00:00,357.4655827851312,186.65753940502603,979.8079043457067,0.0,0.0,0.0,170.80804338010515
2024-09-13 20:00:00,148.94399282713798,98.93964055376692,927.0986889772829,0.0,0.0,0.0,50.004352273371055
2024-09-13 21:00:00,148.94399282713798,47.56456721577326,820.2353913734427,0.0,0.0,0.0,101.37942561136472
2024-09-13 22:00:00,148.94399282713798,20.7388753007061,685.0953316824102,0.0,0.0,0.0,128.20511752643188
2024-09-13 23:00:00,47.66207770468415,8.201159919147182,643.499872094762,0.0,0.0,0.0,39.46091778553697
2024-09-14 00:00:00,47.66207770468415,0.28227739334554325,593.5571774055004,0.0,0.0,0.0,47.379800311338606
2024-09-14 01:00:00,47.66207770468415,0.9567990370835674,544.325490958003,0.0,0.0,0.0,46.70527866760058
2024-09-14 02:00:00,47.66207770468415,2.9413979831917043,497.1857554810628,0.0,0.0,0.0,44.720679721492445
2024-09-14 03:00:00,47.66207770468415,8.201159919147182,455.5902958934146,0.0,0.0,0.0,39.46091778553697
2024-09-14 04:00:00,47.66207770468415,20.7388753007061,427.2107487259841,0.0,0.0,0.0,26.923202403978053
2024-09-14 05:00:00,47.66207770468415,47.56456721577326,427.10796364574577,0.0,0.0,0.0,0.09751048891089198
2024-09-14 06:00:00,178.7327913925656,98.93964055376692,342.99859753508616,0.0,0.0,0.0,79.79315083879867
2024-09-14 07:00:00,595.7759713085519,186.65753940502603,60.0,140.64238905027037,0.0,0.0,268.47604285325554
2024-09-14 08:00:00,595.7759713085519,319.38107197151703,60.0,276.3948993370349,0.0,0.0,0.0
2024-09-14 09:00:00,595.7759713085519,495.6341718396084,60.0,100.14179946894347,0.0,0.0,0.0
2024-09-14 10:00:00,476.62077704684157,697.5923963593486,269.6320845849518,0.0,0.0,220.97161931250707,0.0
2024-09-14 11:00:00,476.62077704684157,890.4933169039829,662.2660506691673,0.0,0.0,413.8725398571413,0.0
2024-09-14 12:00:00,476.62077704684157,1030.9747292668096,1172.4052671940694,0.0,16.62000288913532,537.7339493308327,0.0
2024-09-14 13:00:00,476.62077704684157,1082.56456,1198.5839293212223,0.0,578.3490501472279,27.594732805930562,0.0
2024-09-14 14:00:00,476.62077704684157,1030.9747292668096,1199.9273319230379,0.0,552.9378815411903,1.4160706787777144,0.0
2024-09-14 15:00:00,476.62077704684157,890.4933169039829,1199.9962709139534,0.0,413.79987178017916,0.07266807696214528,0.0
2024-09-14 16:00:00,476.62077704684157,697.5923963593486,1199.999808635603,0.0,220.96789022646044,0.0037290860466328013,0.0
2024-09-14 17:00:00,476.62077704684157,495.6341718396084,1199.9999901798103,0.0,19.013203428369764,0.0001913643970965495,0.0
2024-09-14 18:00:00,357.4655827851312,319.38107197151703,1159.8553909316993,0.0,0.0,0.0,38.084510813614145
2024-09-14 19:00:00,357.4655827851312,186.65753940502603,979.8079043457067,0.0,0.0,0.0,170.80804338010515
2024-09-14 20:00:00,148.94399282713798,98.93964055376692,927.0986889772829,0.0,0.0,0.0,50.004352273371055
2024-09-14 21:00:00,148.94399282713798,47.56456721577326,820.2353913734427,0.0,0.0,0.0,101.37942561136472
2024-09-14 22:00:00,148.94399282713798,20.7388753007061,685.0953316824102,0.0,0.0,0.0,128.20511752643188
2024-09-14 23:00:00,47.66207770468415,8.201159919147182,643.499872094762,0.0,0.0,0.0,39.46091778553697
2024-09-15 00:00:00,47.66207770468415,0.28227739334554325,593.5571774055004,0.0,0.0,0.0,47.379800311338606
2024-09-15 01:00:00,47.66207770468415,0.9567990370835674,544.325490958003,0.0,0.0,0.0,46.70527866760058
2024-09-15 02:00:00,47.66207770468415,2.9413979831917043,497.1857554810628,0.0,0.0,0.0,44.720679721492445
2024-09-15 03:00:00,47.66207770468415,8.201159919147182,455.5902958934146,0.0,0.0,0.0,39.46091778553697
2024-09-15 04:00:00,47.66207770468415,20.7388753007061,427.2107487259841,0.0,0.0,0.0,26.923202403978053
2024-09-15 05:00:00,47.66207770468415,47.56456721577326,427.10796364574577,0.0,0.0,0.0,0.09751048891089198
2024-09-15 06:00:00,178.7327913925656,98.93964055376692,342.99859753508616,0.0,0.0,0.0,79.79315083879867
2024-09-15 07:00:00,595.7759713085519,186.65753940502603,60.0,140.64238905027037,0.0,0.0,268.47604285325554
2024-09-15 08:00:00,595.7759713085519,319.38107197151703,60.0,276.3948993370349,0.0,0.0,0.0
2024-09-15 09:00:00,595.7759713085519,495.6341718396084,60.0,100.14179946894347,0.0,0.0,0.0
2024-09-15 10:00:00,476.62077704684157,697.5923963593486,269.6320845849518,0.0,0.0,220.97161931250707,0.0
2024-09-15 11:00:00,476.62077704684157,890.4933169039829,662.2660506691673,0.0,0.0,413.8725398571413,0.0
2024-09-15 12:00:00,476.62077704684157,1030.9747292668096,1172.4052671940694,0.0,16.62000288913532,537.7339493308327,0.0
2024-09-15 13:00:00,476.62077704684157,1082.56456,1198.5839293212223,0.0,578.3490501472279,27.594732805930562,0.0
2024-09-15 14:00:00,476.62077704684157,1030.9747292668096,1199.9273319230379,0.0,552.9378815411903,1.4160706787777144,0.0
2024-09-15 15:00:00,476.62077704684157,890.4933169039829,1199.9962709139534,0.0,413.79987178017916,0.07266807696214528,0.0
2024-09-15 16:00:00,476.62077704684157,697.5923963593486,1199.999808635603,0.0,220.96789022646044,0.0037290860466328013,0.0
2024-09-15 17:00:00,476.62077704684157,495.6341718396084,1199.9999901798103,0.0,19.013203428369764,0.0001913643970965495,0.0
2024-09-15 18:00:00,357.4655827851312,319.38107197151703,1159.8553909316993,0.0,0.0,0.0,38.084510813614145
2024-09-15 19:00:00,357.4655827851312,186.65753940502603,979.8079043457067,0.0,0.0,0.0,170.80804338010515
2024-09-15 20:00:00,148.94399282713798,98.93964055376692,927.0986889772829,0.0,0.0,0.0,50.004352273371055
2024-09-15 21:00:00,148.94399282713798,47.56456721577326,820.2353913734427,0.0,0.0,0.0,101.37942561136472
2024-09-15 22:00:00,148.94399282713798,20.7388753007061,685.0953316824102,0.0,0.0,0.0,128.20511752643188
2024-09-15 23:00:00,47.66207770468415,8.201159919147182,643.499872094762,0.0,0.0,0.0,39.46091778553697
2024-09-16 00:00:00,47.66207770468415,0.28227739334554325,593.5571774055004,0.0,0.0,0.0,47.379800311338606
2024-09-16 01:00:00,47.66207770468415,0.9567990370835674,544.325490958003,0.0,0.0,0.0,46.70527866760058
2024-09-16 02:00:00,47.66207770468415,2.9413979831917043,497.1857554810628,0.0,0.0,0.0,44.720679721492445
2024-09-16 03:00:00,47.66207770468415,8.201159919147182,455.5902958934146,0.0,0.0,0.0,39.46091778553697
2024-09-16 04:00:00,47.66207770468415,20.7388753007061,427.2107487259841,0.0,0.0,0.0,26.923202403978053
2024-09-16 05:00:00,47.66207770468415,47.56456721577326,427.10796364574577,0.0,0.0,0.0,0.09751048891089198
2024-09-16 06:00:00,178.7327913925656,98.93964055376692,342.99859753508616,0.0,0.0,0.0,79.79315083879867
2024-09-16 07:00:00,595.7759713085519,186.65753940502603,60.0,140.64238905027037,0.0,0.0,268.47604285325554
2024-09-16 08:00:00,595.7759713085519,319.38107197151703,60.0,276.3948993370349,0.0,0.0,0.0
2024-09-16 09:00:00,595.7759713085519,495.6341718396084,60.0,100.14179946894347,0.0,0.0,0.0
2024-09-16 10:00:00,476.62077704684157,697.5923963593486,269.6320845849518,0.0,0.0,220.97161931250707,0.0
2024-09-16 11:00:00,476.62077704684157,890.4933169039829,662.2660506691673,0.0,0.0,413.8725398571413,0.0
2024-09-16 12:00:00,476.62077704684157,1030.9747292668096,1172.4052671940694,0.0,16.62000288913532,537.7339493308327,0.0
2024-09-16 13:00:00,476.62077704684157,1082.56456,1198.5839293212223,0.0,578.3490501472279,27.594732805930562,0.0
2024-09-16 14:00:00,476.62077704684157,1030.9747292668096,1199.9273319230379,0.0,552.9378815411903,1.4160706787777144,0.0
2024-09-16 15:00:00,476.62077704684157,890.4933169039829,1199.9962709139534,0.0,413.79987178017916,0.07266807696214528,0.0
2024-09-16 16:00:00,476.62077704684157,697.5923963593486,1199.999808635603,0.0,220.96789022646044,0.0037290860466328013,0.0
2024-09-16 17:00:00,476.62077704684157,495.6341718396084,1199.9999901798103,0.0,19.013203428369764,0.0001913643970965495,0.0
2024-09-16 18:00:00,357.4655827851312,319.38107197151703,1159.8553909316993,0.0,0.0,0.0,38.084510813614145
2024-09-16 19:00:00,357.4655827851312,186.65753940502603,979.8079043457067,0.0,0.0,0.0,170.80804338010515
2024-09-16 20:00:00,148.94399282713798,98.93964055376692,927.0986889772829,0.0,0.0,0.0,50.004352273371055
2024-09-16 21:00:00,148.94399282713798,47.56456721577326,820.2353913734427,0.0,0.0,0.0,101.37942561136472
2024-09-16 22:00:00,148.94399282713798,20.7388753007061,685.0953316824102,0.0,0.0,0.0,128.20511752643188
2024-09-16 23:00:00,47.66207770468415,8.201159919147182,643.499872094762,0.0,0.0,0.0,39.46091778553697
2024-09-17 00:00:00,47.66207770468415,0.28227739334554325,593.5571774055004,0.0,0.0,0.0,47.379800311338606
2024-09-17 01:00:00,47.66207770468415,0.9567990370835674,544.325490958003,0.0,0.0,0.0,46.70527866760058
2024-09-17 02:00:00,47.66207770468415,2.9413979831917043,497.1857554810628,0.0,0.0,0.0,44.720679721492445
2024-09-17 03:00:00,47.66207770468415,8.201159919147182,455.5902958934146,0.0,0.0,0.0,39.46091778553697
2024-09-17 04:00:00,47.66207770468415,20.7388753007061,427.2107487259841,0.0,0.0,0.0,26.923202403978053
2024-09-17 05:00:00,47.66207770468415,47.56456721577326,427.10796364574577,0.0,0.0,0.0,0.09751048891089198
2024-09-17 06:00:00,178.7327913925656,98.93964055376692,342.99859753508616,0.0,0.0,0.0,79.79315083879867
2024-09-17 07:00:00,595.7759713085519,186.65753940502603,60.0,140.64238905027037,0.0,0.0,268.47604285325554
2024-09-17 08:00:00,595.7759713085519,319.38107197151703,60.0,276.3948993370349,0.0,0.0,0.0
2024-09-17 09:00:00,595.7759713085519,495.6341718396084,60.0,100.14179946894347,0.0,0.0,0.0
2024-09-17 10:00:00,476.62077704684157,697.5923963593486,269.6320845849518,0.0,0.0,220.97161931250707,0.0
2024-09-17 11:00:00,476.62077704684157,890.4933169039829,662.2660506691673,0.0,0.0,413.8725398571413,0.0
2024-09-17 12:00:00,476.62077704684157,1030.9747292668096,1172.4052671940694,0.0,16.62000288913532,537.7339493308327,0.0
2024-09-17 13:00:00,476.62077704684157,1082.56456,1198.5839293212223,0.0,578.3490501472279,27.594732805930562,0.0
2024-09-17 14:00:00,476.62077704684157,1030.9747292668096,1199.9273319230379,0.0,552.9378815411903,1.4160706787777144,0.0
2024-09-17 15:00:00,476.62077704684157,890.4933169039829,1199.9962709139534,0.0,413.79987178017916,0.07266807696214528,0.0
2024-09-17 16:00:00,476.62077704684157,697.5923963593486,1199.999808635603,0.0,220.96789022646044,0.0037290860466328013,0.0
2024-09-17 17:00:00,476.62077704684157,495.6341718396084,1199.9999901798103,0.0,19.013203428369764,0.0001913643970965495,0.0
2024-09-17 18:00:00,357.4655827851312,319.38107197151703,1159.8553909316993,0.0,0.0,0.0,38.084510813614145
2024-09-17 19:00:00,357.4655827851312,186.65753940502603,979.8079043457067,0.0,0.0,0.0,170.80804338010515
2024-09-17 20:00:00,148.94399282713798,98.93964055376692,927.0986889772829,0.0,0.0,0.0,50.004352273371055
2024-09-17 21:00:00,148.94399282713798,47.56456721577326,820.2353913734427,0.0,0.0,0.0,101.37942561136472
2024-09-17 22:00:00,148.94399282713798,20.7388753007061,685.0953316824102,0.0,0.0,0.0,128.20511752643188
2024-09-17 23:00:00,47.66207770468415,8.201159919147182,643.499872094762,0.0,0.0,0.0,39.46091778553697
2024-09-18 00:00:00,47.66207770468416,0.28227739334554325,593.5571774055004,0.0,0.0,0.0,47.37980031133861
2024-09-18 01:00:00,47.66207770468416,0.9567990370835674,544.325490958003,0.0,0.0,0.0,46.70527866760059
2024-09-18 02:00:00,47.66207770468416,2.9413979831917043,497.18575548106276,0.0,0.0,0.0,44.72067972149245
2024-09-18 03:00:00,47.66207770468416,8.201159919147182,455.5902958934145,0.0,0.0,0.0,39.46091778553698
2024-09-18 04:00:00,47.66207770468416,20.7388753007061,427.21074872598405,0.0,0.0,0.0,26.92320240397806
2024-09-18 05:00:00,47.66207770468416,47.56456721577326,427.1079636457457,0.0,0.0,0.0,0.09751048891089908
2024-09-18 06:00:00,178.7327913925656,98.93964055376692,342.9985975350861,0.0,0.0,0.0,79.79315083879867
2024-09-18 07:00:00,595.7759713085519,186.65753940502603,60.0,140.64238905027042,0.0,0.0,268.4760428532555
2024-09-18 08:00:00,595.7759713085519,319.38107197151703,60.0,276.3948993370349,0.0,0.0,0.0
2024-09-18 09:00:00,595.7759713085519,495.6341718396084,60.0,100.14179946894347,0.0,0.0,0.0
2024-09-18 10:00:00,476.62077704684157,697.5923963593486,269.6320845849518,0.0,0.0,220.97161931250707,0.0
2024-09-18 11:00:00,476.62077704684157,890.4933169039829,662.2660506691673,0.0,0.0,413.8725398571413,0.0
2024-09-18 12:00:00,476.62077704684157,1030.9747292668096,1172.4052671940694,0.0,16.62000288913532,537.7339493308327,0.0
2024-09-18 13:00:00,476.62077704684157,1082.56456,1198.5839293212223,0.0,578.3490501472279,27.594732805930562,0.0
2024-09-18 14:00:00,476.62077704684157,1030.9747292668096,1199.9273319230379,0.0,552.9378815411903,1.4160706787777144,0.0
2024-09-18 15:00:00,476.62077704684157,890.4933169039829,1199.9962709139534,0.0,413.79987178017916,0.07266807696214528,0.0
2024-09-18 16:00:00,476.62077704684157,697.5923963593486,1199.999808635603,0.0,220.96789022646044,0.0037290860466328013,0.0
2024-09-18 17:00:00,476.62077704684157,495.6341718396084,1199.9999901798103,0.0,19.013203428369764,0.0001913643970965495,0.0
2024-09-18 18:00:00,357.4655827851312,319.38107197151703,1159.8553909316993,0.0,0.0,0.0,38.084510813614145
2024-09-18 19:00:00,357.4655827851312,186.65753940502603,979.8079043457067,0.0,0.0,0.0,170.80804338010515
2024-09-18 20:00:00,148.94399282713798,98.93964055376692,927.0986889772829,0.0,0.0,0.0,50.004352273371055
2024-09-18 21:00:00,148.94399282713798,47.56456721577326,820.2353913734427,0.0,0.0,0.0,101.37942561136472
2024-09-18 22:00:00,148.94399282713798,20.7388753007061,685.0953316824102,0.0,0.0,0.0,128.20511752643188
2024-09-18 23:00:00,47.66207770468416,8.201159919147182,643.499872094762,0.0,0.0,0.0,39.46091778553698
2024-09-19 00:00:00,47.66207770468416,0.28227739334554325,593.5571774055004,0.0,0.0,0.0,47.37980031133861
2024-09-19 01:00:00,47.66207770468416,0.9567990370835674,544.325490958003,0.0,0.0,0.0,46.70527866760059
2024-09-19 02:00:00,47.66207770468416,2.9413979831917043,497.18575548106276,0.0,0.0,0.0,44.72067972149245
2024-09-19 03:00:00,47.66207770468416,8.201159919147182,455.5902958934145,0.0,0.0,0.0,39.46091778553698
2024-09-19 04:00:00,47.66207770468416,20.7388753007061,427.21074872598405,0.0,0.0,0.0,26.92320240397806
2024-09-19 05:00:00,47.66207770468416,47.56456721577326,427.1079636457457,0.0,0.0,0.0,0.09751048891089908
2024-09-19 06:00:00,178.7327913925656,98.93964055376692,342.9985975350861,0.0,0.0,0.0,79.79315083879867
2024-09-19 07:00:00,595.7759713085519,186.65753940502603,60.0,140.64238905027042,0.0,0.0,268.4760428532555
2024-09-19 08:00:00,595.7759713085519,319.38107197151703,60.0,276.3948993370349,0.0,0.0,0.0
2024-09-19 09:00:00,595.7759713085519,495.6341718396084,60.0,100.14179946894347,0.0,0.0,0.0
2024-09-19 10:00:00,476.62077704684157,697.5923963593486,269.6320845849518,0.0,0.0,220.97161931250707,0.0
2024-09-19 11:00:00,476.62077704684157,890.4933169039829,662.2660506691673,0.0,0.0,413.8725398571413,0.0
2024-09-19 12:00:00,476.62077704684157,1030.9747292668096,1172.4052671940694,0.0,16.62000288913532,537.7339493308327,0.0
2024-09-19 13:00:00,476.62077704684157,1082.56456,1198.5839293212223,0.0,578.3490501472279,27.594732805930562,0.0
2024-09-19 14:00:00,476.62077704684157,1030.9747292668096,1199.9273319230379,0.0,552.9378815411903,1.4160706787777144,0.0
2024-09-19 15:00:00,476.62077704684157,890.4933169039829,1199.9962709139534,0.0,413.79987178017916,0.07266807696214528,0.0
2024-09-19 16:00:00,476.62077704684157,697.5923963593486,1199.999808635603,0.0,220.96789022646044,0.0037290860466328013,0.0
2024-09-19 17:00:00,476.62077704684157,495.6341718396084,1199.9999901798103,0.0,19.013203428369764,0.0001913643970965495,0.0
2024-09-19 18:00:00,357.4655827851312,319.38107197151703,1159.8553909316993,0.0,0.0,0.0,38.084510813614145
2024-09-19 19:00:00,357.4655827851312,186.65753940502603,979.8079043457067,0.0,0.0,0.0,170.80804338010515
2024-09-19 20:00:00,148.94399282713798,98.93964055376692,927.0986889772829,0.0,0.0,0.0,50.004352273371055
2024-09-19 21:00:00,148.94399282713798,47.56456721577326,820.2353913734427,0.0,0.0,0.0,101.37942561136472
2024-09-19 22:00:00,148.94399282713798,20.7388753007061,685.0953316824102,0.0,0.0,0.0,128.20511752643188
2024-09-19 23:00:00,47.66207770468416,8.201159919147182,643.499872094762,0.0,0.0,0.0,39.46091778553698
2024-09-20 00:00:00,47.66207770468415,0.28227739334554325,593.5571774055004,0.0,0.0,0.0,47.379800311338606
2024-09-20 01:00:00,47.66207770468415,0.9567990370835674,544.325490958003,0.0,0.0,0.0,46.70527866760058
2024-09-20 02:00:00,47.66207770468415,2.9413979831917043,497.1857554810628,0.0,0.0,0.0,44.720679721492445
2024-09-20 03:00:00,47.66207770468415,8.201159919147182,455.5902958934146,0.0,0.0,0.0,39.46091778553697
2024-09-20 04:00:00,47.66207770468415,20.7388753007061,427.2107487259841,0.0,0.0,0.0,26.923202403978053
2024-09-20 05:00:00,47.66207770468415,47.56456721577326,427.10796364574577,0.0,0.0,0.0,0.09751048891089198
2024-09-20 06:00:00,178.7327913925656,98.93964055376692,342.99859753508616,0.0,0.0,0.0,79.79315083879867
2024-09-20 07:00:00,595.7759713085519,186.65753940502603,60.0,140.64238905027037,0.0,0.0,268.47604285325554
2024-09-20 08:00:00,595.7759713085519,319.38107197151703,60.0,276.3948993370349,0.0,0.0,0.0
2024-09-20 09:00:00,595.7759713085519,495.6341718396084,60.0,100.14179946894347,0.0,0.0,0.0
2024-09-20 10:00:00,476.62077704684157,697.5923963593486,269.6320845849518,0.0,0.0,220.97161931250707,0.0
2024-09-20 11:00:00,476.62077704684157,890.4933169039829,662.2660506691673,0.0,0.0,413.8725398571413,0.0
2024-09-20 12:00:00,476.62077704684157,1030.9747292668096,1172.4052671940694,0.0,16.62000288913532,537.7339493308327,0.0
2024-09-20 13:00:00,476.62077704684157,1082.56456,1198.5839293212223,0.0,578.3490501472279,27.594732805930562,0.0
2024-09-20 14:00:00,476.62077704684157,1030.9747292668096,1199.9273319230379,0.0,552.9378815411903,1.4160706787777144,0.0
2024-09-20 15:00:00,476.62077704684157,890.4933169039829,1199.9962709139534,0.0,413.79987178017916,0.07266807696214528,0.0
2024-09-20 16:00:00,476.62077704684157,697.5923963593486,1199.999808635603,0.0,220.96789022646044,0.0037290860466328013,0.0
2024-09-20 17:00:00,476.62077704684157,495.6341718396084,1199.9999901798103,0.0,19.013203428369764,0.0001913643970965495,0.0
2024-09-20 18:00:00,357.4655827851312,319.38107197151703,1159.8553909316993,0.0,0.0,0.0,38.084510813614145
2024-09-20 19:00:00,357.4655827851312,186.65753940502603,979.8079043457067,0.0,0.0,0.0,170.80804338010515
2024-09-20 20:00:00,148.94399282713798,98.93964055376692,927.0986889772829,0.0,0.0,0.0,50.004352273371055
2024-09-20 21:00:00,148.94399282713798,47.56456721577326,820.2353913734427,0.0,0.0,0.0,101.37942561136472
2024-09-20 22:00:00,148.94399282713798,20.7388753007061,685.0953316824102,0.0,0.0,0.0,128.20511752643188
2024-09-20 23:00:00,47.66207770468415,8.201159919147182,643.499872094762,0.0,0.0,0.0,39.46091778553697
2024-09-21 00:00:00,47.66207770468415,0.28227739334554325,593.5571774055004,0.0,0.0,0.0,47.379800311338606
2024-09-21 01:00:00,47.66207770468415,0.9567990370835674,544.325490958003,0.0,0.0,0.0,46.70527866760058
2024-09-21 02:00:00,47.66207770468415,2.9413979831917043,497.1857554810628,0.0,0.0,0.0,44.720679721492445
2024-09-21 03:00:00,47.66207770468415,8.201159919147182,455.5902958934146,0.0,0.0,0.0,39.46091778553697
2024-09-21 04:00:00,47.66207770468415,20.7388753007061,427.2107487259841,0.0,0.0,0.0,26.923202403978053
2024-09-21 05:00:00,47.66207770468415,47.56456721577326,427.10796364574577,0.0,0.0,0.0,0.09751048891089198
2024-09-21 06:00:00,178.7327913925656,98.93964055376692,342.99859753508616,0.0,0.0,0.0,79.79315083879867
2024-09-21 07:00:00,595.7759713085519,186.65753940502603,60.0,140.64238905027037,0.0,0.0,268.47604285325554
2024-09-21 08:00:00,595.7759713085519,319.38107197151703,60.0,276.3948993370349,0.0,0.0,0.0
2024-09-21 09:00:00,595.7759713085519,495.6341718396084,60.0,100.14179946894347,0.0,0.0,0.0
2024-09-21 10:00:00,476.62077704684157,697.5923963593486,269.6320845849518,0.0,0.0,220.97161931250707,0.0
2024-09-21 11:00:00,476.62077704684157,890.4933169039829,662.2660506691673,0.0,0.0,413.8725398571413,0.0
2024-09-21 12:00:00,476.62077704684157,1030.9747292668096,1172.4052671940694,0.0,16.62000288913532,537.7339493308327,0.0
2024-09-21 13:00:00,476.62077704684157,1082.56456,1198.5839293212223,0.0,578.3490501472279,27.594732805930562,0.0
2024-09-21 14:00:00,476.62077704684157,1030.9747292668096,1199.9273319230379,0.0,552.9378815411903,1.4160706787777144,0.0
2024-09-21 15:00:00,476.62077704684157,890.4933169039829,1199.9962709139534,0.0,413.79987178017916,0.07266807696214528,0.0
2024-09-21 16:00:00,476.62077704684157,697.5923963593486,1199.999808635603,0.0,220.96789022646044,0.0037290860466328013,0.0
2024-09-21 17:00:00,476.62077704684157,495.6341718396084,1199.9999901798103,0.0,19.013203428369764,0.0001913643970965495,0.0
2024-09-21 18:00:00,357.4655827851312,319.38107197151703,1159.8553909316993,0.0,0.0,0.0,38.084510813614145
2024-09-21 19:00:00,357.4655827851312,186.65753940502603,979.8079043457067,0.0,0.0,0.0,170.80804338010515
2024-09-21 20:00:00,148.94399282713798,98.93964055376692,927.0986889772829,0.0,0.0,0.0,50.004352273371055
2024-09-21 21:00:00,148.94399282713798,47.56456721577326,820.2353913734427,0.0,0.0,0.0,101.37942561136472
2024-09-21 22:00:00,148.94399282713798,20.7388753007061,685.0953316824102,0.0,0.0,0.0,128.20511752643188
2024-09-21 23:00:00,47.66207770468415,8.201159919147182,643.499872094762,0.0,0.0,0.0,39.46091778553697
2024-09-22 00:00:00,47.66207770468415,0.28227739334554325,593.5571774055004,0.0,0.0,0.0,47.379800311338606
2024-09-22 01:00:00,47.66207770468415,0.9567990370835674,544.325490958003,0.0,0.0,0.0,46.70527866760058
2024-09-22 02:00:00,47.66207770468415,2.9413979831917043,497.1857554810628,0.0,0.0,0.0,44.720679721492445
2024-09-22 03:00:00,47.66207770468415,8.201159919147182,455.5902958934146,0.0,0.0,0.0,39.46091778553697
2024-09-22 04:00:00,47.66207770468415,20.7388753007061,427.2107487259841,0.0,0.0,0.0,26.923202403978053
2024-09-22 05:00:00,47.66207770468415,47.56456721577326,427.10796364574577,0.0,0.0,0.0,0.09751048891089198
2024-09-22 06:00:00,178.7327913925656,98.93964055376692,342.99859753508616,0.0,0.0,0.0,79.79315083879867
2024-09-22 07:00:00,595.7759713085519,186.65753940502603,60.0,140.64238905027037,0.0,0.0,268.47604285325554
2024-09-22 08:00:00,595.7759713085519,319.38107197151703,60.0,276.3948993370349,0.0,0.0,0.0
2024-09-22 09:00:00,595.7759713085519,495.6341718396084,60.0,100.14179946894347,0.0,0.0,0.0
2024-09-22 10:00:00,476.62077704684157,697.5923963593486,269.6320845849518,0.0,0.0,220.97161931250707,0.0
2024-09-22 11:00:00,476.62077704684157,890.4933169039829,662.2660506691673,0.0,0.0,413.8725398571413,0.0
2024-09-22 12:00:00,476.62077704684157,1030.9747292668096,1172.4052671940694,0.0,16.62000288913532,537.7339493308327,0.0
2024-09-22 13:00:00,476.62077704684157,1082.56456,1198.5839293212223,0.0,578.3490501472279,27.594732805930562,0.0
2024-09-22 14:00:00,476.62077704684157,1030.9747292668096,1199.9273319230379,0.0,552.9378815411903,1.4160706787777144,0.0
2024-09-22 15:00:00,476.62077704684157,890.4933169039829,1199.9962709139534,0.0,413.79987178017916,0.07266807696214528,0.0
2024-09-22 16:00:00,476.62077704684157,697.5923963593486,1199.999808635603,0.0,220.96789022646044,0.0037290860466328013,0.0
2024-09-22 17:00:00,476.62077704684157,495.6341718396084,1199.9999901798103,0.0,19.013203428369764,0.0001913643970965495,0.0
2024-09-22 18:00:00,357.4655827851312,319.38107197151703,1159.8553909316993,0.0,0.0,0.0,38.084510813614145
2024-09-22 19:00:00,357.4655827851312,186.65753940502603,979.8079043457067,0.0,0.0,0.0,170.80804338010515
2024-09-22 20:00:00,148.94399282713798,98.93964055376692,927.0986889772829,0.0,0.0,0.0,50.004352273371055
2024-09-22 21:00:00,148.94399282713798,47.56456721577326,820.2353913734427,0.0,0.0,0.0,101.37942561136472
2024-09-22 22:00:00,148.94399282713798,20.7388753007061,685.0953316824102,0.0,0.0,0.0,128.20511752643188
2024-09-22 23:00:00,47.66207770468415,8.201159919147182,643.499872094762,0.0,0.0,0.0,39.46091778553697
2024-09-23 00:00:00,47.66207770468415,0.28227739334554325,593.5571774055004,0.0,0.0,0.0,47.379800311338606
2024-09-23 01:00:00,47.66207770468415,0.9567990370835674,544.325490958003,0.0,0.0,0.0,46.70527866760058
2024-09-23 02:00:00,47.66207770468415,2.9413979831917043,497.1857554810628,0.0,0.0,0.0,44.720679721492445
2024-09-23 03:00:00,47.66207770468415,8.201159919147182,455.5902958934146,0.0,0.0,0.0,39.46091778553697
2024-09-23 04:00:00,47.66207770468415,20.7388753007061,427.2107487259841,0.0,0.0,0.0,26.923202403978053
2024-09-23 05:00:00,47.66207770468415,47.56456721577326,427.10796364574577,0.0,0.0,0.0,0.09751048891089198
2024-09-23 06:00:00,178.7327913925656,98.93964055376692,342.99859753508616,0.0,0.0,0.0,79.79315083879867
2024-09-23 07:00:00,595.7759713085519,186.65753940502603,60.0,140.64238905027037,0.0,0.0,268.47604285325554
2024-09-23 08:00:00,595.7759713085519,319.38107197151703,60.0,276.3948993370349,0.0,0.0,0.0
2024-09-23 09:00:00,595.7759713085519,495.6341718396084,60.0,100.14179946894347,0.0,0.0,0.0
2024-09-23 10:00:00,476.62077704684157,697.5923963593486,269.6320845849518,0.0,0.0,220.97161931250707,0.0
2024-09-23 11:00:00,476.62077704684157,890.4933169039829,662.2660506691673,0.0,0.0,413.8725398571413,0.0
2024-09-23 12:00:00,476.62077704684157,1030.9747292668096,1172.4052671940694,0.0,16.62000288913532,537.7339493308327,0.0
2024-09-23 13:00:00,476.62077704684157,1082.56456,1198.5839293212223,0.0,578.3490501472279,27.594732805930562,0.0
2024-09-23 14:00:00,476.62077704684157,1030.9747292668096,1199.9273319230379,0.0,552.9378815411903,1.4160706787777144,0.0
2024-09-23 15:00:00,476.62077704684157,890.4933169039829,1199.9962709139534,0.0,413.79987178017916,0.07266807696214528,0.0
2024-09-23 16:00:00,476.62077704684157,697.5923963593486,1199.999808635603,0.0,220.96789022646044,0.0037290860466328013,0.0
2024-09-23 17:00:00,476.62077704684157,495.6341718396084,1199.9999901798103,0.0,19.013203428369764,0.0001913643970965495,0.0
2024-09-23 18:00:00,357.4655827851312,319.38107197151703,1159.8553909316993,0.0,0.0,0.0,38.084510813614145
2024-09-23 19:00:00,357.4655827851312,186.65753940502603,979.8079043457067,0.0,0.0,0.0,170.80804338010515
2024-09-23 20:00:00,148.94399282713798,98.93964055376692,927.0986889772829,0.0,0.0,0.0,50.004352273371055
2024-09-23 21:00:00,148.94399282713798,47.56456721577326,820.2353913734427,0.0,0.0,0.0,101.37942561136472
2024-09-23 22:00:00,148.94399282713798,20.7388753007061,685.0953316824102,0.0,0.0,0.0,128.20511752643188
2024-09-23 23:00:00,47.66207770468415,8.201159919147182,643.499872094762,0.0,0.0,0.0,39.46091778553697
2024-09-24 00:00:00,47.66207770468415,0.28227739334554325,593.5571774055004,0.0,0.0,0.0,47.379800311338606
2024-09-24 01:00:00,47.66207770468415,0.9567990370835674,544.325490958003,0.0,0.0,0.0,46.70527866760058
2024-09-24 02:00:00,47.66207770468415,2.9413979831917043,497.1857554810628,0.0,0.0,0.0,44.720679721492445
2024-09-24 03:00:00,47.66207770468415,8.201159919147182,455.5902958934146,0.0,0.0,0.0,39.46091778553697
2024-09-24 04:00:00,47.66207770468415,20.7388753007061,427.2107487259841,0.0,0.0,0.0,26.923202403978053
2024-09-24 05:00:00,47.66207770468415,47.56456721577326,427.10796364574577,0.0,0.0,0.0,0.09751048891089198
2024-09-24 06:00:00,178.7327913925656,98.93964055376692,342.99859753508616,0.0,0.0,0.0,79.79315083879867
2024-09-24 07:00:00,595.7759713085519,186.65753940502603,60.0,140.64238905027037,0.0,0.0,268.47604285325554
2024-09-24 08:00:00,595.7759713085519,319.38107197151703,60.0,276.3948993370349,0.0,0.0,0.0
2024-09-24 09:00:00,595.7759713085519,495.6341718396084,60.0,100.14179946894347,0.0,0.0,0.0
2024-09-24 10:00:00,476.62077704684157,697.5923963593486,269.6320845849518,0.0,0.0,220.97161931250707,0.0
2024-09-24 11:00:00,476.62077704684157,890.4933169039829,662.2660506691673,0.0,0.0,413.8725398571413,0.0
2024-09-24 12:00:00,476.62077704684157,1030.9747292668096,1172.4052671940694,0.0,16.62000288913532,537.7339493308327,0.0
2024-09-24 13:00:00,476.62077704684157,1082.56456,1198.5839293212223,0.0,578.3490501472279,27.594732805930562,0.0
2024-09-24 14:00:00,476.62077704684157,1030.9747292668096,1199.9273319230379,0.0,552.9378815411903,1.4160706787777144,0.0
2024-09-24 15:00:00,476.62077704684157,890.4933169039829,1199.9962709139534,0.0,413.79987178017916,0.07266807696214528,0.0
2024-09-24 16:00:00,476.62077704684157,697.5923963593486,1199.999808635603,0.0,220.96789022646044,0.0037290860466328013,0.0
2024-09-24 17:00:00,476.62077704684157,495.6341718396084,1199.9999901798103,0.0,19.013203428369764,0.0001913643970965495,0.0
2024-09-24 18:00:00,357.4655827851312,319.38107197151703,1159.8553909316993,0.0,0.0,0.0,38.084510813614145
2024-09-24 19:00:00,357.4655827851312,186.65753940502603,979.8079043457067,0.0,0.0,0.0,170.80804338010515
2024-09-24 20:00:00,148.94399282713798,98.93964055376692,927.0986889772829,0.0,0.0,0.0,50.004352273371055
2024-09-24 21:00:00,148.94399282713798,47.56456721577326,820.2353913734427,0.0,0.0,0.0,101.37942561136472
2024-09-24 22:00:00,148.94399282713798,20.7388753007061,685.0953316824102,0.0,0.0,0.0,128.20511752643188
2024-09-24 23:00:00,47.66207770468415,8.201159919147182,643.499872094762,0.0,0.0,0.0,39.46091778553697
2024-09-25 00:00:00,47.66207770468416,0.28227739334554325,593.5571774055004,0.0,0.0,0.0,47.37980031133861
2024-09-25 01:00:00,47.66207770468416,0.9567990370835674,544.325490958003,0.0,0.0,0.0,46.70527866760059
2024-09-25 02:00:00,47.66207770468416,2.9413979831917043,497.18575548106276,0.0,0.0,0.0,44.72067972149245
2024-09-25 03:00:00,47.66207770468416,8.201159919147182,455.5902958934145,0.0,0.0,0.0,39.46091778553698
2024-09-25 04:00:00,47.66207770468416,20.7388753007061,427.21074872598405,0.0,0.0,0.0,26.92320240397806
2024-09-25 05:00:00,47.66207770468416,47.56456721577326,427.1079636457457,0.0,0.0,0.0,0.09751048891089908
2024-09-25 06:00:00,178.7327913925656,98.93964055376692,342.9985975350861,0.0,0.0,0.0,79.79315083879867
2024-09-25 07:00:00,595.7759713085519,186.65753940502603,60.0,140.64238905027042,0.0,0.0,268.4760428532555
2024-09-25 08:00:00,595.7759713085519,319.38107197151703,60.0,276.3948993370349,0.0,0.0,0.0
2024-09-25 09:00:00,595.7759713085519,495.6341718396084,60.0,100.14179946894347,0.0,0.0,0.0
2024-09-25 10:00:00,476.62077704684157,697.5923963593486,269.6320845849518,0.0,0.0,220.97161931250707,0.0
2024-09-25 11:00:00,476.62077704684157,890.4933169039829,662.2660506691673,0.0,0.0,413.8725398571413,0.0
2024-09-25 12:00:00,476.62077704684157,1030.9747292668096,1172.4052671940694,0.0,16.62000288913532,537.7339493308327,0.0
2024-09-25 13:00:00,476.62077704684157,1082.56456,1198.5839293212223,0.0,578.3490501472279,27.594732805930562,0.0
2024-09-25 14:00:00,476.62077704684157,1030.9747292668096,1199.9273319230379,0.0,552.9378815411903,1.4160706787777144,0.0
2024-09-25 15:00:00,476.62077704684157,890.4933169039829,1199.9962709139534,0.0,413.79987178017916,0.07266807696214528,0.0
2024-09-25 16:00:00,476.62077704684157,697.5923963593486,1199.999808635603,0.0,220.96789022646044,0.0037290860466328013,0.0
2024-09-25 17:00:00,476.62077704684157,495.6341718396084,1199.9999901798103,0.0,19.013203428369764,0.0001913643970965495,0.0
2024-09-25 18:00:00,357.4655827851312,319.38107197151703,1159.8553909316993,0.0,0.0,0.0,38.084510813614145
2024-09-25 19:00:00,357.4655827851312,186.65753940502603,979.8079043457067,0.0,0.0,0.0,170.80804338010515
2024-09-25 20:00:00,148.94399282713798,98.93964055376692,927.0986889772829,0.0,0.0,0.0,50.004352273371055
2024-09-25 21:00:00,148.94399282713798,47.56456721577326,820.2353913734427,0.0,0.0,0.0,101.37942561136472
2024-09-25 22:00:00,148.94399282713798,20.7388753007061,685.0953316824102,0.0,0.0,0.0,128.20511752643188
2024-09-25 23:00:00,47.66207770468416,8.201159919147182,643.499872094762,0.0,0.0,0.0,39.46091778553698
2024-09-26 00:00:00,47.66207770468416,0.28227739334554325,593.5571774055004,0.0,0.0,0.0,47.37980031133861
2024-09-26 01:00:00,47.66207770468416,0.9567990370835674,544.325490958003,0.0,0.0,0.0,46.70527866760059
2024-09-26 02:00:00,47.66207770468416,2.9413979831917043,497.18575548106276,0.0,0.0,0.0,44.72067972149245
2024-09-26 03:00:00,47.66207770468416,8.201159919147182,455.5902958934145,0.0,0.0,0.0,39.46091778553698
2024-09-26 04:00:00,47.66207770468416,20.7388753007061,427.21074872598405,0.0,0.0,0.0,26.92320240397806
2024-09-26 05:00:00,47.66207770468416,47.56456721577326,427.1079636457457,0.0,0.0,0.0,0.09751048891089908
2024-09-26 06:00:00,178.7327913925656,98.93964055376692,342.9985975350861,0.0,0.0,0.0,79.79315083879867
2024-09-26 07:00:00,595.7759713085519,186.65753940502603,60.0,140.64238905027042,0.0,0.0,268.4760428532555
2024-09-26 08:00:00,595.7759713085519,319.38107197151703,60.0,276.3948993370349,0.0,0.0,0.0
2024-09-26 09:00:00,595.7759713085519,495.6341718396084,60.0,100.14179946894347,0.0,0.0,0.0
2024-09-26 10:00:00,476.62077704684157,697.5923963593486,269.6320845849518,0.0,0.0,220.97161931250707,0.0
2024-09-26 11:00:00,476.62077704684157,890.4933169039829,662.2660506691673,0.0,0.0,413.8725398571413,0.0
2024-09-26 12:00:00,476.62077704684157,1030.9747292668096,1172.4052671940694,0.0,16.62000288913532,537.7339493308327,0.0
2024-09-26 13:00:00,476.62077704684157,1082.56456,1198.5839293212223,0.0,578.3490501472279,27.594732805930562,0.0
2024-09-26 14:00:00,476.62077704684157,1030.9747292668096,1199.9273319230379,0.0,552.9378815411903,1.4160706787777144,0.0
2024-09-26 15:00:00,476.62077704684157,890.4933169039829,1199.9962709139534,0.0,413.79987178017916,0.07266807696214528,0.0
2024-09-26 16:00:00,476.62077704684157,697.5923963593486,1199.999808635603,0.0,220.96789022646044,0.0037290860466328013,0.0
2024-09-26 17:00:00,476.62077704684157,495.6341718396084,1199.9999901798103,0.0,19.013203428369764,0.0001913643970965495,0.0
2024-09-26 18:00:00,357.4655827851312,319.38107197151703,1159.8553909316993,0.0,0.0,0.0,38.084510813614145
2024-09-26 19:00:00,357.4655827851312,186.65753940502603,979.8079043457067,0.0,0.0,0.0,170.80804338010515
2024-09-26 20:00:00,148.94399282713798,98.93964055376692,927.0986889772829,0.0,0.0,0.0,50.004352273371055
2024-09-26 21:00:00,148.94399282713798,47.56456721577326,820.2353913734427,0.0,0.0,0.0,101.37942561136472
2024-09-26 22:00:00,148.94399282713798,20.7388753007061,685.0953316824102,0.0,0.0,0.0,128.20511752643188
2024-09-26 23:00:00,47.66207770468416,8.201159919147182,643.499872094762,0.0,0.0,0.0,39.46091778553698
2024-09-27 00:00:00,47.66207770468415,0.28227739334554325,593.5571774055004,0.0,0.0,0.0,47.379800311338606
2024-09-27 01:00:00,47.66207770468415,0.9567990370835674,544.325490958003,0.0,0.0,0.0,46.70527866760058
2024-09-27 02:00:00,47.66207770468415,2.9413979831917043,497.1857554810628,0.0,0.0,0.0,44.720679721492445
2024-09-27 03:00:00,47.66207770468415,8.201159919147182,455.5902958934146,0.0,0.0,0.0,39.46091778553697
2024-09-27 04:00:00,47.66207770468415,20.7388753007061,427.2107487259841,0.0,0.0,0.0,26.923202403978053
2024-09-27 05:00:00,47.66207770468415,47.56456721577326,427.10796364574577,0.0,0.0,0.0,0.09751048891089198
2024-09-27 06:00:00,178.7327913925656,98.93964055376692,342.99859753508616,0.0,0.0,0.0,79.79315083879867
2024-09-27 07:00:00,595.7759713085519,186.65753940502603,60.0,140.64238905027037,0.0,0.0,268.47604285325554
2024-09-27 08:00:00,595.7759713085519,319.38107197151703,60.0,276.3948993370349,0.0,0.0,0.0
2024-09-27 09:00:00,595.7759713085519,495.6341718396084,60.0,100.14179946894347,0.0,0.0,0.0
2024-09-27 10:00:00,476.62077704684157,697.5923963593486,269.6320845849518,0.0,0.0,220.97161931250707,0.0
2024-09-27 11:00:00,476.62077704684157,890.4933169039829,662.2660506691673,0.0,0.0,413.8725398571413,0.0
2024-09-27 12:00:00,476.62077704684157,1030.9747292668096,1172.4052671940694,0.0,16.62000288913532,537.7339493308327,0.0
2024-09-27 13:00:00,476.62077704684157,1082.56456,1198.5839293212223,0.0,578.3490501472279,27.594732805930562,0.0
2024-09-27 14:00:00,476.62077704684157,1030.9747292668096,1199.9273319230379,0.0,552.9378815411903,1.4160706787777144,0.0
2024-09-27 15:00:00,476.62077704684157,890.4933169039829,1199.9962709139534,0.0,413.79987178017916,0.07266807696214528,0.0
2024-09-27 16:00:00,476.62077704684157,697.5923963593486,1199.999808635603,0.0,220.96789022646044,0.0037290860466328013,0.0
2024-09-27 17:00:00,476.62077704684157,495.6341718396084,1199.9999901798103,0.0,19.013203428369764,0.0001913643970965495,0.0
2024-09-27 18:00:00,357.4655827851312,319.38107197151703,1159.8553909316993,0.0,0.0,0.0,38.084510813614145
2024-09-27 19:00:00,357.4655827851312,186.65753940502603,979.8079043457067,0.0,0.0,0.0,170.80804338010515
2024-09-27 20:00:00,148.94399282713798,98.93964055376692,927.0986889772829,0.0,0.0,0.0,50.004352273371055
2024-09-27 21:00:00,148.94399282713798,47.56456721577326,820.2353913734427,0.0,0.0,0.0,101.37942561136472
2024-09-27 22:00:00,148.94399282713798,20.7388753007061,685.0953316824102,0.0,0.0,0.0,128.20511752643188
2024-09-27 23:00:00,47.66207770468415,8.201159919147182,643.499872094762,0.0,0.0,0.0,39.46091778553697
2024-09-28 00:00:00,47.66207770468415,0.28227739334554325,593.5571774055004,0.0,0.0,0.0,47.379800311338606
2024-09-28 01:00:00,47.66207770468415,0.9567990370835674,544.325490958003,0.0,0.0,0.0,46.70527866760058
2024-09-28 02:00:00,47.66207770468415,2.9413979831917043,497.1857554810628,0.0,0.0,0.0,44.720679721492445
2024-09-28 03:00:00,47.66207770468415,8.201159919147182,455.5902958934146,0.0,0.0,0.0,39.46091778553697
2024-09-28 04:00:00,47.66207770468415,20.7388753007061,427.2107487259841,0.0,0.0,0.0,26.923202403978053
2024-09-28 05:00:00,47.66207770468415,47.56456721577326,427.10796364574577,0.0,0.0,0.0,0.09751048891089198
2024-09-28 06:00:00,178.7327913925656,98.93964055376692,342.99859753508616,0.0,0.0,0.0,79.79315083879867
2024-09-28 07:00:00,595.7759713085519,186.65753940502603,60.0,140.64238905027037,0.0,0.0,268.47604285325554
2024-09-28 08:00:00,595.7759713085519,319.38107197151703,60.0,276.3948993370349,0.0,0.0,0.0
2024-09-28 09:00:00,595.7759713085519,495.6341718396084,60.0,100.14179946894347,0.0,0.0,0.0
2024-09-28 10:00:00,476.62077704684157,697.5923963593486,269.6320845849518,0.0,0.0,220.97161931250707,0.0
2024-09-28 11:00:00,476.62077704684157,890.4933169039829,662.2660506691673,0.0,0.0,413.8725398571413,0.0
2024-09-28 12:00:00,476.62077704684157,1030.9747292668096,1172.4052671940694,0.0,16.62000288913532,537.7339493308327,0.0
2024-09-28 13:00:00,476.62077704684157,1082.56456,1198.5839293212223,0.0,578.3490501472279,27.594732805930562,0.0
2024-09-28 14:00:00,476.62077704684157,1030.9747292668096,1199.9273319230379,0.0,552.9378815411903,1.4160706787777144,0.0
2024-09-28 15:00:00,476.62077704684157,890.4933169039829,1199.9962709139534,0.0,413.79987178017916,0.07266807696214528,0.0
2024-09-28 16:00:00,476.62077704684157,697.5923963593486,1199.999808635603,0.0,220.96789022646044,0.0037290860466328013,0.0
2024-09-28 17:00:00,476.62077704684157,495.6341718396084,1199.9999901798103,0.0,19.013203428369764,0.0001913643970965495,0.0
2024-09-28 18:00:00,357.4655827851312,319.38107197151703,1159.8553909316993,0.0,0.0,0.0,38.084510813614145
2024-09-28 19:00:00,357.4655827851312,186.65753940502603,979.8079043457067,0.0,0.0,0.0,170.80804338010515
2024-09-28 20:00:00,148.94399282713798,98.93964055376692,927.0986889772829,0.0,0.0,0.0,50.004352273371055
2024-09-28 21:00:00,148.94399282713798,47.56456721577326,820.2353913734427,0.0,0.0,0.0,101.37942561136472
2024-09-28 22:00:00,148.94399282713798,20.7388753007061,685.0953316824102,0.0,0.0,0.0,128.20511752643188
2024-09-28 23:00:00,47.66207770468415,8.201159919147182,643.499872094762,0.0,0.0,0.0,39.46091778553697
2024-09-29 00:00:00,47.66207770468415,0.28227739334554325,593.5571774055004,0.0,0.0,0.0,47.379800311338606
2024-09-29 01:00:00,47.66207770468415,0.9567990370835674,544.325490958003,0.0,0.0,0.0,46.70527866760058
2024-09-29 02:00:00,47.66207770468415,2.9413979831917043,497.1857554810628,0.0,0.0,0.0,44.720679721492445
2024-09-29 03:00:00,47.66207770468415,8.201159919147182,455.5902958934146,0.0,0.0,0.0,39.46091778553697
2024-09-29 04:00:00,47.66207770468415,20.7388753007061,427.2107487259841,0.0,0.0,0.0,26.923202403978053
2024-09-29 05:00:00,47.66207770468415,47.56456721577326,427.10796364574577,0.0,0.0,0.0,0.09751048891089198
2024-09-29 06:00:00,178.7327913925656,98.93964055376692,342.99859753508616,0.0,0.0,0.0,79.79315083879867
2024-09-29 07:00:00,595.7759713085519,186.65753940502603,60.0,140.64238905027037,0.0,0.0,268.47604285325554
2024-09-29 08:00:00,595.7759713085519,319.38107197151703,60.0,276.3948993370349,0.0,0.0,0.0
2024-09-29 09:00:00,595.7759713085519,495.6341718396084,60.0,100.14179946894347,0.0,0.0,0.0
2024-09-29 10:00:00,476.62077704684157,697.5923963593486,269.6320845849518,0.0,0.0,220.97161931250707,0.0
2024-09-29 11:00:00,476.62077704684157,890.4933169039829,662.2660506691673,0.0,0.0,413.8725398571413,0.0
2024-09-29 12:00:00,476.62077704684157,1030.9747292668096,1172.4052671940694,0.0,16.62000288913532,537.7339493308327,0.0
2024-09-29 13:00:00,476.62077704684157,1082.56456,1198.5839293212223,0.0,578.3490501472279,27.594732805930562,0.0
2024-09-29 14:00:00,476.62077704684157,1030.9747292668096,1199.9273319230379,0.0,552.9378815411903,1.4160706787777144,0.0
2024-09-29 15:00:00,476.62077704684157,890.4933169039829,1199.9962709139534,0.0,413.79987178017916,0.07266807696214528,0.0
2024-09-29 16:00:00,476.62077704684157,697.5923963593486,1199.999808635603,0.0,220.96789022646044,0.0037290860466328013,0.0
2024-09-29 17:00:00,476.62077704684157,495.6341718396084,1199.9999901798103,0.0,19.013203428369764,0.0001913643970965495,0.0
2024-09-29 18:00:00,357.4655827851312,319.38107197151703,1159.8553909316993,0.0,0.0,0.0,38.084510813614145
2024-09-29 19:00:00,357.4655827851312,186.65753940502603,979.8079043457067,0.0,0.0,0.0,170.80804338010515
2024-09-29 20:00:00,148.94399282713798,98.93964055376692,927.0986889772829,0.0,0.0,0.0,50.004352273371055
2024-09-29 21:00:00,148.94399282713798,47.56456721577326,820.2353913734427,0.0,0.0,0.0,101.37942561136472
2024-09-29 22:00:00,148.94399282713798,20.7388753007061,685.0953316824102,0.0,0.0,0.0,128.20511752643188
2024-09-29 23:00:00,47.66207770468415,8.201159919147182,643.499872094762,0.0,0.0,0.0,39.46091778553697
2024-09-30 00:00:00,47.66207770468415,0.28227739334554325,593.5571774055004,0.0,0.0,0.0,47.379800311338606
2024-09-30 01:00:00,47.66207770468415,0.9567990370835674,544.325490958003,0.0,0.0,0.0,46.70527866760058
2024-09-30 02:00:00,47.66207770468415,2.9413979831917043,497.1857554810628,0.0,0.0,0.0,44.720679721492445
2024-09-30 03:00:00,47.66207770468415,8.201159919147182,455.5902958934146,0.0,0.0,0.0,39.46091778553697
2024-09-30 04:00:00,47.66207770468415,20.7388753007061,427.2107487259841,0.0,0.0,0.0,26.923202403978053
2024-09-30 05:00:00,47.66207770468415,47.56456721577326,427.10796364574577,0.0,0.0,0.0,0.09751048891089198
2024-09-30 06:00:00,178.7327913925656,98.93964055376692,342.99859753508616,0.0,0.0,0.0,79.79315083879867
2024-09-30 07:00:00,595.7759713085519,186.65753940502603,60.0,140.64238905027037,0.0,0.0,268.47604285325554
2024-09-30 08:00:00,595.7759713085519,319.38107197151703,60.0,276.3948993370349,0.0,0.0,0.0
2024-09-30 09:00:00,595.7759713085519,495.6341718396084,60.0,100.14179946894347,0.0,0.0,0.0
2024-09-30 10:00:00,476.62077704684157,697.5923963593486,269.6320845849518,0.0,0.0,220.97161931250707,0.0
2024-09-30 11:00:00,476.62077704684157,890.4933169039829,662.2660506691673,0.0,0.0,413.8725398571413,0.0
2024-09-30 12:00:00,476.62077704684157,1030.9747292668096,1172.4052671940694,0.0,16.62000288913532,537.7339493308327,0.0
2024-09-30 13:00:00,476.62077704684157,1082.56456,1198.5839293212223,0.0,578.3490501472279,27.594732805930562,0.0
2024-09-30 14:00:00,476.62077704684157,1030.9747292668096,1199.9273319230379,0.0,552.9378815411903,1.4160706787777144,0.0
2024-09-30 15:00:00,476.62077704684157,890.4933169039829,1199.9962709139534,0.0,413.79987178017916,0.07266807696214528,0.0
2024-09-30 16:00:00,476.62077704684157,697.5923963593486,1199.999808635603,0.0,220.96789022646044,0.0037290860466328013,0.0
2024-09-30 17:00:00,476.62077704684157,495.6341718396084,1199.9999901798103,0.0,19.013203428369764,0.0001913643970965495,0.0
2024-09-30 18:00:00,357.4655827851312,319.38107197151703,1159.8553909316993,0.0,0.0,0.0,38.084510813614145
2024-09-30 19:00:00,357.4655827851312,186.65753940502603,979.8079043457067,0.0,0.0,0.0,170.80804338010515
2024-09-30 20:00:00,148.94399282713798,98.93964055376692,927.0986889772829,0.0,0.0,0.0,50.004352273371055
2024-09-30 21:00:00,148.94399282713798,47.56456721577326,820.2353913734427,0.0,0.0,0.0,101.37942561136472
2024-09-30 22:00:00,148.94399282713798,20.7388753007061,685.0953316824102,0.0,0.0,0.0,128.20511752643188
2024-09-30 23:00:00,47.66207770468415,8.201159919147182,643.499872094762,0.0,0.0,0.0,39.46091778553697
2024-10-01 00:00:00,47.66207770468415,0.2102209053627042,593.4812231980943,0.0,0.0,0.0,47.45185679932145
2024-10-01 01:00:00,47.66207770468415,0.7125585136024385,543.9920846335596,0.0,0.0,0.0,46.94951919108171
2024-10-01 02:00:00,47.66207770468415,2.190552136428658,496.060888140803,0.0,0.0,0.0,45.471525568255494
2024-10-01 03:00:00,47.66207770468415,6.107663255615305,452.2586893095802,0.0,0.0,0.0,41.554414449068844
2024-10-01 04:00:00,47.66207770468415,15.444896561666136,418.29879857552555,0.0,0.0,0.0,32.21718114301802
2024-10-01 05:00:00,47.66207770468415,35.42283802743258,405.39750717258585,0.0,0.0,0.0,12.239239677251568
2024-10-01 06:00:00,178.7327913925656,73.68348051879798,294.665810841853,0.0,0.0,0.0,105.04931087376761
2024-10-01 07:00:00,595.7759713085519,139.00977496439228,60.0,234.14266097501255,0.0,0.0,222.6235353691471
2024-10-01 08:00:00,595.7759713085519,237.85318870142302,60.0,357.92278260712885,0.0,0.0,0.0
2024-10-01 09:00:00,595.7759713085519,369.1144483726743,60.0,226.6615229358776,0.0,0.0,0.0
2024-10-01 10:00:00,476.62077704684157,519.5191276167283,100.69694869956726,0.0,0.0,42.8983505698867,0.0
2024-10-01 11:00:00,476.62077704684157,663.1785460404756,277.68118826539387,0.0,0.0,186.557768993634,0.0
2024-10-01 12:00:00,476.62077704684157,767.799498301409,553.9175778673082,0.0,0.0,291.17872125456745,0.0
2024-10-01 13:00:00,476.62077704684157,806.2200774193548,866.6029291798459,0.0,0.0,329.5993003725132,0.0
2024-10-01 14:00:00,476.62077704684157,767.799498301409,1142.83931878176,0.0,0.0,291.17872125456745,0.0
2024-10-01 15:00:00,476.62077704684157,663.1785460404756,1197.0667023586939,0.0,129.39708777539408,57.160681218239915,0.0
2024-10-01 16:00:00,476.62077704684157,519.5191276167283,1199.849472839212,0.0,39.965052928580576,2.933297641306126,0.0
2024-10-01 17:00:00,476.62077704684157,369.1144483726743,1086.5278523415325,0.0,0.0,0.0,107.50632867416726
2024-10-01 18:00:00,357.4655827851312,237.85318870142302,960.4453184448103,0.0,0.0,0.0,119.61239408370815
2024-10-01 19:00:00,357.4655827851312,139.00977496439228,730.1726781762904,0.0,0.0,0.0,218.4558078207389
2024-10-01 20:00:00,148.94399282713798,73.68348051879798,650.8411325877935,0.0,0.0,0.0,75.26051230834
2024-10-01 21:00:00,148.94399282713798,35.42283802743258,531.1793286612519,0.0,0.0,0.0,113.52115479970539
2024-10-01 22:00:00,148.94399282713798,15.444896561666136,390.4589254035954,0.0,0.0,0.0,133.49909626547185
2024-10-01 23:00:00,47.66207770468415,6.107663255615305,346.6567265723726,0.0,0.0,0.0,41.554414449068844
2024-10-02 00:00:00,52.425308282828276,0.2102209053627042,291.61719179320613,0.0,0.0,0.0,52.21508737746557
2024-10-02 01:00:00,52.425308282828276,0.7125585136024385,237.10716734617267,0.0,0.0,0.0,51.71274976922584
2024-10-02 02:00:00,52.425308282828276,2.190552136428658,184.15508497091744,0.0,0.0,0.0,50.23475614639962
2024-10-02 03:00:00,52.425308282828276,6.107663255615305,135.33200025719592,0.0,0.0,0.0,46.31764502721297
2024-10-02 04:00:00,52.425308282828276,15.444896561666136,96.3512236406426,0.0,0.0,0.0,36.98041172116214
2024-10-02 05:00:00,52.425308282828276,35.42283802743258,78.4290463552042,0.0,0.0,0.0,17.002470255395693
2024-10-02 06:00:00,196.59490606060604,73.68348051879798,60.0,105.42809706562713,0.0,0.0,17.483328476180926
2024-10-02 07:00:00,655.3163535353534,139.00977496439228,60.0,516.3065785709612,0.0,0.0,0.0
2024-10-02 08:00:00,655.3163535353534,237.85318870142302,60.0,417.46316483393036,0.0,0.0,0.0
2024-10-02 09:00:00,655.3163535353534,369.1144483726743,60.0,286.2019051626791,0.0,0.0,0.0
2024-10-02 10:00:00,524.2530828282828,519.5191276167283,60.0,4.73395521155453,0.0,0.0,0.0
2024-10-02 11:00:00,524.2530828282828,663.1785460404756,191.79626662333837,0.0,0.0,138.92546321219277,0.0
2024-10-02 12:00:00,524.2530828282828,767.799498301409,422.84468328276444,0.0,0.0,243.54641547312622,0.0
2024-10-02 13:00:00,524.2530828282828,806.2200774193548,690.342061652814,0.0,0.0,281.96699459107197,0.0
2024-10-02 14:00:00,524.2530828282828,767.799498301409,921.39047831224,0.0,0.0,243.54641547312622,0.0
2024-10-02 15:00:00,524.2530828282828,663.1785460404756,1053.1867449355784,0.0,0.0,138.92546321219277,0.0
2024-10-02 16:00:00,524.2530828282828,519.5191276167283,1048.1967179989995,0.0,0.0,0.0,4.73395521155453
2024-10-02 17:00:00,524.2530828282828,369.1144483726743,884.666238676333,0.0,0.0,0.0,155.1386344556085
2024-10-02 18:00:00,393.18981212121207,237.85318870142302,720.9270606608707,0.0,0.0,0.0,155.33662341978905
2024-10-02 19:00:00,393.18981212121207,139.00977496439228,452.9977762736107,0.0,0.0,0.0,254.1800371568198
2024-10-02 20:00:00,163.82908838383835,73.68348051879798,357.97596230230533,0.0,0.0,0.0,90.14560786504038
2024-10-02 21:00:00,163.82908838383835,35.42283802743258,222.62388999295536,0.0,0.0,0.0,128.40625035640576
2024-10-02 22:00:00,163.82908838383835,15.444896561666136,66.21321835249043,0.0,0.0,0.0,148.38419182217223
2024-10-02 23:00:00,52.425308282828276,6.107663255615305,60.0,40.42326854906437,0.0,0.0,5.8943764781486
2024-10-03 00:00:00,52.42530828282828,0.2102209053627042,60.0,52.21508737746558,0.0,0.0,0.0
2024-10-03 01:00:00,52.42530828282828,0.7125585136024385,60.0,51.712749769225844,0.0,0.0,0.0
2024-10-03 02:00:00,52.42530828282828,2.190552136428658,60.0,50.234756146399626,0.0,0.0,0.0
2024-10-03 03:00:00,52.42530828282828,6.107663255615305,60.0,46.317645027212976,0.0,0.0,0.0
2024-10-03 04:00:00,52.42530828282828,15.444896561666136,60.0,36.98041172116215,0.0,0.0,0.0
2024-10-03 05:00:00,52.42530828282828,35.42283802743258,60.0,17.0024702553957,0.0,0.0,0.0
2024-10-03 06:00:00,196.59490606060604,73.68348051879798,60.0,122.91142554180806,0.0,0.0,0.0
2024-10-03 07:00:00,655.3163535353534,139.00977496439228,60.0,516.3065785709612,0.0,0.0,0.0
2024-10-03 08:00:00,655.3163535353534,237.85318870142302,60.0,417.46316483393036,0.0,0.0,0.0
2024-10-03 09:00:00,655.3163535353534,369.1144483726743,60.0,286.2019051626791,0.0,0.0,0.0
2024-10-03 10:00:00,524.2530828282828,519.5191276167283,60.0,4.73395521155453,0.0,0.0,0.0
2024-10-03 11:00:00,524.2530828282828,663.1785460404756,191.79626662333837,0.0,0.0,138.92546321219277,0.0
2024-10-03 12:00:00,524.2530828282828,767.799498301409,422.84468328276444,0.0,0.0,243.54641547312622,0.0
2024-10-03 13:00:00,524.2530828282828,806.2200774193548,690.342061652814,0.0,0.0,281.96699459107197,0.0
2024-10-03 14:00:00,524.2530828282828,767.799498301409,921.39047831224,0.0,0.0,243.54641547312622,0.0
2024-10-03 15:00:00,524.2530828282828,663.1785460404756,1053.1867449355784,0.0,0.0,138.92546321219277,0.0
2024-10-03 16:00:00,524.2530828282828,519.5191276167283,1048.1967179989995,0.0,0.0,0.0,4.73395521155453
2024-10-03 17:00:00,524.2530828282828,369.1144483726743,884.666238676333,0.0,0.0,0.0,155.1386344556085
2024-10-03 18:00:00,393.18981212121207,237.85318870142302,720.9270606608707,0.0,0.0,0.0,155.33662341978905
2024-10-03 19:00:00,393.18981212121207,139.00977496439228,452.9977762736107,0.0,0.0,0.0,254.1800371568198
2024-10-03 20:00:00,163.82908838383835,73.68348051879798,357.97596230230533,0.0,0.0,0.0,90.14560786504038
2024-10-03 21:00:00,163.82908838383835,35.42283802743258,222.62388999295536,0.0,0.0,0.0,128.40625035640576
2024-10-03 22:00:00,163.82908838383835,15.444896561666136,66.21321835249043,0.0,0.0,0.0,148.38419182217223
2024-10-03 23:00:00,52.42530828282828,6.107663255615305,60.0,40.423268549064375,0.0,0.0,5.8943764781486
2024-10-04 00:00:00,52.42530828282828,0.2102209053627042,60.0,52.21508737746558,0.0,0.0,0.0
2024-10-04 01:00:00,52.42530828282828,0.7125585136024385,60.0,51.712749769225844,0.0,0.0,0.0
2024-10-04 02:00:00,52.42530828282828,2.190552136428658,60.0,50.234756146399626,0.0,0.0,0.0
2024-10-04 03:00:00,52.42530828282828,6.107663255615305,60.0,46.317645027212976,0.0,0.0,0.0
2024-10-04 04:00:00,52.42530828282828,15.444896561666136,60.0,36.98041172116215,0.0,0.0,0.0
2024-10-04 05:00:00,52.42530828282828,35.42283802743258,60.0,17.0024702553957,0.0,0.0,0.0
2024-10-04 06:00:00,196.59490606060604,73.68348051879798,60.0,122.91142554180806,0.0,0.0,0.0
2024-10-04 07:00:00,655.3163535353534,139.00977496439228,60.0,516.3065785709612,0.0,0.0,0.0
2024-10-04 08:00:00,655.3163535353534,237.85318870142302,60.0,417.46316483393036,0.0,0.0,0.0
2024-10-04 09:00:00,655.3163535353534,369.1144483726743,60.0,286.2019051626791,0.0,0.0,0.0
2024-10-04 10:00:00,524.2530828282828,519.5191276167283,60.0,4.73395521155453,0.0,0.0,0.0
2024-10-04 11:00:00,524.2530828282828,663.1785460404756,191.79626662333837,0.0,0.0,138.92546321219277,0.0
2024-10-04 12:00:00,524.2530828282828,767.799498301409,422.84468328276444,0.0,0.0,243.54641547312622,0.0
2024-10-04 13:00:00,524.2530828282828,806.2200774193548,690.342061652814,0.0,0.0,281.96699459107197,0.0
2024-10-04 14:00:00,524.2530828282828,767.799498301409,921.39047831224,0.0,0.0,243.54641547312622,0.0
2024-10-04 15:00:00,524.2530828282828,663.1785460404756,1053.1867449355784,0.0,0.0,138.92546321219277,0.0
2024-10-04 16:00:00,524.2530828282828,519.5191276167283,1048.1967179989995,0.0,0.0,0.0,4.73395521155453
2024-10-04 17:00:00,524.2530828282828,369.1144483726743,884.666238676333,0.0,0.0,0.0,155.1386344556085
2024-10-04 18:00:00,393.18981212121207,237.85318870142302,720.9270606608707,0.0,0.0,0.0,155.33662341978905
2024-10-04 19:00:00,393.18981212121207,139.00977496439228,452.9977762736107,0.0,0.0,0.0,254.1800371568198
2024-10-04 20:00:00,163.82908838383835,73.68348051879798,357.97596230230533,0.0,0.0,0.0,90.14560786504038
2024-10-04 21:00:00,163.82908838383835,35.42283802743258,222.62388999295536,0.0,0.0,0.0,128.40625035640576
2024-10-04 22:00:00,163.82908838383835,15.444896561666136,66.21321835249043,0.0,0.0,0.0,148.38419182217223
2024-10-04 23:00:00,52.42530828282828,6.107663255615305,60.0,40.423268549064375,0.0,0.0,5.8943764781486
2024-10-05 00:00:00,52.425308282828276,0.2102209053627042,60.0,52.21508737746557,0.0,0.0,0.0
2024-10-05 01:00:00,52.425308282828276,0.7125585136024385,60.0,51.71274976922584,0.0,0.0,0.0
2024-10-05 02:00:00,52.425308282828276,2.190552136428658,60.0,50.23475614639962,0.0,0.0,0.0
2024-10-05 03:00:00,52.425308282828276,6.107663255615305,60.0,46.31764502721297,0.0,0.0,0.0
2024-10-05 04:00:00,52.425308282828276,15.444896561666136,60.0,36.98041172116214,0.0,0.0,0.0
2024-10-05 05:00:00,52.425308282828276,35.42283802743258,60.0,17.002470255395693,0.0,0.0,0.0
2024-10-05 06:00:00,196.59490606060604,73.68348051879798,60.0,122.91142554180806,0.0,0.0,0.0
2024-10-05 07:00:00,655.3163535353534,139.00977496439228,60.0,516.3065785709612,0.0,0.0,0.0
2024-10-05 08:00:00,655.3163535353534,237.85318870142302,60.0,417.46316483393036,0.0,0.0,0.0
2024-10-05 09:00:00,655.3163535353534,369.1144483726743,60.0,286.2019051626791,0.0,0.0,0.0
2024-10-05 10:00:00,524.2530828282828,519.5191276167283,60.0,4.73395521155453,0.0,0.0,0.0
2024-10-05 11:00:00,524.2530828282828,663.1785460404756,191.79626662333837,0.0,0.0,138.92546321219277,0.0
2024-10-05 12:00:00,524.2530828282828,767.799498301409,422.84468328276444,0.0,0.0,243.54641547312622,0.0
2024-10-05 13:00:00,524.2530828282828,806.2200774193548,690.342061652814,0.0,0.0,281.96699459107197,0.0
2024-10-05 14:00:00,524.2530828282828,767.799498301409,921.39047831224,0.0,0.0,243.54641547312622,0.0
2024-10-05 15:00:00,524.2530828282828,663.1785460404756,1053.1867449355784,0.0,0.0,138.92546321219277,0.0
2024-10-05 16:00:00,524.2530828282828,519.5191276167283,1048.1967179989995,0.0,0.0,0.0,4.73395521155453
2024-10-05 17:00:00,524.2530828282828,369.1144483726743,884.666238676333,0.0,0.0,0.0,155.1386344556085
2024-10-05 18:00:00,393.18981212121207,237.85318870142302,720.9270606608707,0.0,0.0,0.0,155.33662341978905
2024-10-05 19:00:00,393.18981212121207,139.00977496439228,452.9977762736107,0.0,0.0,0.0,254.1800371568198
2024-10-05 20:00:00,163.82908838383835,73.68348051879798,357.97596230230533,0.0,0.0,0.0,90.14560786504038
2024-10-05 21:00:00,163.82908838383835,35.42283802743258,222.62388999295536,0.0,0.0,0.0,128.40625035640576
2024-10-05 22:00:00,163.82908838383835,15.444896561666136,66.21321835249043,0.0,0.0,0.0,148.38419182217223
2024-10-05 23:00:00,52.425308282828276,6.107663255615305,60.0,40.42326854906437,0.0,0.0,5.8943764781486
2024-10-06 00:00:00,52.425308282828276,0.2102209053627042,60.0,52.21508737746557,0.0,0.0,0.0
2024-10-06 01:00:00,52.425308282828276,0.7125585136024385,60.0,51.71274976922584,0.0,0.0,0.0
2024-10-06 02:00:00,52.425308282828276,2.190552136428658,60.0,50.23475614639962,0.0,0.0,0.0
2024-10-06 03:00:00,52.425308282828276,6.107663255615305,60.0,46.31764502721297,0.0,0.0,0.0
2024-10-06 04:00:00,52.425308282828276,15.444896561666136,60.0,36.98041172116214,0.0,0.0,0.0
2024-10-06 05:00:00,52.425308282828276,35.42283802743258,60.0,17.002470255395693,0.0,0.0,0.0
2024-10-06 06:00:00,196.59490606060604,73.68348051879798,60.0,122.91142554180806,0.0,0.0,0.0
2024-10-06 07:00:00,655.3163535353534,139.00977496439228,60.0,516.3065785709612,0.0,0.0,0.0
2024-10-06 08:00:00,655.3163535353534,237.85318870142302,60.0,417.46316483393036,0.0,0.0,0.0
2024-10-06 09:00:00,655.3163535353534,369.1144483726743,60.0,286.2019051626791,0.0,0.0,0.0
2024-10-06 10:00:00,524.2530828282828,519.5191276167283,60.0,4.73395521155453,0.0,0.0,0.0
2024-10-06 11:00:00,524.2530828282828,663.1785460404756,191.79626662333837,0.0,0.0,138.92546321219277,0.0
2024-10-06 12:00:00,524.2530828282828,767.799498301409,422.84468328276444,0.0,0.0,243.54641547312622,0.0
2024-10-06 13:00:00,524.2530828282828,806.2200774193548,690.342061652814,0.0,0.0,281.96699459107197,0.0
2024-10-06 14:00:00,524.2530828282828,767.799498301409,921.39047831224,0.0,0.0,243.54641547312622,0.0
2024-10-06 15:00:00,524.2530828282828,663.1785460404756,1053.1867449355784,0.0,0.0,138.92546321219277,0.0
2024-10-06 16:00:00,524.2530828282828,519.5191276167283,1048.1967179989995,0.0,0.0,0.0,4.73395521155453
2024-10-06 17:00:00,524.2530828282828,369.1144483726743,884.666238676333,0.0,0.0,0.0,155.1386344556085
2024-10-06 18:00:00,393.18981212121207,237.85318870142302,720.9270606608707,0.0,0.0,0.0,155.33662341978905
2024-10-06 19:00:00,393.18981212121207,139.00977496439228,452.9977762736107,0.0,0.0,0.0,254.1800371568198
2024-10-06 20:00:00,163.82908838383835,73.68348051879798,357.97596230230533,0.0,0.0,0.0,90.14560786504038
2024-10-06 21:00:00,163.82908838383835,35.42283802743258,222.62388999295536,0.0,0.0,0.0,128.40625035640576
2024-10-06 22:00:00,163.82908838383835,15.444896561666136,66.21321835249043,0.0,0.0,0.0,148.38419182217223
2024-10-06 23:00:00,52.425308282828276,6.107663255615305,60.0,40.42326854906437,0.0,0.0,5.8943764781486
2024-10-07 00:00:00,52.425308282828276,0.2102209053627042,60.0,52.21508737746557,0.0,0.0,0.0
2024-10-07 01:00:00,52.425308282828276,0.7125585136024385,60.0,51.71274976922584,0.0,0.0,0.0
2024-10-07 02:00:00,52.425308282828276,2.190552136428658,60.0,50.23475614639962,0.0,0.0,0.0
2024-10-07 03:00:00,52.425308282828276,6.107663255615305,60.0,46.31764502721297,0.0,0.0,0.0
2024-10-07 04:00:00,52.425308282828276,15.444896561666136,60.0,36.98041172116214,0.0,0.0,0.0
2024-10-07 05:00:00,52.425308282828276,35.42283802743258,60.0,17.002470255395693,0.0,0.0,0.0
2024-10-07 06:00:00,196.59490606060604,73.68348051879798,60.0,122.91142554180806,0.0,0.0,0.0
2024-10-07 07:00:00,655.3163535353534,139.00977496439228,60.0,516.3065785709612,0.0,0.0,0.0
2024-10-07 08:00:00,655.3163535353534,237.85318870142302,60.0,417.46316483393036,0.0,0.0,0.0
2024-10-07 09:00:00,655.3163535353534,369.1144483726743,60.0,286.2019051626791,0.0,0.0,0.0
2024-10-07 10:00:00,524.2530828282828,519.5191276167283,60.0,4.73395521155453,0.0,0.0,0.0
2024-10-07 11:00:00,524.2530828282828,663.1785460404756,191.79626662333837,0.0,0.0,138.92546321219277,0.0
2024-10-07 12:00:00,524.2530828282828,767.799498301409,422.84468328276444,0.0,0.0,243.54641547312622,0.0
2024-10-07 13:00:00,524.2530828282828,806.2200774193548,690.342061652814,0.0,0.0,281.96699459107197,0.0
2024-10-07 14:00:00,524.2530828282828,767.799498301409,921.39047831224,0.0,0.0,243.54641547312622,0.0
2024-10-07 15:00:00,524.2530828282828,663.1785460404756,1053.1867449355784,0.0,0.0,138.92546321219277,0.0
2024-10-07 16:00:00,524.2530828282828,519.5191276167283,1048.1967179989995,0.0,0.0,0.0,4.73395521155453
2024-10-07 17:00:00,524.2530828282828,369.1144483726743,884.666238676333,0.0,0.0,0.0,155.1386344556085
2024-10-07 18:00:00,393.18981212121207,237.85318870142302,720.9270606608707,0.0,0.0,0.0,155.33662341978905
2024-10-07 19:00:00,393.18981212121207,139.00977496439228,452.9977762736107,0.0,0.0,0.0,254.1800371568198
2024-10-07 20:00:00,163.82908838383835,73.68348051879798,357.97596230230533,0.0,0.0,0.0,90.14560786504038
2024-10-07 21:00:00,163.82908838383835,35.42283802743258,222.62388999295536,0.0,0.0,0.0,128.40625035640576
2024-10-07 22:00:00,163.82908838383835,15.444896561666136,66.21321835249043,0.0,0.0,0.0,148.38419182217223
2024-10-07 23:00:00,52.425308282828276,6.107663255615305,60.0,40.42326854906437,0.0,0.0,5.8943764781486
2024-10-08 00:00:00,52.425308282828276,0.2102209053627042,60.0,52.21508737746557,0.0,0.0,0.0
2024-10-08 01:00:00,52.425308282828276,0.7125585136024385,60.0,51.71274976922584,0.0,0.0,0.0
2024-10-08 02:00:00,52.425308282828276,2.190552136428658,60.0,50.23475614639962,0.0,0.0,0.0
2024-10-08 03:00:00,52.425308282828276,6.107663255615305,60.0,46.31764502721297,0.0,0.0,0.0
2024-10-08 04:00:00,52.425308282828276,15.444896561666136,60.0,36.98041172116214,0.0,0.0,0.0
2024-10-08 05:00:00,52.425308282828276,35.42283802743258,60.0,17.002470255395693,0.0,0.0,0.0
2024-10-08 06:00:00,196.59490606060604,73.68348051879798,60.0,122.91142554180806,0.0,0.0,0.0
2024-10-08 07:00:00,655.3163535353534,139.00977496439228,60.0,516.3065785709612,0.0,0.0,0.0
2024-10-08 08:00:00,655.3163535353534,237.85318870142302,60.0,417.46316483393036,0.0,0.0,0.0
2024-10-08 09:00:00,655.3163535353534,369.1144483726743,60.0,286.2019051626791,0.0,0.0,0.0
2024-10-08 10:00:00,524.2530828282828,519.5191276167283,60.0,4.73395521155453,0.0,0.0,0.0
2024-10-08 11:00:00,524.2530828282828,663.1785460404756,191.79626662333837,0.0,0.0,138.92546321219277,0.0
2024-10-08 12:00:00,524.2530828282828,767.799498301409,422.84468328276444,0.0,0.0,243.54641547312622,0.0
2024-10-08 13:00:00,524.2530828282828,806.2200774193548,690.342061652814,0.0,0.0,281.96699459107197,0.0
2024-10-08 14:00:00,524.2530828282828,767.799498301409,921.39047831224,0.0,0.0,243.54641547312622,0.0
2024-10-08 15:00:00,524.2530828282828,663.1785460404756,1053.1867449355784,0.0,0.0,138.92546321219277,0.0
2024-10-08 16:00:00,524.2530828282828,519.5191276167283,1048.1967179989995,0.0,0.0,0.0,4.73395521155453
2024-10-08 17:00:00,524.2530828282828,369.1144483726743,884.666238676333,0.0,0.0,0.0,155.1386344556085
2024-10-08 18:00:00,393.18981212121207,237.85318870142302,720.9270606608707,0.0,0.0,0.0,155.33662341978905
2024-10-08 19:00:00,393.18981212121207,139.00977496439228,452.9977762736107,0.0,0.0,0.0,254.1800371568198
2024-10-08 20:00:00,163.82908838383835,73.68348051879798,357.97596230230533,0.0,0.0,0.0,90.14560786504038
2024-10-08 21:00:00,163.82908838383835,35.42283802743258,222.62388999295536,0.0,0.0,0.0,128.40625035640576
2024-10-08 22:00:00,163.82908838383835,15.444896561666136,66.21321835249043,0.0,0.0,0.0,148.38419182217223
2024-10-08 23:00:00,52.425308282828276,6.107663255615305,60.0,40.42326854906437,0.0,0.0,5.8943764781486
2024-10-09 00:00:00,52.425308282828276,0.2102209053627042,60.0,52.21508737746557,0.0,0.0,0.0
2024-10-09 01:00:00,52.425308282828276,0.7125585136024385,60.0,51.71274976922584,0.0,0.0,0.0
2024-10-09 02:00:00,52.425308282828276,2.190552136428658,60.0,50.23475614639962,0.0,0.0,0.0
2024-10-09 03:00:00,52.425308282828276,6.107663255615305,60.0,46.31764502721297,0.0,0.0,0.0
2024-10-09 04:00:00,52.425308282828276,15.444896561666136,60.0,36.98041172116214,0.0,0.0,0.0
2024-10-09 05:00:00,52.425308282828276,35.42283802743258,60.0,17.002470255395693,0.0,0.0,0.0
2024-10-09 06:00:00,196.59490606060604,73.68348051879798,60.0,122.91142554180806,0.0,0.0,0.0
2024-10-09 07:00:00,655.3163535353534,139.00977496439228,60.0,516.3065785709612,0.0,0.0,0.0
2024-10-09 08:00:00,655.3163535353534,237.85318870142302,60.0,417.46316483393036,0.0,0.0,0.0
2024-10-09 09:00:00,655.3163535353534,369.1144483726743,60.0,286.2019051626791,0.0,0.0,0.0
2024-10-09 10:00:00,524.2530828282828,519.5191276167283,60.0,4.73395521155453,0.0,0.0,0.0
2024-10-09 11:00:00,524.2530828282828,663.1785460404756,191.79626662333837,0.0,0.0,138.92546321219277,0.0
2024-10-09 12:00:00,524.2530828282828,767.799498301409,422.84468328276444,0.0,0.0,243.54641547312622,0.0
2024-10-09 13:00:00,524.2530828282828,806.2200774193548,690.342061652814,0.0,0.0,281.96699459107197,0.0
2024-10-09 14:00:00,524.2530828282828,767.799498301409,921.39047831224,0.0,0.0,243.54641547312622,0.0
2024-10-09 15:00:00,524.2530828282828,663.1785460404756,1053.1867449355784,0.0,0.0,138.92546321219277,0.0
2024-10-09 16:00:00,524.2530828282828,519.5191276167283,1048.1967179989995,0.0,0.0,0.0,4.73395521155453
2024-10-09 17:00:00,524.2530828282828,369.1144483726743,884.666238676333,0.0,0.0,0.0,155.1386344556085
2024-10-09 18:00:00,393.18981212121207,237.85318870142302,720.9270606608707,0.0,0.0,0.0,155.33662341978905
2024-10-09 19:00:00,393.18981212121207,139.00977496439228,452.9977762736107,0.0,0.0,0.0,254.1800371568198
2024-10-09 20:00:00,163.82908838383835,73.68348051879798,357.97596230230533,0.0,0.0,0.0,90.14560786504038
2024-10-09 21:00:00,163.82908838383835,35.42283802743258,222.62388999295536,0.0,0.0,0.0,128.40625035640576
2024-10-09 22:00:00,163.82908838383835,15.444896561666136,66.21321835249043,0.0,0.0,0.0,148.38419182217223
2024-10-09 23:00:00,52.425308282828276,6.107663255615305,60.0,40.42326854906437,0.0,0.0,5.8943764781486
2024-10-10 00:00:00,52.42530828282828,0.2102209053627042,60.0,52.21508737746558,0.0,0.0,0.0
2024-10-10 01:00:00,52.42530828282828,0.7125585136024385,60.0,51.712749769225844,0.0,0.0,0.0
2024-10-10 02:00:00,52.42530828282828,2.190552136428658,60.0,50.234756146399626,0.0,0.0,0.0
2024-10-10 03:00:00,52.42530828282828,6.107663255615305,60.0,46.317645027212976,0.0,0.0,0.0
2024-10-10 04:00:00,52.42530828282828,15.444896561666136,60.0,36.98041172116215,0.0,0.0,0.0
2024-10-10 05:00:00,52.42530828282828,35.42283802743258,60.0,17.0024702553957,0.0,0.0,0.0
2024-10-10 06:00:00,196.59490606060604,73.68348051879798,60.0,122.91142554180806,0.0,0.0,0.0
2024-10-10 07:00:00,655.3163535353534,139.00977496439228,60.0,516.3065785709612,0.0,0.0,0.0
2024-10-10 08:00:00,655.3163535353534,237.85318870142302,60.0,417.46316483393036,0.0,0.0,0.0
2024-10-10 09:00:00,655.3163535353534,369.1144483726743,60.0,286.2019051626791,0.0,0.0,0.0
2024-10-10 10:00:00,524.2530828282828,519.5191276167283,60.0,4.73395521155453,0.0,0.0,0.0
2024-10-10 11:00:00,524.2530828282828,663.1785460404756,191.79626662333837,0.0,0.0,138.92546321219277,0.0
2024-10-10 12:00:00,524.2530828282828,767.799498301409,422.84468328276444,0.0,0.0,243.54641547312622,0.0
2024-10-10 13:00:00,524.2530828282828,806.2200774193548,690.342061652814,0.0,0.0,281.96699459107197,0.0
2024-10-10 14:00:00,524.2530828282828,767.799498301409,921.39047831224,0.0,0.0,243.54641547312622,0.0
2024-10-10 15:00:00,524.2530828282828,663.1785460404756,1053.1867449355784,0.0,0.0,138.92546321219277,0.0
2024-10-10 16:00:00,524.2530828282828,519.5191276167283,1048.1967179989995,0.0,0.0,0.0,4.73395521155453
2024-10-10 17:00:00,524.2530828282828,369.1144483726743,884.666238676333,0.0,0.0,0.0,155.1386344556085
2024-10-10 18:00:00,393.18981212121207,237.85318870142302,720.9270606608707,0.0,0.0,0.0,155.33662341978905
2024-10-10 19:00:00,393.18981212121207,139.00977496439228,452.9977762736107,0.0,0.0,0.0,254.1800371568198
2024-10-10 20:00:00,163.82908838383835,73.68348051879798,357.97596230230533,0.0,0.0,0.0,90.14560786504038
2024-10-10 21:00:00,163.82908838383835,35.42283802743258,222.62388999295536,0.0,0.0,0.0,128.40625035640576
2024-10-10 22:00:00,163.82908838383835,15.444896561666136,66.21321835249043,0.0,0.0,0.0,148.38419182217223
2024-10-10 23:00:00,52.42530828282828,6.107663255615305,60.0,40.423268549064375,0.0,0.0,5.8943764781486
2024-10-11 00:00:00,52.42530828282828,0.2102209053627042,60.0,52.21508737746558,0.0,0.0,0.0
2024-10-11 01:00:00,52.42530828282828,0.7125585136024385,60.0,51.712749769225844,0.0,0.0,0.0
2024-10-11 02:00:00,52.42530828282828,2.190552136428658,60.0,50.234756146399626,0.0,0.0,0.0
2024-10-11 03:00:00,52.42530828282828,6.107663255615305,60.0,46.317645027212976,0.0,0.0,0.0
2024-10-11 04:00:00,52.42530828282828,15.444896561666136,60.0,36.98041172116215,0.0,0.0,0.0
2024-10-11 05:00:00,52.42530828282828,35.42283802743258,60.0,17.0024702553957,0.0,0.0,0.0
2024-10-11 06:00:00,196.59490606060604,73.68348051879798,60.0,122.91142554180806,0.0,0.0,0.0
2024-10-11 07:00:00,655.3163535353534,139.00977496439228,60.0,516.3065785709612,0.0,0.0,0.0
2024-10-11 08:00:00,655.3163535353534,237.85318870142302,60.0,417.46316483393036,0.0,0.0,0.0
2024-10-11 09:00:00,655.3163535353534,369.1144483726743,60.0,286.2019051626791,0.0,0.0,0.0
2024-10-11 10:00:00,524.2530828282828,519.5191276167283,60.0,4.73395521155453,0.0,0.0,0.0
2024-10-11 11:00:00,524.2530828282828,663.1785460404756,191.79626662333837,0.0,0.0,138.92546321219277,0.0
2024-10-11 12:00:00,524.2530828282828,767.799498301409,422.84468328276444,0.0,0.0,243.54641547312622,0.0
2024-10-11 13:00:00,524.2530828282828,806.2200774193548,690.342061652814,0.0,0.0,281.96699459107197,0.0
2024-10-11 14:00:00,524.2530828282828,767.799498301409,921.39047831224,0.0,0.0,243.54641547312622,0.0
2024-10-11 15:00:00,524.2530828282828,663.1785460404756,1053.1867449355784,0.0,0.0,138.92546321219277,0.0
2024-10-11 16:00:00,524.2530828282828,519.5191276167283,1048.1967179989995,0.0,0.0,0.0,4.73395521155453
2024-10-11 17:00:00,524.2530828282828,369.1144483726743,884.666238676333,0.0,0.0,0.0,155.1386344556085
2024-10-11 18:00:00,393.18981212121207,237.85318870142302,720.9270606608707,0.0,0.0,0.0,155.33662341978905
2024-10-11 19:00:00,393.18981212121207,139.00977496439228,452.9977762736107,0.0,0.0,0.0,254.1800371568198
2024-10-11 20:00:00,163.82908838383835,73.68348051879798,357.97596230230533,0.0,0.0,0.0,90.14560786504038
2024-10-11 21:00:00,163.82908838383835,35.42283802743258,222.62388999295536,0.0,0.0,0.0,128.40625035640576
2024-10-11 22:00:00,163.82908838383835,15.444896561666136,66.21321835249043,0.0,0.0,0.0,148.38419182217223
2024-10-11 23:00:00,52.42530828282828,6.107663255615305,60.0,40.423268549064375,0.0,0.0,5.8943764781486
2024-10-12 00:00:00,52.425308282828276,0.2102209053627042,60.0,52.21508737746557,0.0,0.0,0.0
2024-10-12 01:00:00,52.425308282828276,0.7125585136024385,60.0,51.71274976922584,0.0,0.0,0.0
2024-10-12 02:00:00,52.425308282828276,2.190552136428658,60.0,50.23475614639962,0.0,0.0,0.0
2024-10-12 03:00:00,52.425308282828276,6.107663255615305,60.0,46.31764502721297,0.0,0.0,0.0
2024-10-12 04:00:00,52.425308282828276,15.444896561666136,60.0,36.98041172116214,0.0,0.0,0.0
2024-10-12 05:00:00,52.425308282828276,35.42283802743258,60.0,17.002470255395693,0.0,0.0,0.0
2024-10-12 06:00:00,196.59490606060604,73.68348051879798,60.0,122.91142554180806,0.0,0.0,0.0
2024-10-12 07:00:00,655.3163535353534,139.00977496439228,60.0,516.3065785709612,0.0,0.0,0.0
2024-10-12 08:00:00,655.3163535353534,237.85318870142302,60.0,417.46316483393036,0.0,0.0,0.0
2024-10-12 09:00:00,655.3163535353534,369.1144483726743,60.0,286.2019051626791,0.0,0.0,0.0
2024-10-12 10:00:00,524.2530828282828,519.5191276167283,60.0,4.73395521155453,0.0,0.0,0.0
2024-10-12 11:00:00,524.2530828282828,663.1785460404756,191.79626662333837,0.0,0.0,138.92546321219277,0.0
2024-10-12 12:00:00,524.2530828282828,767.799498301409,422.84468328276444,0.0,0.0,243.54641547312622,0.0
2024-10-12 13:00:00,524.2530828282828,806.2200774193548,690.342061652814,0.0,0.0,281.96699459107197,0.0
2024-10-12 14:00:00,524.2530828282828,767.799498301409,921.39047831224,0.0,0.0,243.54641547312622,0.0
2024-10-12 15:00:00,524.2530828282828,663.1785460404756,1053.1867449355784,0.0,0.0,138.92546321219277,0.0
2024-10-12 16:00:00,524.2530828282828,519.5191276167283,1048.1967179989995,0.0,0.0,0.0,4.73395521155453
2024-10-12 17:00:00,524.2530828282828,369.1144483726743,884.666238676333,0.0,0.0,0.0,155.1386344556085
2024-10-12 18:00:00,393.18981212121207,237.85318870142302,720.9270606608707,0.0,0.0,0.0,155.33662341978905
2024-10-12 19:00:00,393.18981212121207,139.00977496439228,452.9977762736107,0.0,0.0,0.0,254.1800371568198
2024-10-12 20:00:00,163.82908838383835,73.68348051879798,357.97596230230533,0.0,0.0,0.0,90.14560786504038
2024-10-12 21:00:00,163.82908838383835,35.42283802743258,222.62388999295536,0.0,0.0,0.0,128.40625035640576
2024-10-12 22:00:00,163.82908838383835,15.444896561666136,66.21321835249043,0.0,0.0,0.0,148.38419182217223
2024-10-12 23:00:00,52.425308282828276,6.107663255615305,60.0,40.42326854906437,0.0,0.0,5.8943764781486
2024-10-13 00:00:00,52.425308282828276,0.2102209053627042,60.0,52.21508737746557,0.0,0.0,0.0
2024-10-13 01:00:00,52.425308282828276,0.7125585136024385,60.0,51.71274976922584,0.0,0.0,0.0
2024-10-13 02:00:00,52.425308282828276,2.190552136428658,60.0,50.23475614639962,0.0,0.0,0.0
2024-10-13 03:00:00,52.425308282828276,6.107663255615305,60.0,46.31764502721297,0.0,0.0,0.0
2024-10-13 04:00:00,52.425308282828276,15.444896561666136,60.0,36.98041172116214,0.0,0.0,0.0
2024-10-13 05:00:00,52.425308282828276,35.42283802743258,60.0,17.002470255395693,0.0,0.0,0.0
2024-10-13 06:00:00,196.59490606060604,73.68348051879798,60.0,122.91142554180806,0.0,0.0,0.0
2024-10-13 07:00:00,655.3163535353534,139.00977496439228,60.0,516.3065785709612,0.0,0.0,0.0
2024-10-13 08:00:00,655.3163535353534,237.85318870142302,60.0,417.46316483393036,0.0,0.0,0.0
2024-10-13 09:00:00,655.3163535353534,369.1144483726743,60.0,286.2019051626791,0.0,0.0,0.0
2024-10-13 10:00:00,524.2530828282828,519.5191276167283,60.0,4.73395521155453,0.0,0.0,0.0
2024-10-13 11:00:00,524.2530828282828,663.1785460404756,191.79626662333837,0.0,0.0,138.92546321219277,0.0
2024-10-13 12:00:00,524.2530828282828,767.799498301409,422.84468328276444,0.0,0.0,243.54641547312622,0.0
2024-10-13 13:00:00,524.2530828282828,806.2200774193548,690.342061652814,0.0,0.0,281.96699459107197,0.0
2024-10-13 14:00:00,524.2530828282828,767.799498301409,921.39047831224,0.0,0.0,243.54641547312622,0.0
2024-10-13 15:00:00,524.2530828282828,663.1785460404756,1053.1867449355784,0.0,0.0,138.92546321219277,0.0
2024-10-13 16:00:00,524.2530828282828,519.5191276167283,1048.1967179989995,0.0,0.0,0.0,4.73395521155453
2024-10-13 17:00:00,524.2530828282828,369.1144483726743,884.666238676333,0.0,0.0,0.0,155.1386344556085
2024-10-13 18:00:00,393.18981212121207,237.85318870142302,720.9270606608707,0.0,0.0,0.0,155.33662341978905
2024-10-13 19:00:00,393.18981212121207,139.00977496439228,452.9977762736107,0.0,0.0,0.0,254.1800371568198
2024-10-13 20:00:00,163.82908838383835,73.68348051879798,357.97596230230533,0.0,0.0,0.0,90.14560786504038
2024-10-13 21:00:00,163.82908838383835,35.42283802743258,222.62388999295536,0.0,0.0,0.0,128.40625035640576
2024-10-13 22:00:00,163.82908838383835,15.444896561666136,66.21321835249043,0.0,0.0,0.0,148.38419182217223
2024-10-13 23:00:00,52.425308282828276,6.107663255615305,60.0,40.42326854906437,0.0,0.0,5.8943764781486
2024-10-14 00:00:00,52.425308282828276,0.2102209053627042,60.0,52.21508737746557,0.0,0.0,0.0
2024-10-14 01:00:00,52.425308282828276,0.7125585136024385,60.0,51.71274976922584,0.0,0.0,0.0
2024-10-14 02:00:00,52.425308282828276,2.190552136428658,60.0,50.23475614639962,0.0,0.0,0.0
2024-10-14 03:00:00,52.425308282828276,6.107663255615305,60.0,46.31764502721297,0.0,0.0,0.0
2024-10-14 04:00:00,52.425308282828276,15.444896561666136,60.0,36.98041172116214,0.0,0.0,0.0
2024-10-14 05:00:00,52.425308282828276,35.42283802743258,60.0,17.002470255395693,0.0,0.0,0.0
2024-10-14 06:00:00,196.59490606060604,73.68348051879798,60.0,122.91142554180806,0.0,0.0,0.0
2024-10-14 07:00:00,655.3163535353534,139.00977496439228,60.0,516.3065785709612,0.0,0.0,0.0
2024-10-14 08:00:00,655.3163535353534,237.85318870142302,60.0,417.46316483393036,0.0,0.0,0.0
2024-10-14 09:00:00,655.3163535353534,369.1144483726743,60.0,286.2019051626791,0.0,0.0,0.0
2024-10-14 10:00:00,524.2530828282828,519.5191276167283,60.0,4.73395521155453,0.0,0.0,0.0
2024-10-14 11:00:00,524.2530828282828,663.1785460404756,191.79626662333837,0.0,0.0,138.92546321219277,0.0
2024-10-14 12:00:00,524.2530828282828,767.799498301409,422.84468328276444,0.0,0.0,243.54641547312622,0.0
2024-10-14 13:00:00,524.2530828282828,806.2200774193548,690.342061652814,0.0,0.0,281.96699459107197,0.0
2024-10-14 14:00:00,524.2530828282828,767.799498301409,921.39047831224,0.0,0.0,243.54641547312622,0.0
2024-10-14 15:00:00,524.2530828282828,663.1785460404756,1053.1867449355784,0.0,0.0,138.92546321219277,0.0
2024-10-14 16:00:00,524.2530828282828,519.5191276167283,1048.1967179989995,0.0,0.0,0.0,4.73395521155453
2024-10-14 17:00:00,524.2530828282828,369.1144483726743,884.666238676333,0.0,0.0,0.0,155.1386344556085
2024-10-14 18:00:00,393.18981212121207,237.85318870142302,720.9270606608707,0.0,0.0,0.0,155.33662341978905
2024-10-14 19:00:00,393.18981212121207,139.00977496439228,452.9977762736107,0.0,0.0,0.0,254.1800371568198
2024-10-14 20:00:00,163.82908838383835,73.68348051879798,357.97596230230533,0.0,0.0,0.0,90.14560786504038
2024-10-14 21:00:00,163.82908838383835,35.42283802743258,222.62388999295536,0.0,0.0,0.0,128.40625035640576
2024-10-14 22:00:00,163.82908838383835,15.444896561666136,66.21321835249043,0.0,0.0,0.0,148.38419182217223
2024-10-14 23:00:00,52.425308282828276,6.107663255615305,60.0,40.42326854906437,0.0,0.0,5.8943764781486
2024-10-15 00:00:00,52.425308282828276,0.2102209053627042,60.0,52.21508737746557,0.0,0.0,0.0
2024-10-15 01:00:00,52.425308282828276,0.7125585136024385,60.0,51.71274976922584,0.0,0.0,0.0
2024-10-15 02:00:00,52.425308282828276,2.190552136428658,60.0,50.23475614639962,0.0,0.0,0.0
2024-10-15 03:00:00,52.425308282828276,6.107663255615305,60.0,46.31764502721297,0.0,0.0,0.0
2024-10-15 04:00:00,52.425308282828276,15.444896561666136,60.0,36.98041172116214,0.0,0.0,0.0
2024-10-15 05:00:00,52.425308282828276,35.42283802743258,60.0,17.002470255395693,0.0,0.0,0.0
2024-10-15 06:00:00,196.59490606060604,73.68348051879798,60.0,122.91142554180806,0.0,0.0,0.0
2024-10-15 07:00:00,655.3163535353534,139.00977496439228,60.0,516.3065785709612,0.0,0.0,0.0
2024-10-15 08:00:00,655.3163535353534,237.85318870142302,60.0,417.46316483393036,0.0,0.0,0.0
2024-10-15 09:00:00,655.3163535353534,369.1144483726743,60.0,286.2019051626791,0.0,0.0,0.0
2024-10-15 10:00:00,524.2530828282828,519.5191276167283,60.0,4.73395521155453,0.0,0.0,0.0
2024-10-15 11:00:00,524.2530828282828,663.1785460404756,191.79626662333837,0.0,0.0,138.92546321219277,0.0
2024-10-15 12:00:00,524.2530828282828,767.799498301409,422.84468328276444,0.0,0.0,243.54641547312622,0.0
2024-10-15 13:00:00,524.2530828282828,806.2200774193548,690.342061652814,0.0,0.0,281.96699459107197,0.0
2024-10-15 14:00:00,524.2530828282828,767.799498301409,921.39047831224,0.0,0.0,243.54641547312622,0.0
2024-10-15 15:00:00,524.2530828282828,663.1785460404756,1053.1867449355784,0.0,0.0,138.92546321219277,0.0
2024-10-15 16:00:00,524.2530828282828,519.5191276167283,1048.1967179989995,0.0,0.0,0.0,4.73395521155453
2024-10-15 17:00:00,524.2530828282828,369.1144483726743,884.666238676333,0.0,0.0,0.0,155.1386344556085
2024-10-15 18:00:00,393.18981212121207,237.85318870142302,720.9270606608707,0.0,0.0,0.0,155.33662341978905
2024-10-15 19:00:00,393.18981212121207,139.00977496439228,452.9977762736107,0.0,0.0,0.0,254.1800371568198
2024-10-15 20:00:00,163.82908838383835,73.68348051879798,357.97596230230533,0.0,0.0,0.0,90.14560786504038
2024-10-15 21:00:00,163.82908838383835,35.42283802743258,222.62388999295536,0.0,0.0,0.0,128.40625035640576
2024-10-15 22:00:00,163.82908838383835,15.444896561666136,66.21321835249043,0.0,0.0,0.0,148.38419182217223
2024-10-15 23:00:00,52.425308282828276,6.107663255615305,60.0,40.42326854906437,0.0,0.0,5.8943764781486
2024-10-16 00:00:00,52.425308282828276,0.2102209053627042,60.0,52.21508737746557,0.0,0.0,0.0
2024-10-16 01:00:00,52.425308282828276,0.7125585136024385,60.0,51.71274976922584,0.0,0.0,0.0
2024-10-16 02:00:00,52.425308282828276,2.190552136428658,60.0,50.23475614639962,0.0,0.0,0.0
2024-10-16 03:00:00,52.425308282828276,6.107663255615305,60.0,46.31764502721297,0.0,0.0,0.0
2024-10-16 04:00:00,52.425308282828276,15.444896561666136,60.0,36.98041172116214,0.0,0.0,0.0
2024-10-16 05:00:00,52.425308282828276,35.42283802743258,60.0,17.002470255395693,0.0,0.0,0.0
2024-10-16 06:00:00,196.59490606060604,73.68348051879798,60.0,122.91142554180806,0.0,0.0,0.0
2024-10-16 07:00:00,655.3163535353534,139.00977496439228,60.0,516.3065785709612,0.0,0.0,0.0
2024-10-16 08:00:00,655.3163535353534,237.85318870142302,60.0,417.46316483393036,0.0,0.0,0.0
2024-10-16 09:00:00,655.3163535353534,369.1144483726743,60.0,286.2019051626791,0.0,0.0,0.0
2024-10-16 10:00:00,524.2530828282828,519.5191276167283,60.0,4.73395521155453,0.0,0.0,0.0
2024-10-16 11:00:00,524.2530828282828,663.1785460404756,191.79626662333837,0.0,0.0,138.92546321219277,0.0
2024-10-16 12:00:00,524.2530828282828,767.799498301409,422.84468328276444,0.0,0.0,243.54641547312622,0.0
2024-10-16 13:00:00,524.2530828282828,806.2200774193548,690.342061652814,0.0,0.0,281.96699459107197,0.0
2024-10-16 14:00:00,524.2530828282828,767.799498301409,921.39047831224,0.0,0.0,243.54641547312622,0.0
2024-10-16 15:00:00,524.2530828282828,663.1785460404756,1053.1867449355784,0.0,0.0,138.92546321219277,0.0
2024-10-16 16:00:00,524.2530828282828,519.5191276167283,1048.1967179989995,0.0,0.0,0.0,4.73395521155453
2024-10-16 17:00:00,524.2530828282828,369.1144483726743,884.666238676333,0.0,0.0,0.0,155.1386344556085
2024-10-16 18:00:00,393.18981212121207,237.85318870142302,720.9270606608707,0.0,0.0,0.0,155.33662341978905
2024-10-16 19:00:00,393.18981212121207,139.00977496439228,452.9977762736107,0.0,0.0,0.0,254.1800371568198
2024-10-16 20:00:00,163.82908838383835,73.68348051879798,357.97596230230533,0.0,0.0,0.0,90.14560786504038
2024-10-16 21:00:00,163.82908838383835,35.42283802743258,222.62388999295536,0.0,0.0,0.0,128.40625035640576
2024-10-16 22:00:00,163.82908838383835,15.444896561666136,66.21321835249043,0.0,0.0,0.0,148.38419182217223
2024-10-16 23:00:00,52.425308282828276,6.107663255615305,60.0,40.42326854906437,0.0,0.0,5.8943764781486
2024-10-17 00:00:00,52.42530828282828,0.2102209053627042,60.0,52.21508737746558,0.0,0.0,0.0
2024-10-17 01:00:00,52.42530828282828,0.7125585136024385,60.0,51.712749769225844,0.0,0.0,0.0
2024-10-17 02:00:00,52.42530828282828,2.190552136428658,60.0,50.234756146399626,0.0,0.0,0.0
2024-10-17 03:00:00,52.42530828282828,6.107663255615305,60.0,46.317645027212976,0.0,0.0,0.0
2024-10-17 04:00:00,52.42530828282828,15.444896561666136,60.0,36.98041172116215,0.0,0.0,0.0
2024-10-17 05:00:00,52.42530828282828,35.42283802743258,60.0,17.0024702553957,0.0,0.0,0.0
2024-10-17 06:00:00,196.59490606060604,73.68348051879798,60.0,122.91142554180806,0.0,0.0,0.0
2024-10-17 07:00:00,655.3163535353534,139.00977496439228,60.0,516.3065785709612,0.0,0.0,0.0
2024-10-17 08:00:00,655.3163535353534,237.85318870142302,60.0,417.46316483393036,0.0,0.0,0.0
2024-10-17 09:00:00,655.3163535353534,369.1144483726743,60.0,286.2019051626791,0.0,0.0,0.0
2024-10-17 10:00:00,524.2530828282828,519.5191276167283,60.0,4.73395521155453,0.0,0.0,0.0
2024-10-17 11:00:00,524.2530828282828,663.1785460404756,191.79626662333837,0.0,0.0,138.92546321219277,0.0
2024-10-17 12:00:00,524.2530828282828,767.799498301409,422.84468328276444,0.0,0.0,243.54641547312622,0.0
2024-10-17 13:00:00,524.2530828282828,806.2200774193548,690.342061652814,0.0,0.0,281.96699459107197,0.0
2024-10-17 14:00:00,524.2530828282828,767.799498301409,921.39047831224,0.0,0.0,243.54641547312622,0.0
2024-10-17 15:00:00,524.2530828282828,663.1785460404756,1053.1867449355784,0.0,0.0,138.92546321219277,0.0
2024-10-17 16:00:00,524.2530828282828,519.5191276167283,1048.1967179989995,0.0,0.0,0.0,4.73395521155453
2024-10-17 17:00:00,524.2530828282828,369.1144483726743,884.666238676333,0.0,0.0,0.0,155.1386344556085
2024-10-17 18:00:00,393.18981212121207,237.85318870142302,720.9270606608707,0.0,0.0,0.0,155.33662341978905
2024-10-17 19:00:00,393.18981212121207,139.00977496439228,452.9977762736107,0.0,0.0,0.0,254.1800371568198
2024-10-17 20:00:00,163.82908838383835,73.68348051879798,357.97596230230533,0.0,0.0,0.0,90.14560786504038
2024-10-17 21:00:00,163.82908838383835,35.42283802743258,222.62388999295536,0.0,0.0,0.0,128.40625035640576
2024-10-17 22:00:00,163.82908838383835,15.444896561666136,66.21321835249043,0.0,0.0,0.0,148.38419182217223
2024-10-17 23:00:00,52.42530828282828,6.107663255615305,60.0,40.423268549064375,0.0,0.0,5.8943764781486
2024-10-18 00:00:00,52.42530828282828,0.2102209053627042,60.0,52.21508737746558,0.0,0.0,0.0
2024-10-18 01:00:00,52.42530828282828,0.7125585136024385,60.0,51.712749769225844,0.0,0.0,0.0
2024-10-18 02:00:00,52.42530828282828,2.190552136428658,60.0,50.234756146399626,0.0,0.0,0.0
2024-10-18 03:00:00,52.42530828282828,6.107663255615305,60.0,46.317645027212976,0.0,0.0,0.0
2024-10-18 04:00:00,52.42530828282828,15.444896561666136,60.0,36.98041172116215,0.0,0.0,0.0
2024-10-18 05:00:00,52.42530828282828,35.42283802743258,60.0,17.0024702553957,0.0,0.0,0.0
2024-10-18 06:00:00,196.59490606060604,73.68348051879798,60.0,122.91142554180806,0.0,0.0,0.0
2024-10-18 07:00:00,655.3163535353534,139.00977496439228,60.0,516.3065785709612,0.0,0.0,0.0
2024-10-18 08:00:00,655.3163535353534,237.85318870142302,60.0,417.46316483393036,0.0,0.0,0.0
2024-10-18 09:00:00,655.3163535353534,369.1144483726743,60.0,286.2019051626791,0.0,0.0,0.0
2024-10-18 10:00:00,524.2530828282828,519.5191276167283,60.0,4.73395521155453,0.0,0.0,0.0
2024-10-18 11:00:00,524.2530828282828,663.1785460404756,191.79626662333837,0.0,0.0,138.92546321219277,0.0
2024-10-18 12:00:00,524.2530828282828,767.799498301409,422.84468328276444,0.0,0.0,243.54641547312622,0.0
2024-10-18 13:00:00,524.2530828282828,806.2200774193548,690.342061652814,0.0,0.0,281.96699459107197,0.0
2024-10-18 14:00:00,524.2530828282828,767.799498301409,921.39047831224,0.0,0.0,243.54641547312622,0.0
2024-10-18 15:00:00,524.2530828282828,663.1785460404756,1053.1867449355784,0.0,0.0,138.92546321219277,0.0
2024-10-18 16:00:00,524.2530828282828,519.5191276167283,1048.1967179989995,0.0,0.0,0.0,4.73395521155453
2024-10-18 17:00:00,524.2530828282828,369.1144483726743,884.666238676333,0.0,0.0,0.0,155.1386344556085
2024-10-18 18:00:00,393.18981212121207,237.85318870142302,720.9270606608707,0.0,0.0,0.0,155.33662341978905
2024-10-18 19:00:00,393.18981212121207,139.00977496439228,452.9977762736107,0.0,0.0,0.0,254.1800371568198
2024-10-18 20:00:00,163.82908838383835,73.68348051879798,357.97596230230533,0.0,0.0,0.0,90.14560786504038
2024-10-18 21:00:00,163.82908838383835,35.42283802743258,222.62388999295536,0.0,0.0,0.0,128.40625035640576
2024-10-18 22:00:00,163.82908838383835,15.444896561666136,66.21321835249043,0.0,0.0,0.0,148.38419182217223
2024-10-18 23:00:00,52.42530828282828,6.107663255615305,60.0,40.423268549064375,0.0,0.0,5.8943764781486
2024-10-19 00:00:00,52.425308282828276,0.2102209053627042,60.0,52.21508737746557,0.0,0.0,0.0
2024-10-19 01:00:00,52.425308282828276,0.7125585136024385,60.0,51.71274976922584,0.0,0.0,0.0
2024-10-19 02:00:00,52.425308282828276,2.190552136428658,60.0,50.23475614639962,0.0,0.0,0.0
2024-10-19 03:00:00,52.425308282828276,6.107663255615305,60.0,46.31764502721297,0.0,0.0,0.0
2024-10-19 04:00:00,52.425308282828276,15.444896561666136,60.0,36.98041172116214,0.0,0.0,0.0
2024-10-19 05:00:00,52.425308282828276,35.42283802743258,60.0,17.002470255395693,0.0,0.0,0.0
2024-10-19 06:00:00,196.59490606060604,73.68348051879798,60.0,122.91142554180806,0.0,0.0,0.0
2024-10-19 07:00:00,655.3163535353534,139.00977496439228,60.0,516.3065785709612,0.0,0.0,0.0
2024-10-19 08:00:00,655.3163535353534,237.85318870142302,60.0,417.46316483393036,0.0,0.0,0.0
2024-10-19 09:00:00,655.3163535353534,369.1144483726743,60.0,286.2019051626791,0.0,0.0,0.0
2024-10-19 10:00:00,524.2530828282828,519.5191276167283,60.0,4.73395521155453,0.0,0.0,0.0
2024-10-19 11:00:00,524.2530828282828,663.1785460404756,191.79626662333837,0.0,0.0,138.92546321219277,0.0
2024-10-19 12:00:00,524.2530828282828,767.799498301409,422.84468328276444,0.0,0.0,243.54641547312622,0.0
2024-10-19 13:00:00,524.2530828282828,806.2200774193548,690.342061652814,0.0,0.0,281.96699459107197,0.0
2024-10-19 14:00:00,524.2530828282828,767.799498301409,921.39047831224,0.0,0.0,243.54641547312622,0.0
2024-10-19 15:00:00,524.2530828282828,663.1785460404756,1053.1867449355784,0.0,0.0,138.92546321219277,0.0
2024-10-19 16:00:00,524.2530828282828,519.5191276167283,1048.1967179989995,0.0,0.0,0.0,4.73395521155453
2024-10-19 17:00:00,524.2530828282828,369.1144483726743,884.666238676333,0.0,0.0,0.0,155.1386344556085
2024-10-19 18:00:00,393.18981212121207,237.85318870142302,720.9270606608707,0.0,0.0,0.0,155.33662341978905
2024-10-19 19:00:00,393.18981212121207,139.00977496439228,452.9977762736107,0.0,0.0,0.0,254.1800371568198
2024-10-19 20:00:00,163.82908838383835,73.68348051879798,357.97596230230533,0.0,0.0,0.0,90.14560786504038
2024-10-19 21:00:00,163.82908838383835,35.42283802743258,222.62388999295536,0.0,0.0,0.0,128.40625035640576
2024-10-19 22:00:00,163.82908838383835,15.444896561666136,66.21321835249043,0.0,0.0,0.0,148.38419182217223
2024-10-19 23:00:00,52.425308282828276,6.107663255615305,60.0,40.42326854906437,0.0,0.0,5.8943764781486
2024-10-20 00:00:00,52.425308282828276,0.2102209053627042,60.0,52.21508737746557,0.0,0.0,0.0
2024-10-20 01:00:00,52.425308282828276,0.7125585136024385,60.0,51.71274976922584,0.0,0.0,0.0
2024-10-20 02:00:00,52.425308282828276,2.190552136428658,60.0,50.23475614639962,0.0,0.0,0.0
2024-10-20 03:00:00,52.425308282828276,6.107663255615305,60.0,46.31764502721297,0.0,0.0,0.0
2024-10-20 04:00:00,52.425308282828276,15.444896561666136,60.0,36.98041172116214,0.0,0.0,0.0
2024-10-20 05:00:00,52.425308282828276,35.42283802743258,60.0,17.002470255395693,0.0,0.0,0.0
2024-10-20 06:00:00,196.59490606060604,73.68348051879798,60.0,122.91142554180806,0.0,0.0,0.0
2024-10-20 07:00:00,655.3163535353534,139.00977496439228,60.0,516.3065785709612,0.0,0.0,0.0
2024-10-20 08:00:00,655.3163535353534,237.85318870142302,60.0,417.46316483393036,0.0,0.0,0.0
2024-10-20 09:00:00,655.3163535353534,369.1144483726743,60.0,286.2019051626791,0.0,0.0,0.0
2024-10-20 10:00:00,524.2530828282828,519.5191276167283,60.0,4.73395521155453,0.0,0.0,0.0
2024-10-20 11:00:00,524.2530828282828,663.1785460404756,191.79626662333837,0.0,0.0,138.92546321219277,0.0
2024-10-20 12:00:00,524.2530828282828,767.799498301409,422.84468328276444,0.0,0.0,243.54641547312622,0.0
2024-10-20 13:00:00,524.2530828282828,806.2200774193548,690.342061652814,0.0,0.0,281.96699459107197,0.0
2024-10-20 14:00:00,524.2530828282828,767.799498301409,921.39047831224,0.0,0.0,243.54641547312622,0.0
2024-10-20 15:00:00,524.2530828282828,663.1785460404756,1053.1867449355784,0.0,0.0,138.92546321219277,0.0
2024-10-20 16:00:00,524.2530828282828,519.5191276167283,1048.1967179989995,0.0,0.0,0.0,4.73395521155453
2024-10-20 17:00:00,524.2530828282828,369.1144483726743,884.666238676333,0.0,0.0,0.0,155.1386344556085
2024-10-20 18:00:00,393.18981212121207,237.85318870142302,720.9270606608707,0.0,0.0,0.0,155.33662341978905
2024-10-20 19:00:00,393.18981212121207,139.00977496439228,452.9977762736107,0.0,0.0,0.0,254.1800371568198
2024-10-20 20:00:00,163.82908838383835,73.68348051879798,357.97596230230533,0.0,0.0,0.0,90.14560786504038
2024-10-20 21:00:00,163.82908838383835,35.42283802743258,222.62388999295536,0.0,0.0,0.0,128.40625035640576
2024-10-20 22:00:00,163.82908838383835,15.444896561666136,66.21321835249043,0.0,0.0,0.0,148.38419182217223
2024-10-20 23:00:00,52.425308282828276,6.107663255615305,60.0,40.42326854906437,0.0,0.0,5.8943764781486
2024-10-21 00:00:00,52.425308282828276,0.2102209053627042,60.0,52.21508737746557,0.0,0.0,0.0
2024-10-21 01:00:00,52.425308282828276,0.7125585136024385,60.0,51.71274976922584,0.0,0.0,0.0
2024-10-21 02:00:00,52.425308282828276,2.190552136428658,60.0,50.23475614639962,0.0,0.0,0.0
2024-10-21 03:00:00,52.425308282828276,6.107663255615305,60.0,46.31764502721297,0.0,0.0,0.0
2024-10-21 04:00:00,52.425308282828276,15.444896561666136,60.0,36.98041172116214,0.0,0.0,0.0
2024-10-21 05:00:00,52.425308282828276,35.42283802743258,60.0,17.002470255395693,0.0,0.0,0.0
2024-10-21 06:00:00,196.59490606060604,73.68348051879798,60.0,122.91142554180806,0.0,0.0,0.0
2024-10-21 07:00:00,655.3163535353534,139.00977496439228,60.0,516.3065785709612,0.0,0.0,0.0
2024-10-21 08:00:00,655.3163535353534,237.85318870142302,60.0,417.46316483393036,0.0,0.0,0.0
2024-10-21 09:00:00,655.3163535353534,369.1144483726743,60.0,286.2019051626791,0.0,0.0,0.0
2024-10-21 10:00:00,524.2530828282828,519.5191276167283,60.0,4.73395521155453,0.0,0.0,0.0
2024-10-21 11:00:00,524.2530828282828,663.1785460404756,191.79626662333837,0.0,0.0,138.92546321219277,0.0
2024-10-21 12:00:00,524.2530828282828,767.799498301409,422.84468328276444,0.0,0.0,243.54641547312622,0.0
2024-10-21 13:00:00,524.2530828282828,806.2200774193548,690.342061652814,0.0,0.0,281.96699459107197,0.0
2024-10-21 14:00:00,524.2530828282828,767.799498301409,921.39047831224,0.0,0.0,243.54641547312622,0.0
2024-10-21 15:00:00,524.2530828282828,663.1785460404756,1053.1867449355784,0.0,0.0,138.92546321219277,0.0
2024-10-21 16:00:00,524.2530828282828,519.5191276167283,1048.1967179989995,0.0,0.0,0.0,4.73395521155453
2024-10-21 17:00:00,524.2530828282828,369.1144483726743,884.666238676333,0.0,0.0,0.0,155.1386344556085
2024-10-21 18:00:00,393.18981212121207,237.85318870142302,720.9270606608707,0.0,0.0,0.0,155.33662341978905
2024-10-21 19:00:00,393.18981212121207,139.00977496439228,452.9977762736107,0.0,0.0,0.0,254.1800371568198
2024-10-21 20:00:00,163.82908838383835,73.68348051879798,357.97596230230533,0.0,0.0,0.0,90.14560786504038
2024-10-21 21:00:00,163.82908838383835,35.42283802743258,222.62388999295536,0.0,0.0,0.0,128.40625035640576
2024-10-21 22:00:00,163.82908838383835,15.444896561666136,66.21321835249043,0.0,0.0,0.0,148.38419182217223
2024-10-21 23:00:00,52.425308282828276,6.107663255615305,60.0,40.42326854906437,0.0,0.0,5.8943764781486
2024-10-22 00:00:00,52.425308282828276,0.2102209053627042,60.0,52.21508737746557,0.0,0.0,0.0
2024-10-22 01:00:00,52.425308282828276,0.7125585136024385,60.0,51.71274976922584,0.0,0.0,0.0
2024-10-22 02:00:00,52.425308282828276,2.190552136428658,60.0,50.23475614639962,0.0,0.0,0.0
2024-10-22 03:00:00,52.425308282828276,6.107663255615305,60.0,46.31764502721297,0.0,0.0,0.0
2024-10-22 04:00:00,52.425308282828276,15.444896561666136,60.0,36.98041172116214,0.0,0.0,0.0
2024-10-22 05:00:00,52.425308282828276,35.42283802743258,60.0,17.002470255395693,0.0,0.0,0.0
2024-10-22 06:00:00,196.59490606060604,73.68348051879798,60.0,122.91142554180806,0.0,0.0,0.0
2024-10-22 07:00:00,655.3163535353534,139.00977496439228,60.0,516.3065785709612,0.0,0.0,0.0
2024-10-22 08:00:00,655.3163535353534,237.85318870142302,60.0,417.46316483393036,0.0,0.0,0.0
2024-10-22 09:00:00,655.3163535353534,369.1144483726743,60.0,286.2019051626791,0.0,0.0,0.0
2024-10-22 10:00:00,524.2530828282828,519.5191276167283,60.0,4.73395521155453,0.0,0.0,0.0
2024-10-22 11:00:00,524.2530828282828,663.1785460404756,191.79626662333837,0.0,0.0,138.92546321219277,0.0
2024-10-22 12:00:00,524.2530828282828,767.799498301409,422.84468328276444,0.0,0.0,243.54641547312622,0.0
2024-10-22 13:00:00,524.2530828282828,806.2200774193548,690.342061652814,0.0,0.0,281.96699459107197,0.0
2024-10-22 14:00:00,524.2530828282828,767.799498301409,921.39047831224,0.0,0.0,243.54641547312622,0.0
2024-10-22 15:00:00,524.2530828282828,663.1785460404756,1053.1867449355784,0.0,0.0,138.92546321219277,0.0
2024-10-22 16:00:00,524.2530828282828,519.5191276167283,1048.1967179989995,0.0,0.0,0.0,4.73395521155453
2024-10-22 17:00:00,524.2530828282828,369.1144483726743,884.666238676333,0.0,0.0,0.0,155.1386344556085
2024-10-22 18:00:00,393.18981212121207,237.85318870142302,720.9270606608707,0.0,0.0,0.0,155.33662341978905
2024-10-22 19:00:00,393.18981212121207,139.00977496439228,452.9977762736107,0.0,0.0,0.0,254.1800371568198
2024-10-22 20:00:00,163.82908838383835,73.68348051879798,357.97596230230533,0.0,0.0,0.0,90.14560786504038
2024-10-22 21:00:00,163.82908838383835,35.42283802743258,222.62388999295536,0.0,0.0,0.0,128.40625035640576
2024-10-22 22:00:00,163.82908838383835,15.444896561666136,66.21321835249043,0.0,0.0,0.0,148.38419182217223
2024-10-22 23:00:00,52.425308282828276,6.107663255615305,60.0,40.42326854906437,0.0,0.0,5.8943764781486
2024-10-23 00:00:00,52.425308282828276,0.2102209053627042,60.0,52.21508737746557,0.0,0.0,0.0
2024-10-23 01:00:00,52.425308282828276,0.7125585136024385,60.0,51.71274976922584,0.0,0.0,0.0
2024-10-23 02:00:00,52.425308282828276,2.190552136428658,60.0,50.23475614639962,0.0,0.0,0.0
2024-10-23 03:00:00,52.425308282828276,6.107663255615305,60.0,46.31764502721297,0.0,0.0,0.0
2024-10-23 04:00:00,52.425308282828276,15.444896561666136,60.0,36.98041172116214,0.0,0.0,0.0
2024-10-23 05:00:00,52.425308282828276,35.42283802743258,60.0,17.002470255395693,0.0,0.0,0.0
2024-10-23 06:00:00,196.59490606060604,73.68348051879798,60.0,122.91142554180806,0.0,0.0,0.0
2024-10-23 07:00:00,655.3163535353534,139.00977496439228,60.0,516.3065785709612,0.0,0.0,0.0
2024-10-23 08:00:00,655.3163535353534,237.85318870142302,60.0,417.46316483393036,0.0,0.0,0.0
2024-10-23 09:00:00,655.3163535353534,369.1144483726743,60.0,286.2019051626791,0.0,0.0,0.0
2024-10-23 10:00:00,524.2530828282828,519.5191276167283,60.0,4.73395521155453,0.0,0.0,0.0
2024-10-23 11:00:00,524.2530828282828,663.1785460404756,191.79626662333837,0.0,0.0,138.92546321219277,0.0
2024-10-23 12:00:00,524.2530828282828,767.799498301409,422.84468328276444,0.0,0.0,243.54641547312622,0.0
2024-10-23 13:00:00,524.2530828282828,806.2200774193548,690.342061652814,0.0,0.0,281.96699459107197,0.0
2024-10-23 14:00:00,524.2530828282828,767.799498301409,921.39047831224,0.0,0.0,243.54641547312622,0.0
2024-10-23 15:00:00,524.2530828282828,663.1785460404756,1053.1867449355784,0.0,0.0,138.92546321219277,0.0
2024-10-23 16:00:00,524.2530828282828,519.5191276167283,1048.1967179989995,0.0,0.0,0.0,4.73395521155453
2024-10-23 17:00:00,524.2530828282828,369.1144483726743,884.666238676333,0.0,0.0,0.0,155.1386344556085
2024-10-23 18:00:00,393.18981212121207,237.85318870142302,720.9270606608707,0.0,0.0,0.0,155.33662341978905
2024-10-23 19:00:00,393.18981212121207,139.00977496439228,452.9977762736107,0.0,0.0,0.0,254.1800371568198
2024-10-23 20:00:00,163.82908838383835,73.68348051879798,357.97596230230533,0.0,0.0,0.0,90.14560786504038
2024-10-23 21:00:00,163.82908838383835,35.42283802743258,222.62388999295536,0.0,0.0,0.0,128.40625035640576
2024-10-23 22:00:00,163.82908838383835,15.444896561666136,66.21321835249043,0.0,0.0,0.0,148.38419182217223
2024-10-23 23:00:00,52.425308282828276,6.107663255615305,60.0,40.42326854906437,0.0,0.0,5.8943764781486
2024-10-24 00:00:00,52.42530828282828,0.2102209053627042,60.0,52.21508737746558,0.0,0.0,0.0
2024-10-24 01:00:00,52.42530828282828,0.7125585136024385,60.0,51.712749769225844,0.0,0.0,0.0
2024-10-24 02:00:00,52.42530828282828,2.190552136428658,60.0,50.234756146399626,0.0,0.0,0.0
2024-10-24 03:00:00,52.42530828282828,6.107663255615305,60.0,46.317645027212976,0.0,0.0,0.0
2024-10-24 04:00:00,52.42530828282828,15.444896561666136,60.0,36.98041172116215,0.0,0.0,0.0
2024-10-24 05:00:00,52.42530828282828,35.42283802743258,60.0,17.0024702553957,0.0,0.0,0.0
2024-10-24 06:00:00,196.59490606060604,73.68348051879798,60.0,122.91142554180806,0.0,0.0,0.0
2024-10-24 07:00:00,655.3163535353534,139.00977496439228,60.0,516.3065785709612,0.0,0.0,0.0
2024-10-24 08:00:00,655.3163535353534,237.85318870142302,60.0,417.46316483393036,0.0,0.0,0.0
2024-10-24 09:00:00,655.3163535353534,369.1144483726743,60.0,286.2019051626791,0.0,0.0,0.0
2024-10-24 10:00:00,524.2530828282828,519.5191276167283,60.0,4.73395521155453,0.0,0.0,0.0
2024-10-24 11:00:00,524.2530828282828,663.1785460404756,191.79626662333837,0.0,0.0,138.92546321219277,0.0
2024-10-24 12:00:00,524.2530828282828,767.799498301409,422.84468328276444,0.0,0.0,243.54641547312622,0.0
2024-10-24 13:00:00,524.2530828282828,806.2200774193548,690.342061652814,0.0,0.0,281.96699459107197,0.0
2024-10-24 14:00:00,524.2530828282828,767.799498301409,921.39047831224,0.0,0.0,243.54641547312622,0.0
2024-10-24 15:00:00,524.2530828282828,663.1785460404756,1053.1867449355784,0.0,0.0,138.92546321219277,0.0
2024-10-24 16:00:00,524.2530828282828,519.5191276167283,1048.1967179989995,0.0,0.0,0.0,4.73395521155453
2024-10-24 17:00:00,524.2530828282828,369.1144483726743,884.666238676333,0.0,0.0,0.0,155.1386344556085
2024-10-24 18:00:00,393.18981212121207,237.85318870142302,720.9270606608707,0.0,0.0,0.0,155.33662341978905
2024-10-24 19:00:00,393.18981212121207,139.00977496439228,452.9977762736107,0.0,0.0,0.0,254.1800371568198
2024-10-24 20:00:00,163.82908838383835,73.68348051879798,357.97596230230533,0.0,0.0,0.0,90.14560786504038
2024-10-24 21:00:00,163.82908838383835,35.42283802743258,222.62388999295536,0.0,0.0,0.0,128.40625035640576
2024-10-24 22:00:00,163.82908838383835,15.444896561666136,66.21321835249043,0.0,0.0,0.0,148.38419182217223
2024-10-24 23:00:00,52.42530828282828,6.107663255615305,60.0,40.423268549064375,0.0,0.0,5.8943764781486
2024-10-25 00:00:00,52.42530828282828,0.2102209053627042,60.0,52.21508737746558,0.0,0.0,0.0
2024-10-25 01:00:00,52.42530828282828,0.7125585136024385,60.0,51.712749769225844,0.0,0.0,0.0
2024-10-25 02:00:00,52.42530828282828,2.190552136428658,60.0,50.234756146399626,0.0,0.0,0.0
2024-10-25 03:00:00,52.42530828282828,6.107663255615305,60.0,46.317645027212976,0.0,0.0,0.0
2024-10-25 04:00:00,52.42530828282828,15.444896561666136,60.0,36.98041172116215,0.0,0.0,0.0
2024-10-25 05:00:00,52.42530828282828,35.42283802743258,60.0,17.0024702553957,0.0,0.0,0.0
2024-10-25 06:00:00,196.59490606060604,73.68348051879798,60.0,122.91142554180806,0.0,0.0,0.0
2024-10-25 07:00:00,655.3163535353534,139.00977496439228,60.0,516.3065785709612,0.0,0.0,0.0
2024-10-25 08:00:00,655.3163535353534,237.85318870142302,60.0,417.46316483393036,0.0,0.0,0.0
2024-10-25 09:00:00,655.3163535353534,369.1144483726743,60.0,286.2019051626791,0.0,0.0,0.0
2024-10-25 10:00:00,524.2530828282828,519.5191276167283,60.0,4.73395521155453,0.0,0.0,0.0
2024-10-25 11:00:00,524.2530828282828,663.1785460404756,191.79626662333837,0.0,0.0,138.92546321219277,0.0
2024-10-25 12:00:00,524.2530828282828,767.799498301409,422.84468328276444,0.0,0.0,243.54641547312622,0.0
2024-10-25 13:00:00,524.2530828282828,806.2200774193548,690.342061652814,0.0,0.0,281.96699459107197,0.0
2024-10-25 14:00:00,524.2530828282828,767.799498301409,921.39047831224,0.0,0.0,243.54641547312622,0.0
2024-10-25 15:00:00,524.2530828282828,663.1785460404756,1053.1867449355784,0.0,0.0,138.92546321219277,0.0
2024-10-25 16:00:00,524.2530828282828,519.5191276167283,1048.1967179989995,0.0,0.0,0.0,4.73395521155453
2024-10-25 17:00:00,524.2530828282828,369.1144483726743,884.666238676333,0.0,0.0,0.0,155.1386344556085
2024-10-25 18:00:00,393.18981212121207,237.85318870142302,720.9270606608707,0.0,0.0,0.0,155.33662341978905
2024-10-25 19:00:00,393.18981212121207,139.00977496439228,452.9977762736107,0.0,0.0,0.0,254.1800371568198
2024-10-25 20:00:00,163.82908838383835,73.68348051879798,357.97596230230533,0.0,0.0,0.0,90.14560786504038
2024-10-25 21:00:00,163.82908838383835,35.42283802743258,222.62388999295536,0.0,0.0,0.0,128.40625035640576
2024-10-25 22:00:00,163.82908838383835,15.444896561666136,66.21321835249043,0.0,0.0,0.0,148.38419182217223
2024-10-25 23:00:00,52.42530828282828,6.107663255615305,60.0,40.423268549064375,0.0,0.0,5.8943764781486
2024-10-26 00:00:00,52.425308282828276,0.2102209053627042,60.0,52.21508737746557,0.0,0.0,0.0
2024-10-26 01:00:00,52.425308282828276,0.7125585136024385,60.0,51.71274976922584,0.0,0.0,0.0
2024-10-26 02:00:00,52.425308282828276,2.190552136428658,60.0,50.23475614639962,0.0,0.0,0.0
2024-10-26 03:00:00,52.425308282828276,6.107663255615305,60.0,46.31764502721297,0.0,0.0,0.0
2024-10-26 04:00:00,52.425308282828276,15.444896561666136,60.0,36.98041172116214,0.0,0.0,0.0
2024-10-26 05:00:00,52.425308282828276,35.42283802743258,60.0,17.002470255395693,0.0,0.0,0.0
2024-10-26 06:00:00,196.59490606060604,73.68348051879798,60.0,122.91142554180806,0.0,0.0,0.0
2024-10-26 07:00:00,655.3163535353534,139.00977496439228,60.0,516.3065785709612,0.0,0.0,0.0
2024-10-26 08:00:00,655.3163535353534,237.85318870142302,60.0,417.46316483393036,0.0,0.0,0.0
2024-10-26 09:00:00,655.3163535353534,369.1144483726743,60.0,286.2019051626791,0.0,0.0,0.0
2024-10-26 10:00:00,524.2530828282828,519.5191276167283,60.0,4.73395521155453,0.0,0.0,0.0
2024-10-26 11:00:00,524.2530828282828,663.1785460404756,191.79626662333837,0.0,0.0,138.92546321219277,0.0
2024-10-26 12:00:00,524.2530828282828,767.799498301409,422.84468328276444,0.0,0.0,243.54641547312622,0.0
2024-10-26 13:00:00,524.2530828282828,806.2200774193548,690.342061652814,0.0,0.0,281.96699459107197,0.0
2024-10-26 14:00:00,524.2530828282828,767.799498301409,921.39047831224,0.0,0.0,243.54641547312622,0.0
2024-10-26 15:00:00,524.2530828282828,663.1785460404756,1053.1867449355784,0.0,0.0,138.92546321219277,0.0
2024-10-26 16:00:00,524.2530828282828,519.5191276167283,1048.1967179989995,0.0,0.0,0.0,4.73395521155453
2024-10-26 17:00:00,524.2530828282828,369.1144483726743,884.666238676333,0.0,0.0,0.0,155.1386344556085
2024-10-26 18:00:00,393.18981212121207,237.85318870142302,720.9270606608707,0.0,0.0,0.0,155.33662341978905
2024-10-26 19:00:00,393.18981212121207,139.00977496439228,452.9977762736107,0.0,0.0,0.0,254.1800371568198
2024-10-26 20:00:00,163.82908838383835,73.68348051879798,357.97596230230533,0.0,0.0,0.0,90.14560786504038
2024-10-26 21:00:00,163.82908838383835,35.42283802743258,222.62388999295536,0.0,0.0,0.0,128.40625035640576
2024-10-26 22:00:00,163.82908838383835,15.444896561666136,66.21321835249043,0.0,0.0,0.0,148.38419182217223
2024-10-26 23:00:00,52.425308282828276,6.107663255615305,60.0,40.42326854906437,0.0,0.0,5.8943764781486
2024-10-27 00:00:00,52.425308282828276,0.2102209053627042,60.0,52.21508737746557,0.0,0.0,0.0
2024-10-27 01:00:00,52.425308282828276,0.7125585136024385,60.0,51.71274976922584,0.0,0.0,0.0
2024-10-27 02:00:00,52.425308282828276,2.190552136428658,60.0,50.23475614639962,0.0,0.0,0.0
2024-10-27 03:00:00,52.425308282828276,6.107663255615305,60.0,46.31764502721297,0.0,0.0,0.0
2024-10-27 04:00:00,52.425308282828276,15.444896561666136,60.0,36.98041172116214,0.0,0.0,0.0
2024-10-27 05:00:00,52.425308282828276,35.42283802743258,60.0,17.002470255395693,0.0,0.0,0.0
2024-10-27 06:00:00,196.59490606060604,73.68348051879798,60.0,122.91142554180806,0.0,0.0,0.0
2024-10-27 07:00:00,655.3163535353534,139.00977496439228,60.0,516.3065785709612,0.0,0.0,0.0
2024-10-27 08:00:00,655.3163535353534,237.85318870142302,60.0,417.46316483393036,0.0,0.0,0.0
2024-10-27 09:00:00,655.3163535353534,369.1144483726743,60.0,286.2019051626791,0.0,0.0,0.0
2024-10-27 10:00:00,524.2530828282828,519.5191276167283,60.0,4.73395521155453,0.0,0.0,0.0
2024-10-27 11:00:00,524.2530828282828,663.1785460404756,191.79626662333837,0.0,0.0,138.92546321219277,0.0
2024-10-27 12:00:00,524.2530828282828,767.799498301409,422.84468328276444,0.0,0.0,243.54641547312622,0.0
2024-10-27 13:00:00,524.2530828282828,806.2200774193548,690.342061652814,0.0,0.0,281.96699459107197,0.0
2024-10-27 14:00:00,524.2530828282828,767.799498301409,921.39047831224,0.0,0.0,243.54641547312622,0.0
2024-10-27 15:00:00,524.2530828282828,663.1785460404756,1053.1867449355784,0.0,0.0,138.92546321219277,0.0
2024-10-27 16:00:00,524.2530828282828,519.5191276167283,1048.1967179989995,0.0,0.0,0.0,4.73395521155453
2024-10-27 17:00:00,524.2530828282828,369.1144483726743,884.666238676333,0.0,0.0,0.0,155.1386344556085
2024-10-27 18:00:00,393.18981212121207,237.85318870142302,720.9270606608707,0.0,0.0,0.0,155.33662341978905
2024-10-27 19:00:00,393.18981212121207,139.00977496439228,452.9977762736107,0.0,0.0,0.0,254.1800371568198
2024-10-27 20:00:00,163.82908838383835,73.68348051879798,357.97596230230533,0.0,0.0,0.0,90.14560786504038
2024-10-27 21:00:00,163.82908838383835,35.42283802743258,222.62388999295536,0.0,0.0,0.0,128.40625035640576
2024-10-27 22:00:00,163.82908838383835,15.444896561666136,66.21321835249043,0.0,0.0,0.0,148.38419182217223
2024-10-27 23:00:00,52.425308282828276,6.107663255615305,60.0,40.42326854906437,0.0,0.0,5.8943764781486
2024-10-28 00:00:00,52.425308282828276,0.2102209053627042,60.0,52.21508737746557,0.0,0.0,0.0
2024-10-28 01:00:00,52.425308282828276,0.7125585136024385,60.0,51.71274976922584,0.0,0.0,0.0
2024-10-28 02:00:00,52.425308282828276,2.190552136428658,60.0,50.23475614639962,0.0,0.0,0.0
2024-10-28 03:00:00,52.425308282828276,6.107663255615305,60.0,46.31764502721297,0.0,0.0,0.0
2024-10-28 04:00:00,52.425308282828276,15.444896561666136,60.0,36.98041172116214,0.0,0.0,0.0
2024-10-28 05:00:00,52.425308282828276,35.42283802743258,60.0,17.002470255395693,0.0,0.0,0.0
2024-10-28 06:00:00,196.59490606060604,73.68348051879798,60.0,122.91142554180806,0.0,0.0,0.0
2024-10-28 07:00:00,655.3163535353534,139.00977496439228,60.0,516.3065785709612,0.0,0.0,0.0
2024-10-28 08:00:00,655.3163535353534,237.85318870142302,60.0,417.46316483393036,0.0,0.0,0.0
2024-10-28 09:00:00,655.3163535353534,369.1144483726743,60.0,286.2019051626791,0.0,0.0,0.0
2024-10-28 10:00:00,524.2530828282828,519.5191276167283,60.0,4.73395521155453,0.0,0.0,0.0
2024-10-28 11:00:00,524.2530828282828,663.1785460404756,191.79626662333837,0.0,0.0,138.92546321219277,0.0
2024-10-28 12:00:00,524.2530828282828,767.799498301409,422.84468328276444,0.0,0.0,243.54641547312622,0.0
2024-10-28 13:00:00,524.2530828282828,806.2200774193548,690.342061652814,0.0,0.0,281.96699459107197,0.0
2024-10-28 14:00:00,524.2530828282828,767.799498301409,921.39047831224,0.0,0.0,243.54641547312622,0.0
2024-10-28 15:00:00,524.2530828282828,663.1785460404756,1053.1867449355784,0.0,0.0,138.92546321219277,0.0
2024-10-28 16:00:00,524.2530828282828,519.5191276167283,1048.1967179989995,0.0,0.0,0.0,4.73395521155453
2024-10-28 17:00:00,524.2530828282828,369.1144483726743,884.666238676333,0.0,0.0,0.0,155.1386344556085
2024-10-28 18:00:00,393.18981212121207,237.85318870142302,720.9270606608707,0.0,0.0,0.0,155.33662341978905
2024-10-28 19:00:00,393.18981212121207,139.00977496439228,452.9977762736107,0.0,0.0,0.0,254.1800371568198
2024-10-28 20:00:00,163.82908838383835,73.68348051879798,357.97596230230533,0.0,0.0,0.0,90.14560786504038
2024-10-28 21:00:00,163.82908838383835,35.42283802743258,222.62388999295536,0.0,0.0,0.0,128.40625035640576
2024-10-28 22:00:00,163.82908838383835,15.444896561666136,66.21321835249043,0.0,0.0,0.0,148.38419182217223
2024-10-28 23:00:00,52.425308282828276,6.107663255615305,60.0,40.42326854906437,0.0,0.0,5.8943764781486
2024-10-29 00:00:00,52.425308282828276,0.2102209053627042,60.0,52.21508737746557,0.0,0.0,0.0
2024-10-29 01:00:00,52.425308282828276,0.7125585136024385,60.0,51.71274976922584,0.0,0.0,0.0
2024-10-29 02:00:00,52.425308282828276,2.190552136428658,60.0,50.23475614639962,0.0,0.0,0.0
2024-10-29 03:00:00,52.425308282828276,6.107663255615305,60.0,46.31764502721297,0.0,0.0,0.0
2024-10-29 04:00:00,52.425308282828276,15.444896561666136,60.0,36.98041172116214,0.0,0.0,0.0
2024-10-29 05:00:00,52.425308282828276,35.42283802743258,60.0,17.002470255395693,0.0,0.0,0.0
2024-10-29 06:00:00,196.59490606060604,73.68348051879798,60.0,122.91142554180806,0.0,0.0,0.0
2024-10-29 07:00:00,655.3163535353534,139.00977496439228,60.0,516.3065785709612,0.0,0.0,0.0
2024-10-29 08:00:00,655.3163535353534,237.85318870142302,60.0,417.46316483393036,0.0,0.0,0.0
2024-10-29 09:00:00,655.3163535353534,369.1144483726743,60.0,286.2019051626791,0.0,0.0,0.0
2024-10-29 10:00:00,524.2530828282828,519.5191276167283,60.0,4.73395521155453,0.0,0.0,0.0
2024-10-29 11:00:00,524.2530828282828,663.1785460404756,191.79626662333837,0.0,0.0,138.92546321219277,0.0
2024-10-29 12:00:00,524.2530828282828,767.799498301409,422.84468328276444,0.0,0.0,243.54641547312622,0.0
2024-10-29 13:00:00,524.2530828282828,806.2200774193548,690.342061652814,0.0,0.0,281.96699459107197,0.0
2024-10-29 14:00:00,524.2530828282828,767.799498301409,921.39047831224,0.0,0.0,243.54641547312622,0.0
2024-10-29 15:00:00,524.2530828282828,663.1785460404756,1053.1867449355784,0.0,0.0,138.92546321219277,0.0
2024-10-29 16:00:00,524.2530828282828,519.5191276167283,1048.1967179989995,0.0,0.0,0.0,4.73395521155453
2024-10-29 17:00:00,524.2530828282828,369.1144483726743,884.666238676333,0.0,0.0,0.0,155.1386344556085
2024-10-29 18:00:00,393.18981212121207,237.85318870142302,720.9270606608707,0.0,0.0,0.0,155.33662341978905
2024-10-29 19:00:00,393.18981212121207,139.00977496439228,452.9977762736107,0.0,0.0,0.0,254.1800371568198
2024-10-29 20:00:00,163.82908838383835,73.68348051879798,357.97596230230533,0.0,0.0,0.0,90.14560786504038
2024-10-29 21:00:00,163.82908838383835,35.42283802743258,222.62388999295536,0.0,0.0,0.0,128.40625035640576
2024-10-29 22:00:00,163.82908838383835,15.444896561666136,66.21321835249043,0.0,0.0,0.0,148.38419182217223
2024-10-29 23:00:00,52.425308282828276,6.107663255615305,60.0,40.42326854906437,0.0,0.0,5.8943764781486
2024-10-30 00:00:00,52.425308282828276,0.2102209053627042,60.0,52.21508737746557,0.0,0.0,0.0
2024-10-30 01:00:00,52.425308282828276,0.7125585136024385,60.0,51.71274976922584,0.0,0.0,0.0
2024-10-30 02:00:00,52.425308282828276,2.190552136428658,60.0,50.23475614639962,0.0,0.0,0.0
2024-10-30 03:00:00,52.425308282828276,6.107663255615305,60.0,46.31764502721297,0.0,0.0,0.0
2024-10-30 04:00:00,52.425308282828276,15.444896561666136,60.0,36.98041172116214,0.0,0.0,0.0
2024-10-30 05:00:00,52.425308282828276,35.42283802743258,60.0,17.002470255395693,0.0,0.0,0.0
2024-10-30 06:00:00,196.59490606060604,73.68348051879798,60.0,122.91142554180806,0.0,0.0,0.0
2024-10-30 07:00:00,655.3163535353534,139.00977496439228,60.0,516.3065785709612,0.0,0.0,0.0
2024-10-30 08:00:00,655.3163535353534,237.85318870142302,60.0,417.46316483393036,0.0,0.0,0.0
2024-10-30 09:00:00,655.3163535353534,369.1144483726743,60.0,286.2019051626791,0.0,0.0,0.0
2024-10-30 10:00:00,524.2530828282828,519.5191276167283,60.0,4.73395521155453,0.0,0.0,0.0
2024-10-30 11:00:00,524.2530828282828,663.1785460404756,191.79626662333837,0.0,0.0,138.92546321219277,0.0
2024-10-30 12:00:00,524.2530828282828,767.799498301409,422.84468328276444,0.0,0.0,243.54641547312622,0.0
2024-10-30 13:00:00,524.2530828282828,806.2200774193548,690.342061652814,0.0,0.0,281.96699459107197,0.0
2024-10-30 14:00:00,524.2530828282828,767.799498301409,921.39047831224,0.0,0.0,243.54641547312622,0.0
2024-10-30 15:00:00,524.2530828282828,663.1785460404756,1053.1867449355784,0.0,0.0,138.92546321219277,0.0
2024-10-30 16:00:00,524.2530828282828,519.5191276167283,1048.1967179989995,0.0,0.0,0.0,4.73395521155453
2024-10-30 17:00:00,524.2530828282828,369.1144483726743,884.666238676333,0.0,0.0,0.0,155.1386344556085
2024-10-30 18:00:00,393.18981212121207,237.85318870142302,720.9270606608707,0.0,0.0,0.0,155.33662341978905
2024-10-30 19:00:00,393.18981212121207,139.00977496439228,452.9977762736107,0.0,0.0,0.0,254.1800371568198
2024-10-30 20:00:00,163.82908838383835,73.68348051879798,357.97596230230533,0.0,0.0,0.0,90.14560786504038
2024-10-30 21:00:00,163.82908838383835,35.42283802743258,222.62388999295536,0.0,0.0,0.0,128.40625035640576
2024-10-30 22:00:00,163.82908838383835,15.444896561666136,66.21321835249043,0.0,0.0,0.0,148.38419182217223
2024-10-30 23:00:00,52.425308282828276,6.107663255615305,60.0,40.42326854906437,0.0,0.0,5.8943764781486
2024-10-31 00:00:00,52.42530828282828,0.2102209053627042,60.0,52.21508737746558,0.0,0.0,0.0
2024-10-31 01:00:00,52.42530828282828,0.7125585136024385,60.0,51.712749769225844,0.0,0.0,0.0
2024-10-31 02:00:00,52.42530828282828,2.190552136428658,60.0,50.234756146399626,0.0,0.0,0.0
2024-10-31 03:00:00,52.42530828282828,6.107663255615305,60.0,46.317645027212976,0.0,0.0,0.0
2024-10-31 04:00:00,52.42530828282828,15.444896561666136,60.0,36.98041172116215,0.0,0.0,0.0
2024-10-31 05:00:00,52.42530828282828,35.42283802743258,60.0,17.0024702553957,0.0,0.0,0.0
2024-10-31 06:00:00,196.59490606060604,73.68348051879798,60.0,122.91142554180806,0.0,0.0,0.0
2024-10-31 07:00:00,655.3163535353534,139.00977496439228,60.0,516.3065785709612,0.0,0.0,0.0
2024-10-31 08:00:00,655.3163535353534,237.85318870142302,60.0,417.46316483393036,0.0,0.0,0.0
2024-10-31 09:00:00,655.3163535353534,369.1144483726743,60.0,286.2019051626791,0.0,0.0,0.0
2024-10-31 10:00:00,524.2530828282828,519.5191276167283,60.0,4.73395521155453,0.0,0.0,0.0
2024-10-31 11:00:00,524.2530828282828,663.1785460404756,191.79626662333837,0.0,0.0,138.92546321219277,0.0
2024-10-31 12:00:00,524.2530828282828,767.799498301409,422.84468328276444,0.0,0.0,243.54641547312622,0.0
2024-10-31 13:00:00,524.2530828282828,806.2200774193548,690.342061652814,0.0,0.0,281.96699459107197,0.0
2024-10-31 14:00:00,524.2530828282828,767.799498301409,921.39047831224,0.0,0.0,243.54641547312622,0.0
2024-10-31 15:00:00,524.2530828282828,663.1785460404756,1053.1867449355784,0.0,0.0,138.92546321219277,0.0
2024-10-31 16:00:00,524.2530828282828,519.5191276167283,1048.1967179989995,0.0,0.0,0.0,4.73395521155453
2024-10-31 17:00:00,524.2530828282828,369.1144483726743,884.666238676333,0.0,0.0,0.0,155.1386344556085
2024-10-31 18:00:00,393.18981212121207,237.85318870142302,720.9270606608707,0.0,0.0,0.0,155.33662341978905
2024-10-31 19:00:00,393.18981212121207,139.00977496439228,452.9977762736107,0.0,0.0,0.0,254.1800371568198
2024-10-31 20:00:00,163.82908838383835,73.68348051879798,357.97596230230533,0.0,0.0,0.0,90.14560786504038
2024-10-31 21:00:00,163.82908838383835,35.42283802743258,222.62388999295536,0.0,0.0,0.0,128.40625035640576
2024-10-31 22:00:00,163.82908838383835,15.444896561666136,66.21321835249043,0.0,0.0,0.0,148.38419182217223
2024-10-31 23:00:00,52.42530828282828,6.107663255615305,60.0,40.423268549064375,0.0,0.0,5.8943764781486
2024-11-01 00:00:00,46.89736465615175,0.14322743002733695,60.0,46.75413722612441,0.0,0.0,0.0
2024-11-01 01:00:00,46.89736465615175,0.485479426850013,60.0,46.41188522930174,0.0,0.0,0.0
2024-11-01 02:00:00,46.89736465615175,1.4924640929513933,60.0,45.40490056320036,0.0,0.0,0.0
2024-11-01 03:00:00,46.89736465615175,4.161265075254384,60.0,42.73609958089737,0.0,0.0,0.0
2024-11-01 04:00:00,46.89736465615175,10.522896558497807,60.0,36.374468097653946,0.0,0.0,0.0
2024-11-01 05:00:00,46.89736465615175,24.134241293415606,60.0,22.763123362736145,0.0,0.0,0.0
2024-11-01 06:00:00,175.86511746056905,50.20193178203819,60.0,125.66318567853087,0.0,0.0,0.0
2024-11-01 07:00:00,586.2170582018969,94.70995656914639,60.0,491.5071016327505,0.0,0.0,0.0
2024-11-01 08:00:00,586.2170582018969,162.05382087349702,60.0,424.1632373283999,0.0,0.0,0.0
2024-11-01 09:00:00,586.2170582018969,251.48456922094297,60.0,334.7324889809539,0.0,0.0,0.0
2024-11-01 10:00:00,468.9736465615175,353.958086947661,60.0,115.01555961385651,0.0,0.0,0.0
2024-11-01 11:00:00,468.9736465615175,451.83593246713724,60.0,17.13771409438027,0.0,0.0,0.0
2024-11-01 12:00:00,468.9736465615175,523.1161416998611,111.36408085252775,0.0,0.0,54.142495138343634,0.0
2024-11-01 13:00:00,468.9736465615175,549.2928,187.56152023317264,0.0,0.0,80.31915343848254,0.0
2024-11-01 14:00:00,468.9736465615175,523.1161416998611,238.9256010857004,0.0,0.0,54.142495138343634,0.0
2024-11-01 15:00:00,468.9736465615175,451.83593246713724,220.8608642766966,0.0,0.0,0.0,17.13771409438027
2024-11-01 16:00:00,468.9736465615175,353.958086947661,99.62381936380895,0.0,0.0,0.0,115.01555961385651
2024-11-01 17:00:00,468.9736465615175,251.48456922094297,60.0,179.89862170515846,0.0,0.0,37.590455635416085
2024-11-01 18:00:00,351.7302349211381,162.05382087349702,60.0,189.6764140476411,0.0,0.0,0.0
2024-11-01 19:00:00,351.7302349211381,94.70995656914639,60.0,257.0202783519917,0.0,0.0,0.0
2024-11-01 20:00:00,146.55426455047422,50.20193178203819,60.0,96.35233276843603,0.0,0.0,0.0
2024-11-01 21:00:00,146.55426455047422,24.134241293415606,60.0,122.4200232570586,0.0,0.0,0.0
2024-11-01 22:00:00,146.55426455047422,10.522896558497807,60.0,136.0313679919764,0.0,0.0,0.0
2024-11-01 23:00:00,46.89736465615175,4.161265075254384,60.0,42.73609958089737,0.0,0.0,0.0
2024-11-02 00:00:00,46.89736465615175,0.14322743002733695,60.0,46.75413722612441,0.0,0.0,0.0
2024-11-02 01:00:00,46.89736465615175,0.485479426850013,60.0,46.41188522930174,0.0,0.0,0.0
2024-11-02 02:00:00,46.89736465615175,1.4924640929513933,60.0,45.40490056320036,0.0,0.0,0.0
2024-11-02 03:00:00,46.89736465615175,4.161265075254384,60.0,42.73609958089737,0.0,0.0,0.0
2024-11-02 04:00:00,46.89736465615175,10.522896558497807,60.0,36.374468097653946,0.0,0.0,0.0
2024-11-02 05:00:00,46.89736465615175,24.134241293415606,60.0,22.763123362736145,0.0,0.0,0.0
2024-11-02 06:00:00,175.86511746056905,50.20193178203819,60.0,125.66318567853087,0.0,0.0,0.0
2024-11-02 07:00:00,586.2170582018969,94.70995656914639,60.0,491.5071016327505,0.0,0.0,0.0
2024-11-02 08:00:00,586.2170582018969,162.05382087349702,60.0,424.1632373283999,0.0,0.0,0.0
2024-11-02 09:00:00,586.2170582018969,251.48456922094297,60.0,334.7324889809539,0.0,0.0,0.0
2024-11-02 10:00:00,468.9736465615175,353.958086947661,60.0,115.01555961385651,0.0,0.0,0.0
2024-11-02 11:00:00,468.9736465615175,451.83593246713724,60.0,17.13771409438027,0.0,0.0,0.0
2024-11-02 12:00:00,468.9736465615175,523.1161416998611,111.36408085252775,0.0,0.0,54.142495138343634,0.0
2024-11-02 13:00:00,468.9736465615175,549.2928,187.56152023317264,0.0,0.0,80.31915343848254,0.0
2024-11-02 14:00:00,468.9736465615175,523.1161416998611,238.9256010857004,0.0,0.0,54.142495138343634,0.0
2024-11-02 15:00:00,468.9736465615175,451.83593246713724,220.8608642766966,0.0,0.0,0.0,17.13771409438027
2024-11-02 16:00:00,468.9736465615175,353.958086947661,99.62381936380895,0.0,0.0,0.0,115.01555961385651
2024-11-02 17:00:00,468.9736465615175,251.48456922094297,60.0,179.89862170515846,0.0,0.0,37.590455635416085
2024-11-02 18:00:00,351.7302349211381,162.05382087349702,60.0,189.6764140476411,0.0,0.0,0.0
2024-11-02 19:00:00,351.7302349211381,94.70995656914639,60.0,257.0202783519917,0.0,0.0,0.0
2024-11-02 20:00:00,146.55426455047422,50.20193178203819,60.0,96.35233276843603,0.0,0.0,0.0
2024-11-02 21:00:00,146.55426455047422,24.134241293415606,60.0,122.4200232570586,0.0,0.0,0.0
2024-11-02 22:00:00,146.55426455047422,10.522896558497807,60.0,136.0313679919764,0.0,0.0,0.0
2024-11-02 23:00:00,46.89736465615175,4.161265075254384,60.0,42.73609958089737,0.0,0.0,0.0
2024-11-03 00:00:00,46.89736465615175,0.14322743002733695,60.0,46.75413722612441,0.0,0.0,0.0
2024-11-03 01:00:00,46.89736465615175,0.485479426850013,60.0,46.41188522930174,0.0,0.0,0.0
2024-11-03 02:00:00,46.89736465615175,1.4924640929513933,60.0,45.40490056320036,0.0,0.0,0.0
2024-11-03 03:00:00,46.89736465615175,4.161265075254384,60.0,42.73609958089737,0.0,0.0,0.0
2024-11-03 04:00:00,46.89736465615175,10.522896558497807,60.0,36.374468097653946,0.0,0.0,0.0
2024-11-03 05:00:00,46.89736465615175,24.134241293415606,60.0,22.763123362736145,0.0,0.0,0.0
2024-11-03 06:00:00,175.86511746056905,50.20193178203819,60.0,125.66318567853087,0.0,0.0,0.0
2024-11-03 07:00:00,586.2170582018969,94.70995656914639,60.0,491.5071016327505,0.0,0.0,0.0
2024-11-03 08:00:00,586.2170582018969,162.05382087349702,60.0,424.1632373283999,0.0,0.0,0.0
2024-11-03 09:00:00,586.2170582018969,251.48456922094297,60.0,334.7324889809539,0.0,0.0,0.0
2024-11-03 10:00:00,468.9736465615175,353.958086947661,60.0,115.01555961385651,0.0,0.0,0.0
2024-11-03 11:00:00,468.9736465615175,451.83593246713724,60.0,17.13771409438027,0.0,0.0,0.0
2024-11-03 12:00:00,468.9736465615175,523.1161416998611,111.36408085252775,0.0,0.0,54.142495138343634,0.0
2024-11-03 13:00:00,468.9736465615175,549.2928,187.56152023317264,0.0,0.0,80.31915343848254,0.0
2024-11-03 14:00:00,468.9736465615175,523.1161416998611,238.9256010857004,0.0,0.0,54.142495138343634,0.0
2024-11-03 15:00:00,468.9736465615175,451.83593246713724,220.8608642766966,0.0,0.0,0.0,17.13771409438027
2024-11-03 16:00:00,468.9736465615175,353.958086947661,99.62381936380895,0.0,0.0,0.0,115.01555961385651
2024-11-03 17:00:00,468.9736465615175,251.48456922094297,60.0,179.89862170515846,0.0,0.0,37.590455635416085
2024-11-03 18:00:00,351.7302349211381,162.05382087349702,60.0,189.6764140476411,0.0,0.0,0.0
2024-11-03 19:00:00,351.7302349211381,94.70995656914639,60.0,257.0202783519917,0.0,0.0,0.0
2024-11-03 20:00:00,146.55426455047422,50.20193178203819,60.0,96.35233276843603,0.0,0.0,0.0
2024-11-03 21:00:00,146.55426455047422,24.134241293415606,60.0,122.4200232570586,0.0,0.0,0.0
2024-11-03 22:00:00,146.55426455047422,10.522896558497807,60.0,136.0313679919764,0.0,0.0,0.0
2024-11-03 23:00:00,46.89736465615175,4.161265075254384,60.0,42.73609958089737,0.0,0.0,0.0
2024-11-04 00:00:00,46.89736465615175,0.14322743002733695,60.0,46.75413722612441,0.0,0.0,0.0
2024-11-04 01:00:00,46.89736465615175,0.485479426850013,60.0,46.41188522930174,0.0,0.0,0.0
2024-11-04 02:00:00,46.89736465615175,1.4924640929513933,60.0,45.40490056320036,0.0,0.0,0.0
2024-11-04 03:00:00,46.89736465615175,4.161265075254384,60.0,42.73609958089737,0.0,0.0,0.0
2024-11-04 04:00:00,46.89736465615175,10.522896558497807,60.0,36.374468097653946,0.0,0.0,0.0
2024-11-04 05:00:00,46.89736465615175,24.134241293415606,60.0,22.763123362736145,0.0,0.0,0.0
2024-11-04 06:00:00,175.86511746056905,50.20193178203819,60.0,125.66318567853087,0.0,0.0,0.0
2024-11-04 07:00:00,586.2170582018969,94.70995656914639,60.0,491.5071016327505,0.0,0.0,0.0
2024-11-04 08:00:00,586.2170582018969,162.05382087349702,60.0,424.1632373283999,0.0,0.0,0.0
2024-11-04 09:00:00,586.2170582018969,251.48456922094297,60.0,334.7324889809539,0.0,0.0,0.0
2024-11-04 10:00:00,468.9736465615175,353.958086947661,60.0,115.01555961385651,0.0,0.0,0.0
2024-11-04 11:00:00,468.9736465615175,451.83593246713724,60.0,17.13771409438027,0.0,0.0,0.0
2024-11-04 12:00:00,468.9736465615175,523.1161416998611,111.36408085252775,0.0,0.0,54.142495138343634,0.0
2024-11-04 13:00:00,468.9736465615175,549.2928,187.56152023317264,0.0,0.0,80.31915343848254,0.0
2024-11-04 14:00:00,468.9736465615175,523.1161416998611,238.9256010857004,0.0,0.0,54.142495138343634,0.0
2024-11-04 15:00:00,468.9736465615175,451.83593246713724,220.8608642766966,0.0,0.0,0.0,17.13771409438027
2024-11-04 16:00:00,468.9736465615175,353.958086947661,99.62381936380895,0.0,0.0,0.0,115.01555961385651
2024-11-04 17:00:00,468.9736465615175,251.48456922094297,60.0,179.89862170515846,0.0,0.0,37.590455635416085
2024-11-04 18:00:00,351.7302349211381,162.05382087349702,60.0,189.6764140476411,0.0,0.0,0.0
2024-11-04 19:00:00,351.7302349211381,94.70995656914639,60.0,257.0202783519917,0.0,0.0,0.0
2024-11-04 20:00:00,146.55426455047422,50.20193178203819,60.0,96.35233276843603,0.0,0.0,0.0
2024-11-04 21:00:00,146.55426455047422,24.134241293415606,60.0,122.4200232570586,0.0,0.0,0.0
2024-11-04 22:00:00,146.55426455047422,10.522896558497807,60.0,136.0313679919764,0.0,0.0,0.0
2024-11-04 23:00:00,46.89736465615175,4.161265075254384,60.0,42.73609958089737,0.0,0.0,0.0
2024-11-05 00:00:00,46.89736465615176,0.14322743002733695,60.0,46.75413722612442,0.0,0.0,0.0
2024-11-05 01:00:00,46.89736465615176,0.485479426850013,60.0,46.411885229301745,0.0,0.0,0.0
2024-11-05 02:00:00,46.89736465615176,1.4924640929513933,60.0,45.404900563200364,0.0,0.0,0.0
2024-11-05 03:00:00,46.89736465615176,4.161265075254384,60.0,42.736099580897374,0.0,0.0,0.0
2024-11-05 04:00:00,46.89736465615176,10.522896558497807,60.0,36.37446809765395,0.0,0.0,0.0
2024-11-05 05:00:00,46.89736465615176,24.134241293415606,60.0,22.763123362736152,0.0,0.0,0.0
2024-11-05 06:00:00,175.86511746056905,50.20193178203819,60.0,125.66318567853087,0.0,0.0,0.0
2024-11-05 07:00:00,586.2170582018969,94.70995656914639,60.0,491.5071016327505,0.0,0.0,0.0
2024-11-05 08:00:00,586.2170582018969,162.05382087349702,60.0,424.1632373283999,0.0,0.0,0.0
2024-11-05 09:00:00,586.2170582018969,251.48456922094297,60.0,334.7324889809539,0.0,0.0,0.0
2024-11-05 10:00:00,468.9736465615175,353.958086947661,60.0,115.01555961385651,0.0,0.0,0.0
2024-11-05 11:00:00,468.9736465615175,451.83593246713724,60.0,17.13771409438027,0.0,0.0,0.0
2024-11-05 12:00:00,468.9736465615175,523.1161416998611,111.36408085252775,0.0,0.0,54.142495138343634,0.0
2024-11-05 13:00:00,468.9736465615175,549.2928,187.56152023317264,0.0,0.0,80.31915343848254,0.0
2024-11-05 14:00:00,468.9736465615175,523.1161416998611,238.9256010857004,0.0,0.0,54.142495138343634,0.0
2024-11-05 15:00:00,468.9736465615175,451.83593246713724,220.8608642766966,0.0,0.0,0.0,17.13771409438027
2024-11-05 16:00:00,468.9736465615175,353.958086947661,99.62381936380895,0.0,0.0,0.0,115.01555961385651
2024-11-05 17:00:00,468.9736465615175,251.48456922094297,60.0,179.89862170515846,0.0,0.0,37.590455635416085
2024-11-05 18:00:00,351.7302349211381,162.05382087349702,60.0,189.6764140476411,0.0,0.0,0.0
2024-11-05 19:00:00,351.7302349211381,94.70995656914639,60.0,257.0202783519917,0.0,0.0,0.0
2024-11-05 20:00:00,146.55426455047422,50.20193178203819,60.0,96.35233276843603,0.0,0.0,0.0
2024-11-05 21:00:00,146.55426455047422,24.134241293415606,60.0,122.4200232570586,0.0,0.0,0.0
2024-11-05 22:00:00,146.55426455047422,10.522896558497807,60.0,136.0313679919764,0.0,0.0,0.0
2024-11-05 23:00:00,46.89736465615176,4.161265075254384,60.0,42.736099580897374,0.0,0.0,0.0
2024-11-06 00:00:00,46.89736465615176,0.14322743002733695,60.0,46.75413722612442,0.0,0.0,0.0
2024-11-06 01:00:00,46.89736465615176,0.485479426850013,60.0,46.411885229301745,0.0,0.0,0.0
2024-11-06 02:00:00,46.89736465615176,1.4924640929513933,60.0,45.404900563200364,0.0,0.0,0.0
2024-11-06 03:00:00,46.89736465615176,4.161265075254384,60.0,42.736099580897374,0.0,0.0,0.0
2024-11-06 04:00:00,46.89736465615176,10.522896558497807,60.0,36.37446809765395,0.0,0.0,0.0
2024-11-06 05:00:00,46.89736465615176,24.134241293415606,60.0,22.763123362736152,0.0,0.0,0.0
2024-11-06 06:00:00,175.86511746056905,50.20193178203819,60.0,125.66318567853087,0.0,0.0,0.0
2024-11-06 07:00:00,586.2170582018969,94.70995656914639,60.0,491.5071016327505,0.0,0.0,0.0
2024-11-06 08:00:00,586.2170582018969,162.05382087349702,60.0,424.1632373283999,0.0,0.0,0.0
2024-11-06 09:00:00,586.2170582018969,251.48456922094297,60.0,334.7324889809539,0.0,0.0,0.0
2024-11-06 10:00:00,468.9736465615175,353.958086947661,60.0,115.01555961385651,0.0,0.0,0.0
2024-11-06 11:00:00,468.9736465615175,451.83593246713724,60.0,17.13771409438027,0.0,0.0,0.0
2024-11-06 12:00:00,468.9736465615175,523.1161416998611,111.36408085252775,0.0,0.0,54.142495138343634,0.0
2024-11-06 13:00:00,468.9736465615175,549.2928,187.56152023317264,0.0,0.0,80.31915343848254,0.0
2024-11-06 14:00:00,468.9736465615175,523.1161416998611,238.9256010857004,0.0,0.0,54.142495138343634,0.0
2024-11-06 15:00:00,468.9736465615175,451.83593246713724,220.8608642766966,0.0,0.0,0.0,17.13771409438027
2024-11-06 16:00:00,468.9736465615175,353.958086947661,99.62381936380895,0.0,0.0,0.0,115.01555961385651
2024-11-06 17:00:00,468.9736465615175,251.48456922094297,60.0,179.89862170515846,0.0,0.0,37.590455635416085
2024-11-06 18:00:00,351.7302349211381,162.05382087349702,60.0,189.6764140476411,0.0,0.0,0.0
2024-11-06 19:00:00,351.7302349211381,94.70995656914639,60.0,257.0202783519917,0.0,0.0,0.0
2024-11-06 20:00:00,146.55426455047422,50.20193178203819,60.0,96.35233276843603,0.0,0.0,0.0
2024-11-06 21:00:00,146.55426455047422,24.134241293415606,60.0,122.4200232570586,0.0,0.0,0.0
2024-11-06 22:00:00,146.55426455047422,10.522896558497807,60.0,136.0313679919764,0.0,0.0,0.0
2024-11-06 23:00:00,46.89736465615176,4.161265075254384,60.0,42.736099580897374,0.0,0.0,0.0
2024-11-07 00:00:00,46.89736465615175,0.14322743002733695,60.0,46.75413722612441,0.0,0.0,0.0
2024-11-07 01:00:00,46.89736465615175,0.485479426850013,60.0,46.41188522930174,0.0,0.0,0.0
2024-11-07 02:00:00,46.89736465615175,1.4924640929513933,60.0,45.40490056320036,0.0,0.0,0.0
2024-11-07 03:00:00,46.89736465615175,4.161265075254384,60.0,42.73609958089737,0.0,0.0,0.0
2024-11-07 04:00:00,46.89736465615175,10.522896558497807,60.0,36.374468097653946,0.0,0.0,0.0
2024-11-07 05:00:00,46.89736465615175,24.134241293415606,60.0,22.763123362736145,0.0,0.0,0.0
2024-11-07 06:00:00,175.86511746056905,50.20193178203819,60.0,125.66318567853087,0.0,0.0,0.0
2024-11-07 07:00:00,586.2170582018969,94.70995656914639,60.0,491.5071016327505,0.0,0.0,0.0
2024-11-07 08:00:00,586.2170582018969,162.05382087349702,60.0,424.1632373283999,0.0,0.0,0.0
2024-11-07 09:00:00,586.2170582018969,251.48456922094297,60.0,334.7324889809539,0.0,0.0,0.0
2024-11-07 10:00:00,468.9736465615175,353.958086947661,60.0,115.01555961385651,0.0,0.0,0.0
2024-11-07 11:00:00,468.9736465615175,451.83593246713724,60.0,17.13771409438027,0.0,0.0,0.0
2024-11-07 12:00:00,468.9736465615175,523.1161416998611,111.36408085252775,0.0,0.0,54.142495138343634,0.0
2024-11-07 13:00:00,468.9736465615175,549.2928,187.56152023317264,0.0,0.0,80.31915343848254,0.0
2024-11-07 14:00:00,468.9736465615175,523.1161416998611,238.9256010857004,0.0,0.0,54.142495138343634,0.0
2024-11-07 15:00:00,468.9736465615175,451.83593246713724,220.8608642766966,0.0,0.0,0.0,17.13771409438027
2024-11-07 16:00:00,468.9736465615175,353.958086947661,99.62381936380895,0.0,0.0,0.0,115.01555961385651
2024-11-07 17:00:00,468.9736465615175,251.48456922094297,60.0,179.89862170515846,0.0,0.0,37.590455635416085
2024-11-07 18:00:00,351.7302349211381,162.05382087349702,60.0,189.6764140476411,0.0,0.0,0.0
2024-11-07 19:00:00,351.7302349211381,94.70995656914639,60.0,257.0202783519917,0.0,0.0,0.0
2024-11-07 20:00:00,146.55426455047422,50.20193178203819,60.0,96.35233276843603,0.0,0.0,0.0
2024-11-07 21:00:00,146.55426455047422,24.134241293415606,60.0,122.4200232570586,0.0,0.0,0.0
2024-11-07 22:00:00,146.55426455047422,10.522896558497807,60.0,136.0313679919764,0.0,0.0,0.0
2024-11-07 23:00:00,46.89736465615175,4.161265075254384,60.0,42.73609958089737,0.0,0.0,0.0
2024-11-08 00:00:00,46.89736465615175,0.14322743002733695,60.0,46.75413722612441,0.0,0.0,0.0
2024-11-08 01:00:00,46.89736465615175,0.485479426850013,60.0,46.41188522930174,0.0,0.0,0.0
2024-11-08 02:00:00,46.89736465615175,1.4924640929513933,60.0,45.40490056320036,0.0,0.0,0.0
2024-11-08 03:00:00,46.89736465615175,4.161265075254384,60.0,42.73609958089737,0.0,0.0,0.0
2024-11-08 04:00:00,46.89736465615175,10.522896558497807,60.0,36.374468097653946,0.0,0.0,0.0
2024-11-08 05:00:00,46.89736465615175,24.134241293415606,60.0,22.763123362736145,0.0,0.0,0.0
2024-11-08 06:00:00,175.86511746056905,50.20193178203819,60.0,125.66318567853087,0.0,0.0,0.0
2024-11-08 07:00:00,586.2170582018969,94.70995656914639,60.0,491.5071016327505,0.0,0.0,0.0
2024-11-08 08:00:00,586.2170582018969,162.05382087349702,60.0,424.1632373283999,0.0,0.0,0.0
2024-11-08 09:00:00,586.2170582018969,251.48456922094297,60.0,334.7324889809539,0.0,0.0,0.0
2024-11-08 10:00:00,468.9736465615175,353.958086947661,60.0,115.01555961385651,0.0,0.0,0.0
2024-11-08 11:00:00,468.9736465615175,451.83593246713724,60.0,17.13771409438027,0.0,0.0,0.0
2024-11-08 12:00:00,468.9736465615175,523.1161416998611,111.36408085252775,0.0,0.0,54.142495138343634,0.0
2024-11-08 13:00:00,468.9736465615175,549.2928,187.56152023317264,0.0,0.0,80.31915343848254,0.0
2024-11-08 14:00:00,468.9736465615175,523.1161416998611,238.9256010857004,0.0,0.0,54.142495138343634,0.0
2024-11-08 15:00:00,468.9736465615175,451.83593246713724,220.8608642766966,0.0,0.0,0.0,17.13771409438027
2024-11-08 16:00:00,468.9736465615175,353.958086947661,99.62381936380895,0.0,0.0,0.0,115.01555961385651
2024-11-08 17:00:00,468.9736465615175,251.48456922094297,60.0,179.89862170515846,0.0,0.0,37.590455635416085
2024-11-08 18:00:00,351.7302349211381,162.05382087349702,60.0,189.6764140476411,0.0,0.0,0.0
2024-11-08 19:00:00,351.7302349211381,94.70995656914639,60.0,257.0202783519917,0.0,0.0,0.0
2024-11-08 20:00:00,146.55426455047422,50.20193178203819,60.0,96.35233276843603,0.0,0.0,0.0
2024-11-08 21:00:00,146.55426455047422,24.134241293415606,60.0,122.4200232570586,0.0,0.0,0.0
2024-11-08 22:00:00,146.55426455047422,10.522896558497807,60.0,136.0313679919764,0.0,0.0,0.0
2024-11-08 23:00:00,46.89736465615175,4.161265075254384,60.0,42.73609958089737,0.0,0.0,0.0
2024-11-09 00:00:00,46.89736465615175,0.14322743002733695,60.0,46.75413722612441,0.0,0.0,0.0
2024-11-09 01:00:00,46.89736465615175,0.485479426850013,60.0,46.41188522930174,0.0,0.0,0.0
2024-11-09 02:00:00,46.89736465615175,1.4924640929513933,60.0,45.40490056320036,0.0,0.0,0.0
2024-11-09 03:00:00,46.89736465615175,4.161265075254384,60.0,42.73609958089737,0.0,0.0,0.0
2024-11-09 04:00:00,46.89736465615175,10.522896558497807,60.0,36.374468097653946,0.0,0.0,0.0
2024-11-09 05:00:00,46.89736465615175,24.134241293415606,60.0,22.763123362736145,0.0,0.0,0.0
2024-11-09 06:00:00,175.86511746056905,50.20193178203819,60.0,125.66318567853087,0.0,0.0,0.0
2024-11-09 07:00:00,586.2170582018969,94.70995656914639,60.0,491.5071016327505,0.0,0.0,0.0
2024-11-09 08:00:00,586.2170582018969,162.05382087349702,60.0,424.1632373283999,0.0,0.0,0.0
2024-11-09 09:00:00,586.2170582018969,251.48456922094297,60.0,334.7324889809539,0.0,0.0,0.0
2024-11-09 10:00:00,468.9736465615175,353.958086947661,60.0,115.01555961385651,0.0,0.0,0.0
2024-11-09 11:00:00,468.9736465615175,451.83593246713724,60.0,17.13771409438027,0.0,0.0,0.0
2024-11-09 12:00:00,468.9736465615175,523.1161416998611,111.36408085252775,0.0,0.0,54.142495138343634,0.0
2024-11-09 13:00:00,468.9736465615175,549.2928,187.56152023317264,0.0,0.0,80.31915343848254,0.0
2024-11-09 14:00:00,468.9736465615175,523.1161416998611,238.9256010857004,0.0,0.0,54.142495138343634,0.0
2024-11-09 15:00:00,468.9736465615175,451.83593246713724,220.8608642766966,0.0,0.0,0.0,17.13771409438027
2024-11-09 16:00:00,468.9736465615175,353.958086947661,99.62381936380895,0.0,0.0,0.0,115.01555961385651
2024-11-09 17:00:00,468.9736465615175,251.48456922094297,60.0,179.89862170515846,0.0,0.0,37.590455635416085
2024-11-09 18:00:00,351.7302349211381,162.05382087349702,60.0,189.6764140476411,0.0,0.0,0.0
2024-11-09 19:00:00,351.7302349211381,94.70995656914639,60.0,257.0202783519917,0.0,0.0,0.0
2024-11-09 20:00:00,146.55426455047422,50.20193178203819,60.0,96.35233276843603,0.0,0.0,0.0
2024-11-09 21:00:00,146.55426455047422,24.134241293415606,60.0,122.4200232570586,0.0,0.0,0.0
2024-11-09 22:00:00,146.55426455047422,10.522896558497807,60.0,136.0313679919764,0.0,0.0,0.0
2024-11-09 23:00:00,46.89736465615175,4.161265075254384,60.0,42.73609958089737,0.0,0.0,0.0
2024-11-10 00:00:00,46.89736465615175,0.14322743002733695,60.0,46.75413722612441,0.0,0.0,0.0
2024-11-10 01:00:00,46.89736465615175,0.485479426850013,60.0,46.41188522930174,0.0,0.0,0.0
2024-11-10 02:00:00,46.89736465615175,1.4924640929513933,60.0,45.40490056320036,0.0,0.0,0.0
2024-11-10 03:00:00,46.89736465615175,4.161265075254384,60.0,42.73609958089737,0.0,0.0,0.0
2024-11-10 04:00:00,46.89736465615175,10.522896558497807,60.0,36.374468097653946,0.0,0.0,0.0
2024-11-10 05:00:00,46.89736465615175,24.134241293415606,60.0,22.763123362736145,0.0,0.0,0.0
2024-11-10 06:00:00,175.86511746056905,50.20193178203819,60.0,125.66318567853087,0.0,0.0,0.0
2024-11-10 07:00:00,586.2170582018969,94.70995656914639,60.0,491.5071016327505,0.0,0.0,0.0
2024-11-10 08:00:00,586.2170582018969,162.05382087349702,60.0,424.1632373283999,0.0,0.0,0.0
2024-11-10 09:00:00,586.2170582018969,251.48456922094297,60.0,334.7324889809539,0.0,0.0,0.0
2024-11-10 10:00:00,468.9736465615175,353.958086947661,60.0,115.01555961385651,0.0,0.0,0.0
2024-11-10 11:00:00,468.9736465615175,451.83593246713724,60.0,17.13771409438027,0.0,0.0,0.0
2024-11-10 12:00:00,468.9736465615175,523.1161416998611,111.36408085252775,0.0,0.0,54.142495138343634,0.0
2024-11-10 13:00:00,468.9736465615175,549.2928,187.56152023317264,0.0,0.0,80.31915343848254,0.0
2024-11-10 14:00:00,468.9736465615175,523.1161416998611,238.9256010857004,0.0,0.0,54.142495138343634,0.0
2024-11-10 15:00:00,468.9736465615175,451.83593246713724,220.8608642766966,0.0,0.0,0.0,17.13771409438027
2024-11-10 16:00:00,468.9736465615175,353.958086947661,99.62381936380895,0.0,0.0,0.0,115.01555961385651
2024-11-10 17:00:00,468.9736465615175,251.48456922094297,60.0,179.89862170515846,0.0,0.0,37.590455635416085
2024-11-10 18:00:00,351.7302349211381,162.05382087349702,60.0,189.6764140476411,0.0,0.0,0.0
2024-11-10 19:00:00,351.7302349211381,94.70995656914639,60.0,257.0202783519917,0.0,0.0,0.0
2024-11-10 20:00:00,146.55426455047422,50.20193178203819,60.0,96.35233276843603,0.0,0.0,0.0
2024-11-10 21:00:00,146.55426455047422,24.134241293415606,60.0,122.4200232570586,0.0,0.0,0.0
2024-11-10 22:00:00,146.55426455047422,10.522896558497807,60.0,136.0313679919764,0.0,0.0,0.0
2024-11-10 23:00:00,46.89736465615175,4.161265075254384,60.0,42.73609958089737,0.0,0.0,0.0
2024-11-11 00:00:00,46.89736465615175,0.14322743002733695,60.0,46.75413722612441,0.0,0.0,0.0
2024-11-11 01:00:00,46.89736465615175,0.485479426850013,60.0,46.41188522930174,0.0,0.0,0.0
2024-11-11 02:00:00,46.89736465615175,1.4924640929513933,60.0,45.40490056320036,0.0,0.0,0.0
2024-11-11 03:00:00,46.89736465615175,4.161265075254384,60.0,42.73609958089737,0.0,0.0,0.0
2024-11-11 04:00:00,46.89736465615175,10.522896558497807,60.0,36.374468097653946,0.0,0.0,0.0
2024-11-11 05:00:00,46.89736465615175,24.134241293415606,60.0,22.763123362736145,0.0,0.0,0.0
2024-11-11 06:00:00,175.86511746056905,50.20193178203819,60.0,125.66318567853087,0.0,0.0,0.0
2024-11-11 07:00:00,586.2170582018969,94.70995656914639,60.0,491.5071016327505,0.0,0.0,0.0
2024-11-11 08:00:00,586.2170582018969,162.05382087349702,60.0,424.1632373283999,0.0,0.0,0.0
2024-11-11 09:00:00,586.2170582018969,251.48456922094297,60.0,334.7324889809539,0.0,0.0,0.0
2024-11-11 10:00:00,468.9736465615175,353.958086947661,60.0,115.01555961385651,0.0,0.0,0.0
2024-11-11 11:00:00,468.9736465615175,451.83593246713724,60.0,17.13771409438027,0.0,0.0,0.0
2024-11-11 12:00:00,468.9736465615175,523.1161416998611,111.36408085252775,0.0,0.0,54.142495138343634,0.0
2024-11-11 13:00:00,468.9736465615175,549.2928,187.56152023317264,0.0,0.0,80.31915343848254,0.0
2024-11-11 14:00:00,468.9736465615175,523.1161416998611,238.9256010857004,0.0,0.0,54.142495138343634,0.0
2024-11-11 15:00:00,468.9736465615175,451.83593246713724,220.8608642766966,0.0,0.0,0.0,17.13771409438027
2024-11-11 16:00:00,468.9736465615175,353.958086947661,99.62381936380895,0.0,0.0,0.0,115.01555961385651
2024-11-11 17:00:00,468.9736465615175,251.48456922094297,60.0,179.89862170515846,0.0,0.0,37.590455635416085
2024-11-11 18:00:00,351.7302349211381,162.05382087349702,60.0,189.6764140476411,0.0,0.0,0.0
2024-11-11 19:00:00,351.7302349211381,94.70995656914639,60.0,257.0202783519917,0.0,0.0,0.0
2024-11-11 20:00:00,146.55426455047422,50.20193178203819,60.0,96.35233276843603,0.0,0.0,0.0
2024-11-11 21:00:00,146.55426455047422,24.134241293415606,60.0,122.4200232570586,0.0,0.0,0.0
2024-11-11 22:00:00,146.55426455047422,10.522896558497807,60.0,136.0313679919764,0.0,0.0,0.0
2024-11-11 23:00:00,46.89736465615175,4.161265075254384,60.0,42.73609958089737,0.0,0.0,0.0
2024-11-12 00:00:00,46.89736465615176,0.14322743002733695,60.0,46.75413722612442,0.0,0.0,0.0
2024-11-12 01:00:00,46.89736465615176,0.485479426850013,60.0,46.411885229301745,0.0,0.0,0.0
2024-11-12 02:00:00,46.89736465615176,1.4924640929513933,60.0,45.404900563200364,0.0,0.0,0.0
2024-11-12 03:00:00,46.89736465615176,4.161265075254384,60.0,42.736099580897374,0.0,0.0,0.0
2024-11-12 04:00:00,46.89736465615176,10.522896558497807,60.0,36.37446809765395,0.0,0.0,0.0
2024-11-12 05:00:00,46.89736465615176,24.134241293415606,60.0,22.763123362736152,0.0,0.0,0.0
2024-11-12 06:00:00,175.86511746056905,50.20193178203819,60.0,125.66318567853087,0.0,0.0,0.0
2024-11-12 07:00:00,586.2170582018969,94.70995656914639,60.0,491.5071016327505,0.0,0.0,0.0
2024-11-12 08:00:00,586.2170582018969,162.05382087349702,60.0,424.1632373283999,0.0,0.0,0.0
2024-11-12 09:00:00,586.2170582018969,251.48456922094297,60.0,334.7324889809539,0.0,0.0,0.0
2024-11-12 10:00:00,468.9736465615175,353.958086947661,60.0,115.01555961385651,0.0,0.0,0.0
2024-11-12 11:00:00,468.9736465615175,451.83593246713724,60.0,17.13771409438027,0.0,0.0,0.0
2024-11-12 12:00:00,468.9736465615175,523.1161416998611,111.36408085252775,0.0,0.0,54.142495138343634,0.0
2024-11-12 13:00:00,468.9736465615175,549.2928,187.56152023317264,0.0,0.0,80.31915343848254,0.0
2024-11-12 14:00:00,468.9736465615175,523.1161416998611,238.9256010857004,0.0,0.0,54.142495138343634,0.0
2024-11-12 15:00:00,468.9736465615175,451.83593246713724,220.8608642766966,0.0,0.0,0.0,17.13771409438027
2024-11-12 16:00:00,468.9736465615175,353.958086947661,99.62381936380895,0.0,0.0,0.0,115.01555961385651
2024-11-12 17:00:00,468.9736465615175,251.48456922094297,60.0,179.89862170515846,0.0,0.0,37.590455635416085
2024-11-12 18:00:00,351.7302349211381,162.05382087349702,60.0,189.6764140476411,0.0,0.0,0.0
2024-11-12 19:00:00,351.7302349211381,94.70995656914639,60.0,257.0202783519917,0.0,0.0,0.0
2024-11-12 20:00:00,146.55426455047422,50.20193178203819,60.0,96.35233276843603,0.0,0.0,0.0
2024-11-12 21:00:00,146.55426455047422,24.134241293415606,60.0,122.4200232570586,0.0,0.0,0.0
2024-11-12 22:00:00,146.55426455047422,10.522896558497807,60.0,136.0313679919764,0.0,0.0,0.0
2024-11-12 23:00:00,46.89736465615176,4.161265075254384,60.0,42.736099580897374,0.0,0.0,0.0
2024-11-13 00:00:00,46.89736465615176,0.14322743002733695,60.0,46.75413722612442,0.0,0.0,0.0
2024-11-13 01:00:00,46.89736465615176,0.485479426850013,60.0,46.411885229301745,0.0,0.0,0.0
2024-11-13 02:00:00,46.89736465615176,1.4924640929513933,60.0,45.404900563200364,0.0,0.0,0.0
2024-11-13 03:00:00,46.89736465615176,4.161265075254384,60.0,42.736099580897374,0.0,0.0,0.0
2024-11-13 04:00:00,46.89736465615176,10.522896558497807,60.0,36.37446809765395,0.0,0.0,0.0
2024-11-13 05:00:00,46.89736465615176,24.134241293415606,60.0,22.763123362736152,0.0,0.0,0.0
2024-11-13 06:00:00,175.86511746056905,50.20193178203819,60.0,125.66318567853087,0.0,0.0,0.0
2024-11-13 07:00:00,586.2170582018969,94.70995656914639,60.0,491.5071016327505,0.0,0.0,0.0
2024-11-13 08:00:00,586.2170582018969,162.05382087349702,60.0,424.1632373283999,0.0,0.0,0.0
2024-11-13 09:00:00,586.2170582018969,251.48456922094297,60.0,334.7324889809539,0.0,0.0,0.0
2024-11-13 10:00:00,468.9736465615175,353.958086947661,60.0,115.01555961385651,0.0,0.0,0.0
2024-11-13 11:00:00,468.9736465615175,451.83593246713724,60.0,17.13771409438027,0.0,0.0,0.0
2024-11-13 12:00:00,468.9736465615175,523.1161416998611,111.36408085252775,0.0,0.0,54.142495138343634,0.0
2024-11-13 13:00:00,468.9736465615175,549.2928,187.56152023317264,0.0,0.0,80.31915343848254,0.0
2024-11-13 14:00:00,468.9736465615175,523.1161416998611,238.9256010857004,0.0,0.0,54.142495138343634,0.0
2024-11-13 15:00:00,468.9736465615175,451.83593246713724,220.8608642766966,0.0,0.0,0.0,17.13771409438027
2024-11-13 16:00:00,468.9736465615175,353.958086947661,99.62381936380895,0.0,0.0,0.0,115.01555961385651
2024-11-13 17:00:00,468.9736465615175,251.48456922094297,60.0,179.89862170515846,0.0,0.0,37.590455635416085
2024-11-13 18:00:00,351.7302349211381,162.05382087349702,60.0,189.6764140476411,0.0,0.0,0.0
2024-11-13 19:00:00,351.7302349211381,94.70995656914639,60.0,257.0202783519917,0.0,0.0,0.0
2024-11-13 20:00:00,146.55426455047422,50.20193178203819,60.0,96.35233276843603,0.0,0.0,0.0
2024-11-13 21:00:00,146.55426455047422,24.134241293415606,60.0,122.4200232570586,0.0,0.0,0.0
2024-11-13 22:00:00,146.55426455047422,10.522896558497807,60.0,136.0313679919764,0.0,0.0,0.0
2024-11-13 23:00:00,46.89736465615176,4.161265075254384,60.0,42.736099580897374,0.0,0.0,0.0
2024-11-14 00:00:00,46.89736465615175,0.14322743002733695,60.0,46.75413722612441,0.0,0.0,0.0
2024-11-14 01:00:00,46.89736465615175,0.485479426850013,60.0,46.41188522930174,0.0,0.0,0.0
2024-11-14 02:00:00,46.89736465615175,1.4924640929513933,60.0,45.40490056320036,0.0,0.0,0.0
2024-11-14 03:00:00,46.89736465615175,4.161265075254384,60.0,42.73609958089737,0.0,0.0,0.0
2024-11-14 04:00:00,46.89736465615175,10.522896558497807,60.0,36.374468097653946,0.0,0.0,0.0
2024-11-14 05:00:00,46.89736465615175,24.134241293415606,60.0,22.763123362736145,0.0,0.0,0.0
2024-11-14 06:00:00,175.86511746056905,50.20193178203819,60.0,125.66318567853087,0.0,0.0,0.0
2024-11-14 07:00:00,586.2170582018969,94.70995656914639,60.0,491.5071016327505,0.0,0.0,0.0
2024-11-14 08:00:00,586.2170582018969,162.05382087349702,60.0,424.1632373283999,0.0,0.0,0.0
2024-11-14 09:00:00,586.2170582018969,251.48456922094297,60.0,334.7324889809539,0.0,0.0,0.0
2024-11-14 10:00:00,468.9736465615175,353.958086947661,60.0,115.01555961385651,0.0,0.0,0.0
2024-11-14 11:00:00,468.9736465615175,451.83593246713724,60.0,17.13771409438027,0.0,0.0,0.0
2024-11-14 12:00:00,468.9736465615175,523.1161416998611,111.36408085252775,0.0,0.0,54.142495138343634,0.0
2024-11-14 13:00:00,468.9736465615175,549.2928,187.56152023317264,0.0,0.0,80.31915343848254,0.0
2024-11-14 14:00:00,468.9736465615175,523.1161416998611,238.9256010857004,0.0,0.0,54.142495138343634,0.0
2024-11-14 15:00:00,468.9736465615175,451.83593246713724,220.8608642766966,0.0,0.0,0.0,17.13771409438027
2024-11-14 16:00:00,468.9736465615175,353.958086947661,99.62381936380895,0.0,0.0,0.0,115.01555961385651
2024-11-14 17:00:00,468.9736465615175,251.48456922094297,60.0,179.89862170515846,0.0,0.0,37.590455635416085
2024-11-14 18:00:00,351.7302349211381,162.05382087349702,60.0,189.6764140476411,0.0,0.0,0.0
2024-11-14 19:00:00,351.7302349211381,94.70995656914639,60.0,257.0202783519917,0.0,0.0,0.0
2024-11-14 20:00:00,146.55426455047422,50.20193178203819,60.0,96.35233276843603,0.0,0.0,0.0
2024-11-14 21:00:00,146.55426455047422,24.134241293415606,60.0,122.4200232570586,0.0,0.0,0.0
2024-11-14 22:00:00,146.55426455047422,10.522896558497807,60.0,136.0313679919764,0.0,0.0,0.0
2024-11-14 23:00:00,46.89736465615175,4.161265075254384,60.0,42.73609958089737,0.0,0.0,0.0
2024-11-15 00:00:00,46.89736465615175,0.14322743002733695,60.0,46.75413722612441,0.0,0.0,0.0
2024-11-15 01:00:00,46.89736465615175,0.485479426850013,60.0,46.41188522930174,0.0,0.0,0.0
2024-11-15 02:00:00,46.89736465615175,1.4924640929513933,60.0,45.40490056320036,0.0,0.0,0.0
2024-11-15 03:00:00,46.89736465615175,4.161265075254384,60.0,42.73609958089737,0.0,0.0,0.0
2024-11-15 04:00:00,46.89736465615175,10.522896558497807,60.0,36.374468097653946,0.0,0.0,0.0
2024-11-15 05:00:00,46.89736465615175,24.134241293415606,60.0,22.763123362736145,0.0,0.0,0.0
2024-11-15 06:00:00,175.86511746056905,50.20193178203819,60.0,125.66318567853087,0.0,0.0,0.0
2024-11-15 07:00:00,586.2170582018969,94.70995656914639,60.0,491.5071016327505,0.0,0.0,0.0
2024-11-15 08:00:00,586.2170582018969,162.05382087349702,60.0,424.1632373283999,0.0,0.0,0.0
2024-11-15 09:00:00,586.2170582018969,251.48456922094297,60.0,334.7324889809539,0.0,0.0,0.0
2024-11-15 10:00:00,468.9736465615175,353.958086947661,60.0,115.01555961385651,0.0,0.0,0.0
2024-11-15 11:00:00,468.9736465615175,451.83593246713724,60.0,17.13771409438027,0.0,0.0,0.0
2024-11-15 12:00:00,468.9736465615175,523.1161416998611,111.36408085252775,0.0,0.0,54.142495138343634,0.0
2024-11-15 13:00:00,468.9736465615175,549.2928,187.56152023317264,0.0,0.0,80.31915343848254,0.0
2024-11-15 14:00:00,468.9736465615175,523.1161416998611,238.9256010857004,0.0,0.0,54.142495138343634,0.0
2024-11-15 15:00:00,468.9736465615175,451.83593246713724,220.8608642766966,0.0,0.0,0.0,17.13771409438027
2024-11-15 16:00:00,468.9736465615175,353.958086947661,99.62381936380895,0.0,0.0,0.0,115.01555961385651
2024-11-15 17:00:00,468.9736465615175,251.48456922094297,60.0,179.89862170515846,0.0,0.0,37.590455635416085
2024-11-15 18:00:00,351.7302349211381,162.05382087349702,60.0,189.6764140476411,0.0,0.0,0.0
2024-11-15 19:00:00,351.7302349211381,94.70995656914639,60.0,257.0202783519917,0.0,0.0,0.0
2024-11-15 20:00:00,146.55426455047422,50.20193178203819,60.0,96.35233276843603,0.0,0.0,0.0
2024-11-15 21:00:00,146.55426455047422,24.134241293415606,60.0,122.4200232570586,0.0,0.0,0.0
2024-11-15 22:00:00,146.55426455047422,10.522896558497807,60.0,136.0313679919764,0.0,0.0,0.0
2024-11-15 23:00:00,46.89736465615175,4.161265075254384,60.0,42.73609958089737,0.0,0.0,0.0
2024-11-16 00:00:00,46.89736465615175,0.14322743002733695,60.0,46.75413722612441,0.0,0.0,0.0
2024-11-16 01:00:00,46.89736465615175,0.485479426850013,60.0,46.41188522930174,0.0,0.0,0.0
2024-11-16 02:00:00,46.89736465615175,1.4924640929513933,60.0,45.40490056320036,0.0,0.0,0.0
2024-11-16 03:00:00,46.89736465615175,4.161265075254384,60.0,42.73609958089737,0.0,0.0,0.0
2024-11-16 04:00:00,46.89736465615175,10.522896558497807,60.0,36.374468097653946,0.0,0.0,0.0
2024-11-16 05:00:00,46.89736465615175,24.134241293415606,60.0,22.763123362736145,0.0,0.0,0.0
2024-11-16 06:00:00,175.86511746056905,50.20193178203819,60.0,125.66318567853087,0.0,0.0,0.0
2024-11-16 07:00:00,586.2170582018969,94.70995656914639,60.0,491.5071016327505,0.0,0.0,0.0
2024-11-16 08:00:00,586.2170582018969,162.05382087349702,60.0,424.1632373283999,0.0,0.0,0.0
2024-11-16 09:00:00,586.2170582018969,251.48456922094297,60.0,334.7324889809539,0.0,0.0,0.0
2024-11-16 10:00:00,468.9736465615175,353.958086947661,60.0,115.01555961385651,0.0,0.0,0.0
2024-11-16 11:00:00,468.9736465615175,451.83593246713724,60.0,17.13771409438027,0.0,0.0,0.0
2024-11-16 12:00:00,468.9736465615175,523.1161416998611,111.36408085252775,0.0,0.0,54.142495138343634,0.0
2024-11-16 13:00:00,468.9736465615175,549.2928,187.56152023317264,0.0,0.0,80.31915343848254,0.0
2024-11-16 14:00:00,468.9736465615175,523.1161416998611,238.9256010857004,0.0,0.0,54.142495138343634,0.0
2024-11-16 15:00:00,468.9736465615175,451.83593246713724,220.8608642766966,0.0,0.0,0.0,17.13771409438027
2024-11-16 16:00:00,468.9736465615175,353.958086947661,99.62381936380895,0.0,0.0,0.0,115.01555961385651
2024-11-16 17:00:00,468.9736465615175,251.48456922094297,60.0,179.89862170515846,0.0,0.0,37.590455635416085
2024-11-16 18:00:00,351.7302349211381,162.05382087349702,60.0,189.6764140476411,0.0,0.0,0.0
2024-11-16 19:00:00,351.7302349211381,94.70995656914639,60.0,257.0202783519917,0.0,0.0,0.0
2024-11-16 20:00:00,146.55426455047422,50.20193178203819,60.0,96.35233276843603,0.0,0.0,0.0
2024-11-16 21:00:00,146.55426455047422,24.134241293415606,60.0,122.4200232570586,0.0,0.0,0.0
2024-11-16 22:00:00,146.55426455047422,10.522896558497807,60.0,136.0313679919764,0.0,0.0,0.0
2024-11-16 23:00:00,46.89736465615175,4.161265075254384,60.0,42.73609958089737,0.0,0.0,0.0
2024-11-17 00:00:00,46.89736465615175,0.14322743002733695,60.0,46.75413722612441,0.0,0.0,0.0
2024-11-17 01:00:00,46.89736465615175,0.485479426850013,60.0,46.41188522930174,0.0,0.0,0.0
2024-11-17 02:00:00,46.89736465615175,1.4924640929513933,60.0,45.40490056320036,0.0,0.0,0.0
2024-11-17 03:00:00,46.89736465615175,4.161265075254384,60.0,42.73609958089737,0.0,0.0,0.0
2024-11-17 04:00:00,46.89736465615175,10.522896558497807,60.0,36.374468097653946,0.0,0.0,0.0
2024-11-17 05:00:00,46.89736465615175,24.134241293415606,60.0,22.763123362736145,0.0,0.0,0.0
2024-11-17 06:00:00,175.86511746056905,50.20193178203819,60.0,125.66318567853087,0.0,0.0,0.0
2024-11-17 07:00:00,586.2170582018969,94.70995656914639,60.0,491.5071016327505,0.0,0.0,0.0
2024-11-17 08:00:00,586.2170582018969,162.05382087349702,60.0,424.1632373283999,0.0,0.0,0.0
2024-11-17 09:00:00,586.2170582018969,251.48456922094297,60.0,334.7324889809539,0.0,0.0,0.0
2024-11-17 10:00:00,468.9736465615175,353.958086947661,60.0,115.01555961385651,0.0,0.0,0.0
2024-11-17 11:00:00,468.9736465615175,451.83593246713724,60.0,17.13771409438027,0.0,0.0,0.0
2024-11-17 12:00:00,468.9736465615175,523.1161416998611,111.36408085252775,0.0,0.0,54.142495138343634,0.0
2024-11-17 13:00:00,468.9736465615175,549.2928,187.56152023317264,0.0,0.0,80.31915343848254,0.0
2024-11-17 14:00:00,468.9736465615175,523.1161416998611,238.9256010857004,0.0,0.0,54.142495138343634,0.0
2024-11-17 15:00:00,468.9736465615175,451.83593246713724,220.8608642766966,0.0,0.0,0.0,17.13771409438027
2024-11-17 16:00:00,468.9736465615175,353.958086947661,99.62381936380895,0.0,0.0,0.0,115.01555961385651
2024-11-17 17:00:00,468.9736465615175,251.48456922094297,60.0,179.89862170515846,0.0,0.0,37.590455635416085
2024-11-17 18:00:00,351.7302349211381,162.05382087349702,60.0,189.6764140476411,0.0,0.0,0.0
2024-11-17 19:00:00,351.7302349211381,94.70995656914639,60.0,257.0202783519917,0.0,0.0,0.0
2024-11-17 20:00:00,146.55426455047422,50.20193178203819,60.0,96.35233276843603,0.0,0.0,0.0
2024-11-17 21:00:00,146.55426455047422,24.134241293415606,60.0,122.4200232570586,0.0,0.0,0.0
2024-11-17 22:00:00,146.55426455047422,10.522896558497807,60.0,136.0313679919764,0.0,0.0,0.0
2024-11-17 23:00:00,46.89736465615175,4.161265075254384,60.0,42.73609958089737,0.0,0.0,0.0
2024-11-18 00:00:00,46.89736465615175,0.14322743002733695,60.0,46.75413722612441,0.0,0.0,0.0
2024-11-18 01:00:00,46.89736465615175,0.485479426850013,60.0,46.41188522930174,0.0,0.0,0.0
2024-11-18 02:00:00,46.89736465615175,1.4924640929513933,60.0,45.40490056320036,0.0,0.0,0.0
2024-11-18 03:00:00,46.89736465615175,4.161265075254384,60.0,42.73609958089737,0.0,0.0,0.0
2024-11-18 04:00:00,46.89736465615175,10.522896558497807,60.0,36.374468097653946,0.0,0.0,0.0
2024-11-18 05:00:00,46.89736465615175,24.134241293415606,60.0,22.763123362736145,0.0,0.0,0.0
2024-11-18 06:00:00,175.86511746056905,50.20193178203819,60.0,125.66318567853087,0.0,0.0,0.0
2024-11-18 07:00:00,586.2170582018969,94.70995656914639,60.0,491.5071016327505,0.0,0.0,0.0
2024-11-18 08:00:00,586.2170582018969,162.05382087349702,60.0,424.1632373283999,0.0,0.0,0.0
2024-11-18 09:00:00,586.2170582018969,251.48456922094297,60.0,334.7324889809539,0.0,0.0,0.0
2024-11-18 10:00:00,468.9736465615175,353.958086947661,60.0,115.01555961385651,0.0,0.0,0.0
2024-11-18 11:00:00,468.9736465615175,451.83593246713724,60.0,17.13771409438027,0.0,0.0,0.0
2024-11-18 12:00:00,468.9736465615175,523.1161416998611,111.36408085252775,0.0,0.0,54.142495138343634,0.0
2024-11-18 13:00:00,468.9736465615175,549.2928,187.56152023317264,0.0,0.0,80.31915343848254,0.0
2024-11-18 14:00:00,468.9736465615175,523.1161416998611,238.9256010857004,0.0,0.0,54.142495138343634,0.0
2024-11-18 15:00:00,468.9736465615175,451.83593246713724,220.8608642766966,0.0,0.0,0.0,17.13771409438027
2024-11-18 16:00:00,468.9736465615175,353.958086947661,99.62381936380895,0.0,0.0,0.0,115.01555961385651
2024-11-18 17:00:00,468.9736465615175,251.48456922094297,60.0,179.89862170515846,0.0,0.0,37.590455635416085
2024-11-18 18:00:00,351.7302349211381,162.05382087349702,60.0,189.6764140476411,0.0,0.0,0.0
2024-11-18 19:00:00,351.7302349211381,94.70995656914639,60.0,257.0202783519917,0.0,0.0,0.0
2024-11-18 20:00:00,146.55426455047422,50.20193178203819,60.0,96.35233276843603,0.0,0.0,0.0
2024-11-18 21:00:00,146.55426455047422,24.134241293415606,60.0,122.4200232570586,0.0,0.0,0.0
2024-11-18 22:00:00,146.55426455047422,10.522896558497807,60.0,136.0313679919764,0.0,0.0,0.0
2024-11-18 23:00:00,46.89736465615175,4.161265075254384,60.0,42.73609958089737,0.0,0.0,0.0
2024-11-19 00:00:00,46.89736465615176,0.14322743002733695,60.0,46.75413722612442,0.0,0.0,0.0
2024-11-19 01:00:00,46.89736465615176,0.485479426850013,60.0,46.411885229301745,0.0,0.0,0.0
2024-11-19 02:00:00,46.89736465615176,1.4924640929513933,60.0,45.404900563200364,0.0,0.0,0.0
2024-11-19 03:00:00,46.89736465615176,4.161265075254384,60.0,42.736099580897374,0.0,0.0,0.0
2024-11-19 04:00:00,46.89736465615176,10.522896558497807,60.0,36.37446809765395,0.0,0.0,0.0
2024-11-19 05:00:00,46.89736465615176,24.134241293415606,60.0,22.763123362736152,0.0,0.0,0.0
2024-11-19 06:00:00,175.86511746056905,50.20193178203819,60.0,125.66318567853087,0.0,0.0,0.0
2024-11-19 07:00:00,586.2170582018969,94.70995656914639,60.0,491.5071016327505,0.0,0.0,0.0
2024-11-19 08:00:00,586.2170582018969,162.05382087349702,60.0,424.1632373283999,0.0,0.0,0.0
2024-11-19 09:00:00,586.2170582018969,251.48456922094297,60.0,334.7324889809539,0.0,0.0,0.0
2024-11-19 10:00:00,468.9736465615175,353.958086947661,60.0,115.01555961385651,0.0,0.0,0.0
2024-11-19 11:00:00,468.9736465615175,451.83593246713724,60.0,17.13771409438027,0.0,0.0,0.0
2024-11-19 12:00:00,468.9736465615175,523.1161416998611,111.36408085252775,0.0,0.0,54.142495138343634,0.0
2024-11-19 13:00:00,468.9736465615175,549.2928,187.56152023317264,0.0,0.0,80.31915343848254,0.0
2024-11-19 14:00:00,468.9736465615175,523.1161416998611,238.9256010857004,0.0,0.0,54.142495138343634,0.0
2024-11-19 15:00:00,468.9736465615175,451.83593246713724,220.8608642766966,0.0,0.0,0.0,17.13771409438027
2024-11-19 16:00:00,468.9736465615175,353.958086947661,99.62381936380895,0.0,0.0,0.0,115.01555961385651
2024-11-19 17:00:00,468.9736465615175,251.48456922094297,60.0,179.89862170515846,0.0,0.0,37.590455635416085
2024-11-19 18:00:00,351.7302349211381,162.05382087349702,60.0,189.6764140476411,0.0,0.0,0.0
2024-11-19 19:00:00,351.7302349211381,94.70995656914639,60.0,257.0202783519917,0.0,0.0,0.0
2024-11-19 20:00:00,146.55426455047422,50.20193178203819,60.0,96.35233276843603,0.0,0.0,0.0
2024-11-19 21:00:00,146.55426455047422,24.134241293415606,60.0,122.4200232570586,0.0,0.0,0.0
2024-11-19 22:00:00,146.55426455047422,10.522896558497807,60.0,136.0313679919764,0.0,0.0,0.0
2024-11-19 23:00:00,46.89736465615176,4.161265075254384,60.0,42.736099580897374,0.0,0.0,0.0
2024-11-20 00:00:00,46.89736465615176,0.14322743002733695,60.0,46.75413722612442,0.0,0.0,0.0
2024-11-20 01:00:00,46.89736465615176,0.485479426850013,60.0,46.411885229301745,0.0,0.0,0.0
2024-11-20 02:00:00,46.89736465615176,1.4924640929513933,60.0,45.404900563200364,0.0,0.0,0.0
2024-11-20 03:00:00,46.89736465615176,4.161265075254384,60.0,42.736099580897374,0.0,0.0,0.0
2024-11-20 04:00:00,46.89736465615176,10.522896558497807,60.0,36.37446809765395,0.0,0.0,0.0
2024-11-20 05:00:00,46.89736465615176,24.134241293415606,60.0,22.763123362736152,0.0,0.0,0.0
2024-11-20 06:00:00,175.86511746056905,50.20193178203819,60.0,125.66318567853087,0.0,0.0,0.0
2024-11-20 07:00:00,586.2170582018969,94.70995656914639,60.0,491.5071016327505,0.0,0.0,0.0
2024-11-20 08:00:00,586.2170582018969,162.05382087349702,60.0,424.1632373283999,0.0,0.0,0.0
2024-11-20 09:00:00,586.2170582018969,251.48456922094297,60.0,334.7324889809539,0.0,0.0,0.0
2024-11-20 10:00:00,468.9736465615175,353.958086947661,60.0,115.01555961385651,0.0,0.0,0.0
2024-11-20 11:00:00,468.9736465615175,451.83593246713724,60.0,17.13771409438027,0.0,0.0,0.0
2024-11-20 12:00:00,468.9736465615175,523.1161416998611,111.36408085252775,0.0,0.0,54.142495138343634,0.0
2024-11-20 13:00:00,468.9736465615175,549.2928,187.56152023317264,0.0,0.0,80.31915343848254,0.0
2024-11-20 14:00:00,468.9736465615175,523.1161416998611,238.9256010857004,0.0,0.0,54.142495138343634,0.0
2024-11-20 15:00:00,468.9736465615175,451.83593246713724,220.8608642766966,0.0,0.0,0.0,17.13771409438027
2024-11-20 16:00:00,468.9736465615175,353.958086947661,99.62381936380895,0.0,0.0,0.0,115.01555961385651
2024-11-20 17:00:00,468.9736465615175,251.48456922094297,60.0,179.89862170515846,0.0,0.0,37.590455635416085
2024-11-20 18:00:00,351.7302349211381,162.05382087349702,60.0,189.6764140476411,0.0,0.0,0.0
2024-11-20 19:00:00,351.7302349211381,94.70995656914639,60.0,257.0202783519917,0.0,0.0,0.0
2024-11-20 20:00:00,146.55426455047422,50.20193178203819,60.0,96.35233276843603,0.0,0.0,0.0
2024-11-20 21:00:00,146.55426455047422,24.134241293415606,60.0,122.4200232570586,0.0,0.0,0.0
2024-11-20 22:00:00,146.55426455047422,10.522896558497807,60.0,136.0313679919764,0.0,0.0,0.0
2024-11-20 23:00:00,46.89736465615176,4.161265075254384,60.0,42.736099580897374,0.0,0.0,0.0
2024-11-21 00:00:00,46.89736465615175,0.14322743002733695,60.0,46.75413722612441,0.0,0.0,0.0
2024-11-21 01:00:00,46.89736465615175,0.485479426850013,60.0,46.41188522930174,0.0,0.0,0.0
2024-11-21 02:00:00,46.89736465615175,1.4924640929513933,60.0,45.40490056320036,0.0,0.0,0.0
2024-11-21 03:00:00,46.89736465615175,4.161265075254384,60.0,42.73609958089737,0.0,0.0,0.0
2024-11-21 04:00:00,46.89736465615175,10.522896558497807,60.0,36.374468097653946,0.0,0.0,0.0
2024-11-21 05:00:00,46.89736465615175,24.134241293415606,60.0,22.763123362736145,0.0,0.0,0.0
2024-11-21 06:00:00,175.86511746056905,50.20193178203819,60.0,125.66318567853087,0.0,0.0,0.0
2024-11-21 07:00:00,586.2170582018969,94.70995656914639,60.0,491.5071016327505,0.0,0.0,0.0
2024-11-21 08:00:00,586.2170582018969,162.05382087349702,60.0,424.1632373283999,0.0,0.0,0.0
2024-11-21 09:00:00,586.2170582018969,251.48456922094297,60.0,334.7324889809539,0.0,0.0,0.0
2024-11-21 10:00:00,468.9736465615175,353.958086947661,60.0,115.01555961385651,0.0,0.0,0.0
2024-11-21 11:00:00,468.9736465615175,451.83593246713724,60.0,17.13771409438027,0.0,0.0,0.0
2024-11-21 12:00:00,468.9736465615175,523.1161416998611,111.36408085252775,0.0,0.0,54.142495138343634,0.0
2024-11-21 13:00:00,468.9736465615175,549.2928,187.56152023317264,0.0,0.0,80.31915343848254,0.0
2024-11-21 14:00:00,468.9736465615175,523.1161416998611,238.9256010857004,0.0,0.0,54.142495138343634,0.0
2024-11-21 15:00:00,468.9736465615175,451.83593246713724,220.8608642766966,0.0,0.0,0.0,17.13771409438027
2024-11-21 16:00:00,468.9736465615175,353.958086947661,99.62381936380895,0.0,0.0,0.0,115.01555961385651
2024-11-21 17:00:00,468.9736465615175,251.48456922094297,60.0,179.89862170515846,0.0,0.0,37.590455635416085
2024-11-21 18:00:00,351.7302349211381,162.05382087349702,60.0,189.6764140476411,0.0,0.0,0.0
2024-11-21 19:00:00,351.7302349211381,94.70995656914639,60.0,257.0202783519917,0.0,0.0,0.0
2024-11-21 20:00:00,146.55426455047422,50.20193178203819,60.0,96.35233276843603,0.0,0.0,0.0
2024-11-21 21:00:00,146.55426455047422,24.134241293415606,60.0,122.4200232570586,0.0,0.0,0.0
2024-11-21 22:00:00,146.55426455047422,10.522896558497807,60.0,136.0313679919764,0.0,0.0,0.0
2024-11-21 23:00:00,46.89736465615175,4.161265075254384,60.0,42.73609958089737,0.0,0.0,0.0
2024-11-22 00:00:00,46.89736465615175,0.14322743002733695,60.0,46.75413722612441,0.0,0.0,0.0
2024-11-22 01:00:00,46.89736465615175,0.485479426850013,60.0,46.41188522930174,0.0,0.0,0.0
2024-11-22 02:00:00,46.89736465615175,1.4924640929513933,60.0,45.40490056320036,0.0,0.0,0.0
2024-11-22 03:00:00,46.89736465615175,4.161265075254384,60.0,42.73609958089737,0.0,0.0,0.0
2024-11-22 04:00:00,46.89736465615175,10.522896558497807,60.0,36.374468097653946,0.0,0.0,0.0
2024-11-22 05:00:00,46.89736465615175,24.134241293415606,60.0,22.763123362736145,0.0,0.0,0.0
2024-11-22 06:00:00,175.86511746056905,50.20193178203819,60.0,125.66318567853087,0.0,0.0,0.0
2024-11-22 07:00:00,586.2170582018969,94.70995656914639,60.0,491.5071016327505,0.0,0.0,0.0
2024-11-22 08:00:00,586.2170582018969,162.05382087349702,60.0,424.1632373283999,0.0,0.0,0.0
2024-11-22 09:00:00,586.2170582018969,251.48456922094297,60.0,334.7324889809539,0.0,0.0,0.0
2024-11-22 10:00:00,468.9736465615175,353.958086947661,60.0,115.01555961385651,0.0,0.0,0.0
2024-11-22 11:00:00,468.9736465615175,451.83593246713724,60.0,17.13771409438027,0.0,0.0,0.0
2024-11-22 12:00:00,468.9736465615175,523.1161416998611,111.36408085252775,0.0,0.0,54.142495138343634,0.0
2024-11-22 13:00:00,468.9736465615175,549.2928,187.56152023317264,0.0,0.0,80.31915343848254,0.0
2024-11-22 14:00:00,468.9736465615175,523.1161416998611,238.9256010857004,0.0,0.0,54.142495138343634,0.0
2024-11-22 15:00:00,468.9736465615175,451.83593246713724,220.8608642766966,0.0,0.0,0.0,17.13771409438027
2024-11-22 16:00:00,468.9736465615175,353.958086947661,99.62381936380895,0.0,0.0,0.0,115.01555961385651
2024-11-22 17:00:00,468.9736465615175,251.48456922094297,60.0,179.89862170515846,0.0,0.0,37.590455635416085
2024-11-22 18:00:00,351.7302349211381,162.05382087349702,60.0,189.6764140476411,0.0,0.0,0.0
2024-11-22 19:00:00,351.7302349211381,94.70995656914639,60.0,257.0202783519917,0.0,0.0,0.0
2024-11-22 20:00:00,146.55426455047422,50.20193178203819,60.0,96.35233276843603,0.0,0.0,0.0
2024-11-22 21:00:00,146.55426455047422,24.134241293415606,60.0,122.4200232570586,0.0,0.0,0.0
2024-11-22 22:00:00,146.55426455047422,10.522896558497807,60.0,136.0313679919764,0.0,0.0,0.0
2024-11-22 23:00:00,46.89736465615175,4.161265075254384,60.0,42.73609958089737,0.0,0.0,0.0
2024-11-23 00:00:00,46.89736465615175,0.14322743002733695,60.0,46.75413722612441,0.0,0.0,0.0
2024-11-23 01:00:00,46.89736465615175,0.485479426850013,60.0,46.41188522930174,0.0,0.0,0.0
2024-11-23 02:00:00,46.89736465615175,1.4924640929513933,60.0,45.40490056320036,0.0,0.0,0.0
2024-11-23 03:00:00,46.89736465615175,4.161265075254384,60.0,42.73609958089737,0.0,0.0,0.0
2024-11-23 04:00:00,46.89736465615175,10.522896558497807,60.0,36.374468097653946,0.0,0.0,0.0
2024-11-23 05:00:00,46.89736465615175,24.134241293415606,60.0,22.763123362736145,0.0,0.0,0.0
2024-11-23 06:00:00,175.86511746056905,50.20193178203819,60.0,125.66318567853087,0.0,0.0,0.0
2024-11-23 07:00:00,586.2170582018969,94.70995656914639,60.0,491.5071016327505,0.0,0.0,0.0
2024-11-23 08:00:00,586.2170582018969,162.05382087349702,60.0,424.1632373283999,0.0,0.0,0.0
2024-11-23 09:00:00,586.2170582018969,251.48456922094297,60.0,334.7324889809539,0.0,0.0,0.0
2024-11-23 10:00:00,468.9736465615175,353.958086947661,60.0,115.01555961385651,0.0,0.0,0.0
2024-11-23 11:00:00,468.9736465615175,451.83593246713724,60.0,17.13771409438027,0.0,0.0,0.0
2024-11-23 12:00:00,468.9736465615175,523.1161416998611,111.36408085252775,0.0,0.0,54.142495138343634,0.0
2024-11-23 13:00:00,468.9736465615175,549.2928,187.56152023317264,0.0,0.0,80.31915343848254,0.0
2024-11-23 14:00:00,468.9736465615175,523.1161416998611,238.9256010857004,0.0,0.0,54.142495138343634,0.0
2024-11-23 15:00:00,468.9736465615175,451.83593246713724,220.8608642766966,0.0,0.0,0.0,17.13771409438027
2024-11-23 16:00:00,468.9736465615175,353.958086947661,99.62381936380895,0.0,0.0,0.0,115.01555961385651
2024-11-23 17:00:00,468.9736465615175,251.48456922094297,60.0,179.89862170515846,0.0,0.0,37.590455635416085
2024-11-23 18:00:00,351.7302349211381,162.05382087349702,60.0,189.6764140476411,0.0,0.0,0.0
2024-11-23 19:00:00,351.7302349211381,94.70995656914639,60.0,257.0202783519917,0.0,0.0,0.0
2024-11-23 20:00:00,146.55426455047422,50.20193178203819,60.0,96.35233276843603,0.0,0.0,0.0
2024-11-23 21:00:00,146.55426455047422,24.134241293415606,60.0,122.4200232570586,0.0,0.0,0.0
2024-11-23 22:00:00,146.55426455047422,10.522896558497807,60.0,136.0313679919764,0.0,0.0,0.0
2024-11-23 23:00:00,46.89736465615175,4.161265075254384,60.0,42.73609958089737,0.0,0.0,0.0
2024-11-24 00:00:00,46.89736465615175,0.14322743002733695,60.0,46.75413722612441,0.0,0.0,0.0
2024-11-24 01:00:00,46.89736465615175,0.485479426850013,60.0,46.41188522930174,0.0,0.0,0.0
2024-11-24 02:00:00,46.89736465615175,1.4924640929513933,60.0,45.40490056320036,0.0,0.0,0.0
2024-11-24 03:00:00,46.89736465615175,4.161265075254384,60.0,42.73609958089737,0.0,0.0,0.0
2024-11-24 04:00:00,46.89736465615175,10.522896558497807,60.0,36.374468097653946,0.0,0.0,0.0
2024-11-24 05:00:00,46.89736465615175,24.134241293415606,60.0,22.763123362736145,0.0,0.0,0.0
2024-11-24 06:00:00,175.86511746056905,50.20193178203819,60.0,125.66318567853087,0.0,0.0,0.0
2024-11-24 07:00:00,586.2170582018969,94.70995656914639,60.0,491.5071016327505,0.0,0.0,0.0
2024-11-24 08:00:00,586.2170582018969,162.05382087349702,60.0,424.1632373283999,0.0,0.0,0.0
2024-11-24 09:00:00,586.2170582018969,251.48456922094297,60.0,334.7324889809539,0.0,0.0,0.0
2024-11-24 10:00:00,468.9736465615175,353.958086947661,60.0,115.01555961385651,0.0,0.0,0.0
2024-11-24 11:00:00,468.9736465615175,451.83593246713724,60.0,17.13771409438027,0.0,0.0,0.0
2024-11-24 12:00:00,468.9736465615175,523.1161416998611,111.36408085252775,0.0,0.0,54.142495138343634,0.0
2024-11-24 13:00:00,468.9736465615175,549.2928,187.56152023317264,0.0,0.0,80.31915343848254,0.0
2024-11-24 14:00:00,468.9736465615175,523.1161416998611,238.9256010857004,0.0,0.0,54.142495138343634,0.0
2024-11-24 15:00:00,468.9736465615175,451.83593246713724,220.8608642766966,0.0,0.0,0.0,17.13771409438027
2024-11-24 16:00:00,468.9736465615175,353.958086947661,99.62381936380895,0.0,0.0,0.0,115.01555961385651
2024-11-24 17:00:00,468.9736465615175,251.48456922094297,60.0,179.89862170515846,0.0,0.0,37.590455635416085
2024-11-24 18:00:00,351.7302349211381,162.05382087349702,60.0,189.6764140476411,0.0,0.0,0.0
2024-11-24 19:00:00,351.7302349211381,94.70995656914639,60.0,257.0202783519917,0.0,0.0,0.0
2024-11-24 20:00:00,146.55426455047422,50.20193178203819,60.0,96.35233276843603,0.0,0.0,0.0
2024-11-24 21:00:00,146.55426455047422,24.134241293415606,60.0,122.4200232570586,0.0,0.0,0.0
2024-11-24 22:00:00,146.55426455047422,10.522896558497807,60.0,136.0313679919764,0.0,0.0,0.0
2024-11-24 23:00:00,46.89736465615175,4.161265075254384,60.0,42.73609958089737,0.0,0.0,0.0
2024-11-25 00:00:00,46.89736465615175,0.14322743002733695,60.0,46.75413722612441,0.0,0.0,0.0
2024-11-25 01:00:00,46.89736465615175,0.485479426850013,60.0,46.41188522930174,0.0,0.0,0.0
2024-11-25 02:00:00,46.89736465615175,1.4924640929513933,60.0,45.40490056320036,0.0,0.0,0.0
2024-11-25 03:00:00,46.89736465615175,4.161265075254384,60.0,42.73609958089737,0.0,0.0,0.0
2024-11-25 04:00:00,46.89736465615175,10.522896558497807,60.0,36.374468097653946,0.0,0.0,0.0
2024-11-25 05:00:00,46.89736465615175,24.134241293415606,60.0,22.763123362736145,0.0,0.0,0.0
2024-11-25 06:00:00,175.86511746056905,50.20193178203819,60.0,125.66318567853087,0.0,0.0,0.0
2024-11-25 07:00:00,586.2170582018969,94.70995656914639,60.0,491.5071016327505,0.0,0.0,0.0
2024-11-25 08:00:00,586.2170582018969,162.05382087349702,60.0,424.1632373283999,0.0,0.0,0.0
2024-11-25 09:00:00,586.2170582018969,251.48456922094297,60.0,334.7324889809539,0.0,0.0,0.0
2024-11-25 10:00:00,468.9736465615175,353.958086947661,60.0,115.01555961385651,0.0,0.0,0.0
2024-11-25 11:00:00,468.9736465615175,451.83593246713724,60.0,17.13771409438027,0.0,0.0,0.0
2024-11-25 12:00:00,468.9736465615175,523.1161416998611,111.36408085252775,0.0,0.0,54.142495138343634,0.0
2024-11-25 13:00:00,468.9736465615175,549.2928,187.56152023317264,0.0,0.0,80.31915343848254,0.0
2024-11-25 14:00:00,468.9736465615175,523.1161416998611,238.9256010857004,0.0,0.0,54.142495138343634,0.0
2024-11-25 15:00:00,468.9736465615175,451.83593246713724,220.8608642766966,0.0,0.0,0.0,17.13771409438027
2024-11-25 16:00:00,468.9736465615175,353.958086947661,99.62381936380895,0.0,0.0,0.0,115.01555961385651
2024-11-25 17:00:00,468.9736465615175,251.48456922094297,60.0,179.89862170515846,0.0,0.0,37.590455635416085
2024-11-25 18:00:00,351.7302349211381,162.05382087349702,60.0,189.6764140476411,0.0,0.0,0.0
2024-11-25 19:00:00,351.7302349211381,94.70995656914639,60.0,257.0202783519917,0.0,0.0,0.0
2024-11-25 20:00:00,146.55426455047422,50.20193178203819,60.0,96.35233276843603,0.0,0.0,0.0
2024-11-25 21:00:00,146.55426455047422,24.134241293415606,60.0,122.4200232570586,0.0,0.0,0.0
2024-11-25 22:00:00,146.55426455047422,10.522896558497807,60.0,136.0313679919764,0.0,0.0,0.0
2024-11-25 23:00:00,46.89736465615175,4.161265075254384,60.0,42.73609958089737,0.0,0.0,0.0
2024-11-26 00:00:00,46.89736465615176,0.14322743002733695,60.0,46.75413722612442,0.0,0.0,0.0
2024-11-26 01:00:00,46.89736465615176,0.485479426850013,60.0,46.411885229301745,0.0,0.0,0.0
2024-11-26 02:00:00,46.89736465615176,1.4924640929513933,60.0,45.404900563200364,0.0,0.0,0.0
2024-11-26 03:00:00,46.89736465615176,4.161265075254384,60.0,42.736099580897374,0.0,0.0,0.0
2024-11-26 04:00:00,46.89736465615176,10.522896558497807,60.0,36.37446809765395,0.0,0.0,0.0
2024-11-26 05:00:00,46.89736465615176,24.134241293415606,60.0,22.763123362736152,0.0,0.0,0.0
2024-11-26 06:00:00,175.86511746056905,50.20193178203819,60.0,125.66318567853087,0.0,0.0,0.0
2024-11-26 07:00:00,586.2170582018969,94.70995656914639,60.0,491.5071016327505,0.0,0.0,0.0
2024-11-26 08:00:00,586.2170582018969,162.05382087349702,60.0,424.1632373283999,0.0,0.0,0.0
2024-11-26 09:00:00,586.2170582018969,251.48456922094297,60.0,334.7324889809539,0.0,0.0,0.0
2024-11-26 10:00:00,468.9736465615175,353.958086947661,60.0,115.01555961385651,0.0,0.0,0.0
2024-11-26 11:00:00,468.9736465615175,451.83593246713724,60.0,17.13771409438027,0.0,0.0,0.0
2024-11-26 12:00:00,468.9736465615175,523.1161416998611,111.36408085252775,0.0,0.0,54.142495138343634,0.0
2024-11-26 13:00:00,468.9736465615175,549.2928,187.56152023317264,0.0,0.0,80.31915343848254,0.0
2024-11-26 14:00:00,468.9736465615175,523.1161416998611,238.9256010857004,0.0,0.0,54.142495138343634,0.0
2024-11-26 15:00:00,468.9736465615175,451.83593246713724,220.8608642766966,0.0,0.0,0.0,17.13771409438027
2024-11-26 16:00:00,468.9736465615175,353.958086947661,99.62381936380895,0.0,0.0,0.0,115.01555961385651
2024-11-26 17:00:00,468.9736465615175,251.48456922094297,60.0,179.89862170515846,0.0,0.0,37.590455635416085
2024-11-26 18:00:00,351.7302349211381,162.05382087349702,60.0,189.6764140476411,0.0,0.0,0.0
2024-11-26 19:00:00,351.7302349211381,94.70995656914639,60.0,257.0202783519917,0.0,0.0,0.0
2024-11-26 20:00:00,146.55426455047422,50.20193178203819,60.0,96.35233276843603,0.0,0.0,0.0
2024-11-26 21:00:00,146.55426455047422,24.134241293415606,60.0,122.4200232570586,0.0,0.0,0.0
2024-11-26 22:00:00,146.55426455047422,10.522896558497807,60.0,136.0313679919764,0.0,0.0,0.0
2024-11-26 23:00:00,46.89736465615176,4.161265075254384,60.0,42.736099580897374,0.0,0.0,0.0
2024-11-27 00:00:00,46.89736465615176,0.14322743002733695,60.0,46.75413722612442,0.0,0.0,0.0
2024-11-27 01:00:00,46.89736465615176,0.485479426850013,60.0,46.411885229301745,0.0,0.0,0.0
2024-11-27 02:00:00,46.89736465615176,1.4924640929513933,60.0,45.404900563200364,0.0,0.0,0.0
2024-11-27 03:00:00,46.89736465615176,4.161265075254384,60.0,42.736099580897374,0.0,0.0,0.0
2024-11-27 04:00:00,46.89736465615176,10.522896558497807,60.0,36.37446809765395,0.0,0.0,0.0
2024-11-27 05:00:00,46.89736465615176,24.134241293415606,60.0,22.763123362736152,0.0,0.0,0.0
2024-11-27 06:00:00,175.86511746056905,50.20193178203819,60.0,125.66318567853087,0.0,0.0,0.0
2024-11-27 07:00:00,586.2170582018969,94.70995656914639,60.0,491.5071016327505,0.0,0.0,0.0
2024-11-27 08:00:00,586.2170582018969,162.05382087349702,60.0,424.1632373283999,0.0,0.0,0.0
2024-11-27 09:00:00,586.2170582018969,251.48456922094297,60.0,334.7324889809539,0.0,0.0,0.0
2024-11-27 10:00:00,468.9736465615175,353.958086947661,60.0,115.01555961385651,0.0,0.0,0.0
2024-11-27 11:00:00,468.9736465615175,451.83593246713724,60.0,17.13771409438027,0.0,0.0,0.0
2024-11-27 12:00:00,468.9736465615175,523.1161416998611,111.36408085252775,0.0,0.0,54.142495138343634,0.0
2024-11-27 13:00:00,468.9736465615175,549.2928,187.56152023317264,0.0,0.0,80.31915343848254,0.0
2024-11-27 14:00:00,468.9736465615175,523.1161416998611,238.9256010857004,0.0,0.0,54.142495138343634,0.0
2024-11-27 15:00:00,468.9736465615175,451.83593246713724,220.8608642766966,0.0,0.0,0.0,17.13771409438027
2024-11-27 16:00:00,468.9736465615175,353.958086947661,99.62381936380895,0.0,0.0,0.0,115.01555961385651
2024-11-27 17:00:00,468.9736465615175,251.48456922094297,60.0,179.89862170515846,0.0,0.0,37.590455635416085
2024-11-27 18:00:00,351.7302349211381,162.05382087349702,60.0,189.6764140476411,0.0,0.0,0.0
2024-11-27 19:00:00,351.7302349211381,94.70995656914639,60.0,257.0202783519917,0.0,0.0,0.0
2024-11-27 20:00:00,146.55426455047422,50.20193178203819,60.0,96.35233276843603,0.0,0.0,0.0
2024-11-27 21:00:00,146.55426455047422,24.134241293415606,60.0,122.4200232570586,0.0,0.0,0.0
2024-11-27 22:00:00,146.55426455047422,10.522896558497807,60.0,136.0313679919764,0.0,0.0,0.0
2024-11-27 23:00:00,46.89736465615176,4.161265075254384,60.0,42.736099580897374,0.0,0.0,0.0
2024-11-28 00:00:00,46.89736465615175,0.14322743002733695,60.0,46.75413722612441,0.0,0.0,0.0
2024-11-28 01:00:00,46.89736465615175,0.485479426850013,60.0,46.41188522930174,0.0,0.0,0.0
2024-11-28 02:00:00,46.89736465615175,1.4924640929513933,60.0,45.40490056320036,0.0,0.0,0.0
2024-11-28 03:00:00,46.89736465615175,4.161265075254384,60.0,42.73609958089737,0.0,0.0,0.0
2024-11-28 04:00:00,46.89736465615175,10.522896558497807,60.0,36.374468097653946,0.0,0.0,0.0
2024-11-28 05:00:00,46.89736465615175,24.134241293415606,60.0,22.763123362736145,0.0,0.0,0.0
2024-11-28 06:00:00,175.86511746056905,50.20193178203819,60.0,125.66318567853087,0.0,0.0,0.0
2024-11-28 07:00:00,586.2170582018969,94.70995656914639,60.0,491.5071016327505,0.0,0.0,0.0
2024-11-28 08:00:00,586.2170582018969,162.05382087349702,60.0,424.1632373283999,0.0,0.0,0.0
2024-11-28 09:00:00,586.2170582018969,251.48456922094297,60.0,334.7324889809539,0.0,0.0,0.0
2024-11-28 10:00:00,468.9736465615175,353.958086947661,60.0,115.01555961385651,0.0,0.0,0.0
2024-11-28 11:00:00,468.9736465615175,451.83593246713724,60.0,17.13771409438027,0.0,0.0,0.0
2024-11-28 12:00:00,468.9736465615175,523.1161416998611,111.36408085252775,0.0,0.0,54.142495138343634,0.0
2024-11-28 13:00:00,468.9736465615175,549.2928,187.56152023317264,0.0,0.0,80.31915343848254,0.0
2024-11-28 14:00:00,468.9736465615175,523.1161416998611,238.9256010857004,0.0,0.0,54.142495138343634,0.0
2024-11-28 15:00:00,468.9736465615175,451.83593246713724,220.8608642766966,0.0,0.0,0.0,17.13771409438027
2024-11-28 16:00:00,468.9736465615175,353.958086947661,99.62381936380895,0.0,0.0,0.0,115.01555961385651
2024-11-28 17:00:00,468.9736465615175,251.48456922094297,60.0,179.89862170515846,0.0,0.0,37.590455635416085
2024-11-28 18:00:00,351.7302349211381,162.05382087349702,60.0,189.6764140476411,0.0,0.0,0.0
2024-11-28 19:00:00,351.7302349211381,94.70995656914639,60.0,257.0202783519917,0.0,0.0,0.0
2024-11-28 20:00:00,146.55426455047422,50.20193178203819,60.0,96.35233276843603,0.0,0.0,0.0
2024-11-28 21:00:00,146.55426455047422,24.134241293415606,60.0,122.4200232570586,0.0,0.0,0.0
2024-11-28 22:00:00,146.55426455047422,10.522896558497807,60.0,136.0313679919764,0.0,0.0,0.0
2024-11-28 23:00:00,46.89736465615175,4.161265075254384,60.0,42.73609958089737,0.0,0.0,0.0
2024-11-29 00:00:00,46.89736465615175,0.14322743002733695,60.0,46.75413722612441,0.0,0.0,0.0
2024-11-29 01:00:00,46.89736465615175,0.485479426850013,60.0,46.41188522930174,0.0,0.0,0.0
2024-11-29 02:00:00,46.89736465615175,1.4924640929513933,60.0,45.40490056320036,0.0,0.0,0.0
2024-11-29 03:00:00,46.89736465615175,4.161265075254384,60.0,42.73609958089737,0.0,0.0,0.0
2024-11-29 04:00:00,46.89736465615175,10.522896558497807,60.0,36.374468097653946,0.0,0.0,0.0
2024-11-29 05:00:00,46.89736465615175,24.134241293415606,60.0,22.763123362736145,0.0,0.0,0.0
2024-11-29 06:00:00,175.86511746056905,50.20193178203819,60.0,125.66318567853087,0.0,0.0,0.0
2024-11-29 07:00:00,586.2170582018969,94.70995656914639,60.0,491.5071016327505,0.0,0.0,0.0
2024-11-29 08:00:00,586.2170582018969,162.05382087349702,60.0,424.1632373283999,0.0,0.0,0.0
2024-11-29 09:00:00,586.2170582018969,251.48456922094297,60.0,334.7324889809539,0.0,0.0,0.0
2024-11-29 10:00:00,468.9736465615175,353.958086947661,60.0,115.01555961385651,0.0,0.0,0.0
2024-11-29 11:00:00,468.9736465615175,451.83593246713724,60.0,17.13771409438027,0.0,0.0,0.0
2024-11-29 12:00:00,468.9736465615175,523.1161416998611,111.36408085252775,0.0,0.0,54.142495138343634,0.0
2024-11-29 13:00:00,468.9736465615175,549.2928,187.56152023317264,0.0,0.0,80.31915343848254,0.0
2024-11-29 14:00:00,468.9736465615175,523.1161416998611,238.9256010857004,0.0,0.0,54.142495138343634,0.0
2024-11-29 15:00:00,468.9736465615175,451.83593246713724,220.8608642766966,0.0,0.0,0.0,17.13771409438027
2024-11-29 16:00:00,468.9736465615175,353.958086947661,99.62381936380895,0.0,0.0,0.0,115.01555961385651
2024-11-29 17:00:00,468.9736465615175,251.48456922094297,60.0,179.89862170515846,0.0,0.0,37.590455635416085
2024-11-29 18:00:00,351.7302349211381,162.05382087349702,60.0,189.6764140476411,0.0,0.0,0.0
2024-11-29 19:00:00,351.7302349211381,94.70995656914639,60.0,257.0202783519917,0.0,0.0,0.0
2024-11-29 20:00:00,146.55426455047422,50.20193178203819,60.0,96.35233276843603,0.0,0.0,0.0
2024-11-29 21:00:00,146.55426455047422,24.134241293415606,60.0,122.4200232570586,0.0,0.0,0.0
2024-11-29 22:00:00,146.55426455047422,10.522896558497807,60.0,136.0313679919764,0.0,0.0,0.0
2024-11-29 23:00:00,46.89736465615175,4.161265075254384,60.0,42.73609958089737,0.0,0.0,0.0
2024-11-30 00:00:00,46.89736465615175,0.14322743002733695,60.0,46.75413722612441,0.0,0.0,0.0
2024-11-30 01:00:00,46.89736465615175,0.485479426850013,60.0,46.41188522930174,0.0,0.0,0.0
2024-11-30 02:00:00,46.89736465615175,1.4924640929513933,60.0,45.40490056320036,0.0,0.0,0.0
2024-11-30 03:00:00,46.89736465615175,4.161265075254384,60.0,42.73609958089737,0.0,0.0,0.0
2024-11-30 04:00:00,46.89736465615175,10.522896558497807,60.0,36.374468097653946,0.0,0.0,0.0
2024-11-30 05:00:00,46.89736465615175,24.134241293415606,60.0,22.763123362736145,0.0,0.0,0.0
2024-11-30 06:00:00,175.86511746056905,50.20193178203819,60.0,125.66318567853087,0.0,0.0,0.0
2024-11-30 07:00:00,586.2170582018969,94.70995656914639,60.0,491.5071016327505,0.0,0.0,0.0
2024-11-30 08:00:00,586.2170582018969,162.05382087349702,60.0,424.1632373283999,0.0,0.0,0.0
2024-11-30 09:00:00,586.2170582018969,251.48456922094297,60.0,334.7324889809539,0.0,0.0,0.0
2024-11-30 10:00:00,468.9736465615175,353.958086947661,60.0,115.01555961385651,0.0,0.0,0.0
2024-11-30 11:00:00,468.9736465615175,451.83593246713724,60.0,17.13771409438027,0.0,0.0,0.0
2024-11-30 12:00:00,468.9736465615175,523.1161416998611,111.36408085252775,0.0,0.0,54.142495138343634,0.0
2024-11-30 13:00:00,468.9736465615175,549.2928,187.56152023317264,0.0,0.0,80.31915343848254,0.0
2024-11-30 14:00:00,468.9736465615175,523.1161416998611,238.9256010857004,0.0,0.0,54.142495138343634,0.0
2024-11-30 15:00:00,468.9736465615175,451.83593246713724,220.8608642766966,0.0,0.0,0.0,17.13771409438027
2024-11-30 16:00:00,468.9736465615175,353.958086947661,99.62381936380895,0.0,0.0,0.0,115.01555961385651
2024-11-30 17:00:00,468.9736465615175,251.48456922094297,60.0,179.89862170515846,0.0,0.0,37.590455635416085
2024-11-30 18:00:00,351.7302349211381,162.05382087349702,60.0,189.6764140476411,0.0,0.0,0.0
2024-11-30 19:00:00,351.7302349211381,94.70995656914639,60.0,257.0202783519917,0.0,0.0,0.0
2024-11-30 20:00:00,146.55426455047422,50.20193178203819,60.0,96.35233276843603,0.0,0.0,0.0
2024-11-30 21:00:00,146.55426455047422,24.134241293415606,60.0,122.4200232570586,0.0,0.0,0.0
2024-11-30 22:00:00,146.55426455047422,10.522896558497807,60.0,136.0313679919764,0.0,0.0,0.0
2024-11-30 23:00:00,46.89736465615175,4.161265075254384,60.0,42.73609958089737,0.0,0.0,0.0
2024-12-01 00:00:00,46.89736465615175,0.11925993669614952,60.0,46.778104719455605,0.0,0.0,0.0
2024-12-01 01:00:00,46.89736465615175,0.4042399259859987,60.0,46.49312473016575,0.0,0.0,0.0
2024-12-01 02:00:00,46.89736465615175,1.242717077397027,60.0,45.65464757875473,0.0,0.0,0.0
2024-12-01 03:00:00,46.89736465615175,3.464924346935606,60.0,43.43244030921615,0.0,0.0,0.0
2024-12-01 04:00:00,46.89736465615175,8.762008626329829,60.0,38.13535602982192,0.0,0.0,0.0
2024-12-01 05:00:00,46.89736465615175,20.095648496331947,60.0,26.801716159819804,0.0,0.0,0.0
2024-12-01 06:00:00,175.86511746056905,41.80120529431809,60.0,134.06391216625096,0.0,0.0,0.0
2024-12-01 07:00:00,586.2170582018969,78.861314643261,60.0,507.3557435586359,0.0,0.0,0.0
2024-12-01 08:00:00,586.2170582018969,134.93594359023035,60.0,451.2811146116665,0.0,0.0,0.0
2024-12-01 09:00:00,586.2170582018969,209.40146590372873,60.0,376.8155922981681,0.0,0.0,0.0
2024-12-01 10:00:00,468.9736465615175,294.7271973979516,60.0,174.2464491635659,0.0,0.0,0.0
2024-12-01 11:00:00,468.9736465615175,376.2262905421929,60.0,92.74735601932463,0.0,0.0,0.0
2024-12-01 12:00:00,468.9736465615175,435.5785615363763,60.0,33.39508502514121,0.0,0.0,0.0
2024-12-01 13:00:00,468.9736465615175,457.3748516129032,60.0,11.598794948614284,0.0,0.0,0.0
2024-12-01 14:00:00,468.9736465615175,435.5785615363763,60.0,33.39508502514121,0.0,0.0,0.0
2024-12-01 15:00:00,468.9736465615175,376.2262905421929,60.0,92.74735601932463,0.0,0.0,0.0
2024-12-01 16:00:00,468.9736465615175,294.7271973979516,60.0,174.2464491635659,0.0,0.0,0.0
2024-12-01 17:00:00,468.9736465615175,209.40146590372873,60.0,259.57218065778875,0.0,0.0,0.0
2024-12-01 18:00:00,351.7302349211381,134.93594359023035,60.0,216.79429133090775,0.0,0.0,0.0
2024-12-01 19:00:00,351.7302349211381,78.861314643261,60.0,272.8689202778771,0.0,0.0,0.0
2024-12-01 20:00:00,146.55426455047422,41.80120529431809,60.0,104.75305925615612,0.0,0.0,0.0
2024-12-01 21:00:00,146.55426455047422,20.095648496331947,60.0,126.45861605414227,0.0,0.0,0.0
2024-12-01 22:00:00,146.55426455047422,8.762008626329829,60.0,137.7922559241444,0.0,0.0,0.0
2024-12-01 23:00:00,46.89736465615175,3.464924346935606,60.0,43.43244030921615,0.0,0.0,0.0
2024-12-02 00:00:00,43.10054790062791,0.11925993669614952,60.0,42.98128796393176,0.0,0.0,0.0
2024-12-02 01:00:00,43.10054790062791,0.4042399259859987,60.0,42.69630797464191,0.0,0.0,0.0
2024-12-02 02:00:00,43.10054790062791,1.242717077397027,60.0,41.857830823230884,0.0,0.0,0.0
2024-12-02 03:00:00,43.10054790062791,3.464924346935606,60.0,39.635623553692305,0.0,0.0,0.0
2024-12-02 04:00:00,43.10054790062791,8.762008626329829,60.0,34.33853927429808,0.0,0.0,0.0
2024-12-02 05:00:00,43.10054790062791,20.095648496331947,60.0,23.004899404295962,0.0,0.0,0.0
2024-12-02 06:00:00,161.62705462735462,41.80120529431809,60.0,119.82584933303653,0.0,0.0,0.0
2024-12-02 07:00:00,538.7568487578487,78.861314643261,60.0,459.89553411458775,0.0,0.0,0.0
2024-12-02 08:00:00,538.7568487578487,134.93594359023035,60.0,403.8209051676184,0.0,0.0,0.0
2024-12-02 09:00:00,538.7568487578487,209.40146590372873,60.0,329.35538285411997,0.0,0.0,0.0
2024-12-02 10:00:00,431.005479006279,294.7271973979516,60.0,136.2782816083274,0.0,0.0,0.0
2024-12-02 11:00:00,431.005479006279,376.2262905421929,60.0,54.77918846408613,0.0,0.0,0.0
2024-12-02 12:00:00,431.005479006279,435.5785615363763,64.33840701690988,0.0,0.0,4.573082530097281,0.0
2024-12-02 13:00:00,431.005479006279,457.3748516129032,89.35459038888501,0.0,0.0,26.36937260662421,0.0
2024-12-02 14:00:00,431.005479006279,435.5785615363763,93.6929974057949,0.0,0.0,4.573082530097281,0.0
2024-12-02 15:00:00,431.005479006279,376.2262905421929,60.0,22.815204563949223,0.0,0.0,31.96398390013691
2024-12-02 16:00:00,431.005479006279,294.7271973979516,60.0,136.2782816083274,0.0,0.0,0.0
2024-12-02 17:00:00,431.005479006279,209.40146590372873,60.0,221.60401310255028,0.0,0.0,0.0
2024-12-02 18:00:00,323.25410925470925,134.93594359023035,60.0,188.3181656644789,0.0,0.0,0.0
2024-12-02 19:00:00,323.25410925470925,78.861314643261,60.0,244.39279461144827,0.0,0.0,0.0
2024-12-02 20:00:00,134.68921218946218,41.80120529431809,60.0,92.88800689514409,0.0,0.0,0.0
2024-12-02 21:00:00,134.68921218946218,20.095648496331947,60.0,114.59356369313024,0.0,0.0,0.0
2024-12-02 22:00:00,134.68921218946218,8.762008626329829,60.0,125.92720356313235,0.0,0.0,0.0
2024-12-02 23:00:00,43.10054790062791,3.464924346935606,60.0,39.635623553692305,0.0,0.0,0.0
2024-12-03 00:00:00,43.1005479006279,0.11925993669614952,60.0,42.981287963931756,0.0,0.0,0.0
2024-12-03 01:00:00,43.1005479006279,0.4042399259859987,60.0,42.696307974641904,0.0,0.0,0.0
2024-12-03 02:00:00,43.1005479006279,1.242717077397027,60.0,41.85783082323088,0.0,0.0,0.0
2024-12-03 03:00:00,43.1005479006279,3.464924346935606,60.0,39.6356235536923,0.0,0.0,0.0
2024-12-03 04:00:00,43.1005479006279,8.762008626329829,60.0,34.33853927429807,0.0,0.0,0.0
2024-12-03 05:00:00,43.1005479006279,20.095648496331947,60.0,23.004899404295955,0.0,0.0,0.0
2024-12-03 06:00:00,161.62705462735462,41.80120529431809,60.0,119.82584933303653,0.0,0.0,0.0
2024-12-03 07:00:00,538.7568487578487,78.861314643261,60.0,459.89553411458775,0.0,0.0,0.0
2024-12-03 08:00:00,538.7568487578487,134.93594359023035,60.0,403.8209051676184,0.0,0.0,0.0
2024-12-03 09:00:00,538.7568487578487,209.40146590372873,60.0,329.35538285411997,0.0,0.0,0.0
2024-12-03 10:00:00,431.005479006279,294.7271973979516,60.0,136.2782816083274,0.0,0.0,0.0
2024-12-03 11:00:00,431.005479006279,376.2262905421929,60.0,54.77918846408613,0.0,0.0,0.0
2024-12-03 12:00:00,431.005479006279,435.5785615363763,64.33840701690988,0.0,0.0,4.573082530097281,0.0
2024-12-03 13:00:00,431.005479006279,457.3748516129032,89.35459038888501,0.0,0.0,26.36937260662421,0.0
2024-12-03 14:00:00,431.005479006279,435.5785615363763,93.6929974057949,0.0,0.0,4.573082530097281,0.0
2024-12-03 15:00:00,431.005479006279,376.2262905421929,60.0,22.815204563949223,0.0,0.0,31.96398390013691
2024-12-03 16:00:00,431.005479006279,294.7271973979516,60.0,136.2782816083274,0.0,0.0,0.0
2024-12-03 17:00:00,431.005479006279,209.40146590372873,60.0,221.60401310255028,0.0,0.0,0.0
2024-12-03 18:00:00,323.25410925470925,134.93594359023035,60.0,188.3181656644789,0.0,0.0,0.0
2024-12-03 19:00:00,323.25410925470925,78.861314643261,60.0,244.39279461144827,0.0,0.0,0.0
2024-12-03 20:00:00,134.68921218946218,41.80120529431809,60.0,92.88800689514409,0.0,0.0,0.0
2024-12-03 21:00:00,134.68921218946218,20.095648496331947,60.0,114.59356369313024,0.0,0.0,0.0
2024-12-03 22:00:00,134.68921218946218,8.762008626329829,60.0,125.92720356313235,0.0,0.0,0.0
2024-12-03 23:00:00,43.1005479006279,3.464924346935606,60.0,39.6356235536923,0.0,0.0,0.0
2024-12-04 00:00:00,43.1005479006279,0.11925993669614952,60.0,42.981287963931756,0.0,0.0,0.0
2024-12-04 01:00:00,43.1005479006279,0.4042399259859987,60.0,42.696307974641904,0.0,0.0,0.0
2024-12-04 02:00:00,43.1005479006279,1.242717077397027,60.0,41.85783082323088,0.0,0.0,0.0
2024-12-04 03:00:00,43.1005479006279,3.464924346935606,60.0,39.6356235536923,0.0,0.0,0.0
2024-12-04 04:00:00,43.1005479006279,8.762008626329829,60.0,34.33853927429807,0.0,0.0,0.0
2024-12-04 05:00:00,43.1005479006279,20.095648496331947,60.0,23.004899404295955,0.0,0.0,0.0
2024-12-04 06:00:00,161.62705462735462,41.80120529431809,60.0,119.82584933303653,0.0,0.0,0.0
2024-12-04 07:00:00,538.7568487578487,78.861314643261,60.0,459.89553411458775,0.0,0.0,0.0
2024-12-04 08:00:00,538.7568487578487,134.93594359023035,60.0,403.8209051676184,0.0,0.0,0.0
2024-12-04 09:00:00,538.7568487578487,209.40146590372873,60.0,329.35538285411997,0.0,0.0,0.0
2024-12-04 10:00:00,431.005479006279,294.7271973979516,60.0,136.2782816083274,0.0,0.0,0.0
2024-12-04 11:00:00,431.005479006279,376.2262905421929,60.0,54.77918846408613,0.0,0.0,0.0
2024-12-04 12:00:00,431.005479006279,435.5785615363763,64.33840701690988,0.0,0.0,4.573082530097281,0.0
2024-12-04 13:00:00,431.005479006279,457.3748516129032,89.35459038888501,0.0,0.0,26.36937260662421,0.0
2024-12-04 14:00:00,431.005479006279,435.5785615363763,93.6929974057949,0.0,0.0,4.573082530097281,0.0
2024-12-04 15:00:00,431.005479006279,376.2262905421929,60.0,22.815204563949223,0.0,0.0,31.96398390013691
2024-12-04 16:00:00,431.005479006279,294.7271973979516,60.0,136.2782816083274,0.0,0.0,0.0
2024-12-04 17:00:00,431.005479006279,209.40146590372873,60.0,221.60401310255028,0.0,0.0,0.0
2024-12-04 18:00:00,323.25410925470925,134.93594359023035,60.0,188.3181656644789,0.0,0.0,0.0
2024-12-04 19:00:00,323.25410925470925,78.861314643261,60.0,244.39279461144827,0.0,0.0,0.0
2024-12-04 20:00:00,134.68921218946218,41.80120529431809,60.0,92.88800689514409,0.0,0.0,0.0
2024-12-04 21:00:00,134.68921218946218,20.095648496331947,60.0,114.59356369313024,0.0,0.0,0.0
2024-12-04 22:00:00,134.68921218946218,8.762008626329829,60.0,125.92720356313235,0.0,0.0,0.0
2024-12-04 23:00:00,43.1005479006279,3.464924346935606,60.0,39.6356235536923,0.0,0.0,0.0
2024-12-05 00:00:00,43.1005479006279,0.11925993669614952,60.0,42.981287963931756,0.0,0.0,0.0
2024-12-05 01:00:00,43.1005479006279,0.4042399259859987,60.0,42.696307974641904,0.0,0.0,0.0
2024-12-05 02:00:00,43.1005479006279,1.242717077397027,60.0,41.85783082323088,0.0,0.0,0.0
2024-12-05 03:00:00,43.1005479006279,3.464924346935606,60.0,39.6356235536923,0.0,0.0,0.0
2024-12-05 04:00:00,43.1005479006279,8.762008626329829,60.0,34.33853927429807,0.0,0.0,0.0
2024-12-05 05:00:00,43.1005479006279,20.095648496331947,60.0,23.004899404295955,0.0,0.0,0.0
2024-12-05 06:00:00,161.62705462735462,41.80120529431809,60.0,119.82584933303653,0.0,0.0,0.0
2024-12-05 07:00:00,538.7568487578487,78.861314643261,60.0,459.89553411458775,0.0,0.0,0.0
2024-12-05 08:00:00,538.7568487578487,134.93594359023035,60.0,403.8209051676184,0.0,0.0,0.0
2024-12-05 09:00:00,538.7568487578487,209.40146590372873,60.0,329.35538285411997,0.0,0.0,0.0
2024-12-05 10:00:00,431.005479006279,294.7271973979516,60.0,136.2782816083274,0.0,0.0,0.0
2024-12-05 11:00:00,431.005479006279,376.2262905421929,60.0,54.77918846408613,0.0,0.0,0.0
2024-12-05 12:00:00,431.005479006279,435.5785615363763,64.33840701690988,0.0,0.0,4.573082530097281,0.0
2024-12-05 13:00:00,431.005479006279,457.3748516129032,89.35459038888501,0.0,0.0,26.36937260662421,0.0
2024-12-05 14:00:00,431.005479006279,435.5785615363763,93.6929974057949,0.0,0.0,4.573082530097281,0.0
2024-12-05 15:00:00,431.005479006279,376.2262905421929,60.0,22.815204563949223,0.0,0.0,31.96398390013691
2024-12-05 16:00:00,431.005479006279,294.7271973979516,60.0,136.2782816083274,0.0,0.0,0.0
2024-12-05 17:00:00,431.005479006279,209.40146590372873,60.0,221.60401310255028,0.0,0.0,0.0
2024-12-05 18:00:00,323.25410925470925,134.93594359023035,60.0,188.3181656644789,0.0,0.0,0.0
2024-12-05 19:00:00,323.25410925470925,78.861314643261,60.0,244.39279461144827,0.0,0.0,0.0
2024-12-05 20:00:00,134.68921218946218,41.80120529431809,60.0,92.88800689514409,0.0,0.0,0.0
2024-12-05 21:00:00,134.68921218946218,20.095648496331947,60.0,114.59356369313024,0.0,0.0,0.0
2024-12-05 22:00:00,134.68921218946218,8.762008626329829,60.0,125.92720356313235,0.0,0.0,0.0
2024-12-05 23:00:00,43.1005479006279,3.464924346935606,60.0,39.6356235536923,0.0,0.0,0.0
2024-12-06 00:00:00,43.1005479006279,0.11925993669614952,60.0,42.981287963931756,0.0,0.0,0.0
2024-12-06 01:00:00,43.1005479006279,0.4042399259859987,60.0,42.696307974641904,0.0,0.0,0.0
2024-12-06 02:00:00,43.1005479006279,1.242717077397027,60.0,41.85783082323088,0.0,0.0,0.0
2024-12-06 03:00:00,43.1005479006279,3.464924346935606,60.0,39.6356235536923,0.0,0.0,0.0
2024-12-06 04:00:00,43.1005479006279,8.762008626329829,60.0,34.33853927429807,0.0,0.0,0.0
2024-12-06 05:00:00,43.1005479006279,20.095648496331947,60.0,23.004899404295955,0.0,0.0,0.0
2024-12-06 06:00:00,161.62705462735462,41.80120529431809,60.0,119.82584933303653,0.0,0.0,0.0
2024-12-06 07:00:00,538.7568487578487,78.861314643261,60.0,459.89553411458775,0.0,0.0,0.0
2024-12-06 08:00:00,538.7568487578487,134.93594359023035,60.0,403.8209051676184,0.0,0.0,0.0
2024-12-06 09:00:00,538.7568487578487,209.40146590372873,60.0,329.35538285411997,0.0,0.0,0.0
2024-12-06 10:00:00,431.005479006279,294.7271973979516,60.0,136.2782816083274,0.0,0.0,0.0
2024-12-06 11:00:00,431.005479006279,376.2262905421929,60.0,54.77918846408613,0.0,0.0,0.0
2024-12-06 12:00:00,431.005479006279,435.5785615363763,64.33840701690988,0.0,0.0,4.573082530097281,0.0
2024-12-06 13:00:00,431.005479006279,457.3748516129032,89.35459038888501,0.0,0.0,26.36937260662421,0.0
2024-12-06 14:00:00,431.005479006279,435.5785615363763,93.6929974057949,0.0,0.0,4.573082530097281,0.0
2024-12-06 15:00:00,431.005479006279,376.2262905421929,60.0,22.815204563949223,0.0,0.0,31.96398390013691
2024-12-06 16:00:00,431.005479006279,294.7271973979516,60.0,136.2782816083274,0.0,0.0,0.0
2024-12-06 17:00:00,431.005479006279,209.40146590372873,60.0,221.60401310255028,0.0,0.0,0.0
2024-12-06 18:00:00,323.25410925470925,134.93594359023035,60.0,188.3181656644789,0.0,0.0,0.0
2024-12-06 19:00:00,323.25410925470925,78.861314643261,60.0,244.39279461144827,0.0,0.0,0.0
2024-12-06 20:00:00,134.68921218946218,41.80120529431809,60.0,92.88800689514409,0.0,0.0,0.0
2024-12-06 21:00:00,134.68921218946218,20.095648496331947,60.0,114.59356369313024,0.0,0.0,0.0
2024-12-06 22:00:00,134.68921218946218,8.762008626329829,60.0,125.92720356313235,0.0,0.0,0.0
2024-12-06 23:00:00,43.1005479006279,3.464924346935606,60.0,39.6356235536923,0.0,0.0,0.0
2024-12-07 00:00:00,43.1005479006279,0.11925993669614952,60.0,42.981287963931756,0.0,0.0,0.0
2024-12-07 01:00:00,43.1005479006279,0.4042399259859987,60.0,42.696307974641904,0.0,0.0,0.0
2024-12-07 02:00:00,43.1005479006279,1.242717077397027,60.0,41.85783082323088,0.0,0.0,0.0
2024-12-07 03:00:00,43.1005479006279,3.464924346935606,60.0,39.6356235536923,0.0,0.0,0.0
2024-12-07 04:00:00,43.1005479006279,8.762008626329829,60.0,34.33853927429807,0.0,0.0,0.0
2024-12-07 05:00:00,43.1005479006279,20.095648496331947,60.0,23.004899404295955,0.0,0.0,0.0
2024-12-07 06:00:00,161.62705462735462,41.80120529431809,60.0,119.82584933303653,0.0,0.0,0.0
2024-12-07 07:00:00,538.7568487578487,78.861314643261,60.0,459.89553411458775,0.0,0.0,0.0
2024-12-07 08:00:00,538.7568487578487,134.93594359023035,60.0,403.8209051676184,0.0,0.0,0.0
2024-12-07 09:00:00,538.7568487578487,209.40146590372873,60.0,329.35538285411997,0.0,0.0,0.0
2024-12-07 10:00:00,431.005479006279,294.7271973979516,60.0,136.2782816083274,0.0,0.0,0.0
2024-12-07 11:00:00,431.005479006279,376.2262905421929,60.0,54.77918846408613,0.0,0.0,0.0
2024-12-07 12:00:00,431.005479006279,435.5785615363763,64.33840701690988,0.0,0.0,4.573082530097281,0.0
2024-12-07 13:00:00,431.005479006279,457.3748516129032,89.35459038888501,0.0,0.0,26.36937260662421,0.0
2024-12-07 14:00:00,431.005479006279,435.5785615363763,93.6929974057949,0.0,0.0,4.573082530097281,0.0
2024-12-07 15:00:00,431.005479006279,376.2262905421929,60.0,22.815204563949223,0.0,0.0,31.96398390013691
2024-12-07 16:00:00,431.005479006279,294.7271973979516,60.0,136.2782816083274,0.0,0.0,0.0
2024-12-07 17:00:00,431.005479006279,209.40146590372873,60.0,221.60401310255028,0.0,0.0,0.0
2024-12-07 18:00:00,323.25410925470925,134.93594359023035,60.0,188.3181656644789,0.0,0.0,0.0
2024-12-07 19:00:00,323.25410925470925,78.861314643261,60.0,244.39279461144827,0.0,0.0,0.0
2024-12-07 20:00:00,134.68921218946218,41.80120529431809,60.0,92.88800689514409,0.0,0.0,0.0
2024-12-07 21:00:00,134.68921218946218,20.095648496331947,60.0,114.59356369313024,0.0,0.0,0.0
2024-12-07 22:00:00,134.68921218946218,8.762008626329829,60.0,125.92720356313235,0.0,0.0,0.0
2024-12-07 23:00:00,43.1005479006279,3.464924346935606,60.0,39.6356235536923,0.0,0.0,0.0
2024-12-08 00:00:00,43.10054790062791,0.11925993669614952,60.0,42.98128796393176,0.0,0.0,0.0
2024-12-08 01:00:00,43.10054790062791,0.4042399259859987,60.0,42.69630797464191,0.0,0.0,0.0
2024-12-08 02:00:00,43.10054790062791,1.242717077397027,60.0,41.857830823230884,0.0,0.0,0.0
2024-12-08 03:00:00,43.10054790062791,3.464924346935606,60.0,39.635623553692305,0.0,0.0,0.0
2024-12-08 04:00:00,43.10054790062791,8.762008626329829,60.0,34.33853927429808,0.0,0.0,0.0
2024-12-08 05:00:00,43.10054790062791,20.095648496331947,60.0,23.004899404295962,0.0,0.0,0.0
2024-12-08 06:00:00,161.62705462735462,41.80120529431809,60.0,119.82584933303653,0.0,0.0,0.0
2024-12-08 07:00:00,538.7568487578487,78.861314643261,60.0,459.89553411458775,0.0,0.0,0.0
2024-12-08 08:00:00,538.7568487578487,134.93594359023035,60.0,403.8209051676184,0.0,0.0,0.0
2024-12-08 09:00:00,538.7568487578487,209.40146590372873,60.0,329.35538285411997,0.0,0.0,0.0
2024-12-08 10:00:00,431.005479006279,294.7271973979516,60.0,136.2782816083274,0.0,0.0,0.0
2024-12-08 11:00:00,431.005479006279,376.2262905421929,60.0,54.77918846408613,0.0,0.0,0.0
2024-12-08 12:00:00,431.005479006279,435.5785615363763,64.33840701690988,0.0,0.0,4.573082530097281,0.0
2024-12-08 13:00:00,431.005479006279,457.3748516129032,89.35459038888501,0.0,0.0,26.36937260662421,0.0
2024-12-08 14:00:00,431.005479006279,435.5785615363763,93.6929974057949,0.0,0.0,4.573082530097281,0.0
2024-12-08 15:00:00,431.005479006279,376.2262905421929,60.0,22.815204563949223,0.0,0.0,31.96398390013691
2024-12-08 16:00:00,431.005479006279,294.7271973979516,60.0,136.2782816083274,0.0,0.0,0.0
2024-12-08 17:00:00,431.005479006279,209.40146590372873,60.0,221.60401310255028,0.0,0.0,0.0
2024-12-08 18:00:00,323.25410925470925,134.93594359023035,60.0,188.3181656644789,0.0,0.0,0.0
2024-12-08 19:00:00,323.25410925470925,78.861314643261,60.0,244.39279461144827,0.0,0.0,0.0
2024-12-08 20:00:00,134.68921218946218,41.80120529431809,60.0,92.88800689514409,0.0,0.0,0.0
2024-12-08 21:00:00,134.68921218946218,20.095648496331947,60.0,114.59356369313024,0.0,0.0,0.0
2024-12-08 22:00:00,134.68921218946218,8.762008626329829,60.0,125.92720356313235,0.0,0.0,0.0
2024-12-08 23:00:00,43.10054790062791,3.464924346935606,60.0,39.635623553692305,0.0,0.0,0.0
2024-12-09 00:00:00,43.10054790062791,0.11925993669614952,60.0,42.98128796393176,0.0,0.0,0.0
2024-12-09 01:00:00,43.10054790062791,0.4042399259859987,60.0,42.69630797464191,0.0,0.0,0.0
2024-12-09 02:00:00,43.10054790062791,1.242717077397027,60.0,41.857830823230884,0.0,0.0,0.0
2024-12-09 03:00:00,43.10054790062791,3.464924346935606,60.0,39.635623553692305,0.0,0.0,0.0
2024-12-09 04:00:00,43.10054790062791,8.762008626329829,60.0,34.33853927429808,0.0,0.0,0.0
2024-12-09 05:00:00,43.10054790062791,20.095648496331947,60.0,23.004899404295962,0.0,0.0,0.0
2024-12-09 06:00:00,161.62705462735462,41.80120529431809,60.0,119.82584933303653,0.0,0.0,0.0
2024-12-09 07:00:00,538.7568487578487,78.861314643261,60.0,459.89553411458775,0.0,0.0,0.0
2024-12-09 08:00:00,538.7568487578487,134.93594359023035,60.0,403.8209051676184,0.0,0.0,0.0
2024-12-09 09:00:00,538.7568487578487,209.40146590372873,60.0,329.35538285411997,0.0,0.0,0.0
2024-12-09 10:00:00,431.005479006279,294.7271973979516,60.0,136.2782816083274,0.0,0.0,0.0
2024-12-09 11:00:00,431.005479006279,376.2262905421929,60.0,54.77918846408613,0.0,0.0,0.0
2024-12-09 12:00:00,431.005479006279,435.5785615363763,64.33840701690988,0.0,0.0,4.573082530097281,0.0
2024-12-09 13:00:00,431.005479006279,457.3748516129032,89.35459038888501,0.0,0.0,26.36937260662421,0.0
2024-12-09 14:00:00,431.005479006279,435.5785615363763,93.6929974057949,0.0,0.0,4.573082530097281,0.0
2024-12-09 15:00:00,431.005479006279,376.2262905421929,60.0,22.815204563949223,0.0,0.0,31.96398390013691
2024-12-09 16:00:00,431.005479006279,294.7271973979516,60.0,136.2782816083274,0.0,0.0,0.0
2024-12-09 17:00:00,431.005479006279,209.40146590372873,60.0,221.60401310255028,0.0,0.0,0.0
2024-12-09 18:00:00,323.25410925470925,134.93594359023035,60.0,188.3181656644789,0.0,0.0,0.0
2024-12-09 19:00:00,323.25410925470925,78.861314643261,60.0,244.39279461144827,0.0,0.0,0.0
2024-12-09 20:00:00,134.68921218946218,41.80120529431809,60.0,92.88800689514409,0.0,0.0,0.0
2024-12-09 21:00:00,134.68921218946218,20.095648496331947,60.0,114.59356369313024,0.0,0.0,0.0
2024-12-09 22:00:00,134.68921218946218,8.762008626329829,60.0,125.92720356313235,0.0,0.0,0.0
2024-12-09 23:00:00,43.10054790062791,3.464924346935606,60.0,39.635623553692305,0.0,0.0,0.0
2024-12-10 00:00:00,43.1005479006279,0.11925993669614952,60.0,42.981287963931756,0.0,0.0,0.0
2024-12-10 01:00:00,43.1005479006279,0.4042399259859987,60.0,42.696307974641904,0.0,0.0,0.0
2024-12-10 02:00:00,43.1005479006279,1.242717077397027,60.0,41.85783082323088,0.0,0.0,0.0
2024-12-10 03:00:00,43.1005479006279,3.464924346935606,60.0,39.6356235536923,0.0,0.0,0.0
2024-12-10 04:00:00,43.1005479006279,8.762008626329829,60.0,34.33853927429807,0.0,0.0,0.0
2024-12-10 05:00:00,43.1005479006279,20.095648496331947,60.0,23.004899404295955,0.0,0.0,0.0
2024-12-10 06:00:00,161.62705462735462,41.80120529431809,60.0,119.82584933303653,0.0,0.0,0.0
2024-12-10 07:00:00,538.7568487578487,78.861314643261,60.0,459.89553411458775,0.0,0.0,0.0
2024-12-10 08:00:00,538.7568487578487,134.93594359023035,60.0,403.8209051676184,0.0,0.0,0.0
2024-12-10 09:00:00,538.7568487578487,209.40146590372873,60.0,329.35538285411997,0.0,0.0,0.0
2024-12-10 10:00:00,431.005479006279,294.7271973979516,60.0,136.2782816083274,0.0,0.0,0.0
2024-12-10 11:00:00,431.005479006279,376.2262905421929,60.0,54.77918846408613,0.0,0.0,0.0
2024-12-10 12:00:00,431.005479006279,435.5785615363763,64.33840701690988,0.0,0.0,4.573082530097281,0.0
2024-12-10 13:00:00,431.005479006279,457.3748516129032,89.35459038888501,0.0,0.0,26.36937260662421,0.0
2024-12-10 14:00:00,431.005479006279,435.5785615363763,93.6929974057949,0.0,0.0,4.573082530097281,0.0
2024-12-10 15:00:00,431.005479006279,376.2262905421929,60.0,22.815204563949223,0.0,0.0,31.96398390013691
2024-12-10 16:00:00,431.005479006279,294.7271973979516,60.0,136.2782816083274,0.0,0.0,0.0
2024-12-10 17:00:00,431.005479006279,209.40146590372873,60.0,221.60401310255028,0.0,0.0,0.0
2024-12-10 18:00:00,323.25410925470925,134.93594359023035,60.0,188.3181656644789,0.0,0.0,0.0
2024-12-10 19:00:00,323.25410925470925,78.861314643261,60.0,244.39279461144827,0.0,0.0,0.0
2024-12-10 20:00:00,134.68921218946218,41.80120529431809,60.0,92.88800689514409,0.0,0.0,0.0
2024-12-10 21:00:00,134.68921218946218,20.095648496331947,60.0,114.59356369313024,0.0,0.0,0.0
2024-12-10 22:00:00,134.68921218946218,8.762008626329829,60.0,125.92720356313235,0.0,0.0,0.0
2024-12-10 23:00:00,43.1005479006279,3.464924346935606,60.0,39.6356235536923,0.0,0.0,0.0
2024-12-11 00:00:00,43.1005479006279,0.11925993669614952,60.0,42.981287963931756,0.0,0.0,0.0
2024-12-11 01:00:00,43.1005479006279,0.4042399259859987,60.0,42.696307974641904,0.0,0.0,0.0
2024-12-11 02:00:00,43.1005479006279,1.242717077397027,60.0,41.85783082323088,0.0,0.0,0.0
2024-12-11 03:00:00,43.1005479006279,3.464924346935606,60.0,39.6356235536923,0.0,0.0,0.0
2024-12-11 04:00:00,43.1005479006279,8.762008626329829,60.0,34.33853927429807,0.0,0.0,0.0
2024-12-11 05:00:00,43.1005479006279,20.095648496331947,60.0,23.004899404295955,0.0,0.0,0.0
2024-12-11 06:00:00,161.62705462735462,41.80120529431809,60.0,119.82584933303653,0.0,0.0,0.0
2024-12-11 07:00:00,538.7568487578487,78.861314643261,60.0,459.89553411458775,0.0,0.0,0.0
2024-12-11 08:00:00,538.7568487578487,134.93594359023035,60.0,403.8209051676184,0.0,0.0,0.0
2024-12-11 09:00:00,538.7568487578487,209.40146590372873,60.0,329.35538285411997,0.0,0.0,0.0
2024-12-11 10:00:00,431.005479006279,294.7271973979516,60.0,136.2782816083274,0.0,0.0,0.0
2024-12-11 11:00:00,431.005479006279,376.2262905421929,60.0,54.77918846408613,0.0,0.0,0.0
2024-12-11 12:00:00,431.005479006279,435.5785615363763,64.33840701690988,0.0,0.0,4.573082530097281,0.0
2024-12-11 13:00:00,431.005479006279,457.3748516129032,89.35459038888501,0.0,0.0,26.36937260662421,0.0
2024-12-11 14:00:00,431.005479006279,435.5785615363763,93.6929974057949,0.0,0.0,4.573082530097281,0.0
2024-12-11 15:00:00,431.005479006279,376.2262905421929,60.0,22.815204563949223,0.0,0.0,31.96398390013691
2024-12-11 16:00:00,431.005479006279,294.7271973979516,60.0,136.2782816083274,0.0,0.0,0.0
2024-12-11 17:00:00,431.005479006279,209.40146590372873,60.0,221.60401310255028,0.0,0.0,0.0
2024-12-11 18:00:00,323.25410925470925,134.93594359023035,60.0,188.3181656644789,0.0,0.0,0.0
2024-12-11 19:00:00,323.25410925470925,78.861314643261,60.0,244.39279461144827,0.0,0.0,0.0
2024-12-11 20:00:00,134.68921218946218,41.80120529431809,60.0,92.88800689514409,0.0,0.0,0.0
2024-12-11 21:00:00,134.68921218946218,20.095648496331947,60.0,114.59356369313024,0.0,0.0,0.0
2024-12-11 22:00:00,134.68921218946218,8.762008626329829,60.0,125.92720356313235,0.0,0.0,0.0
2024-12-11 23:00:00,43.1005479006279,3.464924346935606,60.0,39.6356235536923,0.0,0.0,0.0
2024-12-12 00:00:00,43.1005479006279,0.11925993669614952,60.0,42.981287963931756,0.0,0.0,0.0
2024-12-12 01:00:00,43.1005479006279,0.4042399259859987,60.0,42.696307974641904,0.0,0.0,0.0
2024-12-12 02:00:00,43.1005479006279,1.242717077397027,60.0,41.85783082323088,0.0,0.0,0.0
2024-12-12 03:00:00,43.1005479006279,3.464924346935606,60.0,39.6356235536923,0.0,0.0,0.0
2024-12-12 04:00:00,43.1005479006279,8.762008626329829,60.0,34.33853927429807,0.0,0.0,0.0
2024-12-12 05:00:00,43.1005479006279,20.095648496331947,60.0,23.004899404295955,0.0,0.0,0.0
2024-12-12 06:00:00,161.62705462735462,41.80120529431809,60.0,119.82584933303653,0.0,0.0,0.0
2024-12-12 07:00:00,538.7568487578487,78.861314643261,60.0,459.89553411458775,0.0,0.0,0.0
2024-12-12 08:00:00,538.7568487578487,134.93594359023035,60.0,403.8209051676184,0.0,0.0,0.0
2024-12-12 09:00:00,538.7568487578487,209.40146590372873,60.0,329.35538285411997,0.0,0.0,0.0
2024-12-12 10:00:00,431.005479006279,294.7271973979516,60.0,136.2782816083274,0.0,0.0,0.0
2024-12-12 11:00:00,431.005479006279,376.2262905421929,60.0,54.77918846408613,0.0,0.0,0.0
2024-12-12 12:00:00,431.005479006279,435.5785615363763,64.33840701690988,0.0,0.0,4.573082530097281,0.0
2024-12-12 13:00:00,431.005479006279,457.3748516129032,89.35459038888501,0.0,0.0,26.36937260662421,0.0
2024-12-12 14:00:00,431.005479006279,435.5785615363763,93.6929974057949,0.0,0.0,4.573082530097281,0.0
2024-12-12 15:00:00,431.005479006279,376.2262905421929,60.0,22.815204563949223,0.0,0.0,31.96398390013691
2024-12-12 16:00:00,431.005479006279,294.7271973979516,60.0,136.2782816083274,0.0,0.0,0.0
2024-12-12 17:00:00,431.005479006279,209.40146590372873,60.0,221.60401310255028,0.0,0.0,0.0
2024-12-12 18:00:00,323.25410925470925,134.93594359023035,60.0,188.3181656644789,0.0,0.0,0.0
2024-12-12 19:00:00,323.25410925470925,78.861314643261,60.0,244.39279461144827,0.0,0.0,0.0
2024-12-12 20:00:00,134.68921218946218,41.80120529431809,60.0,92.88800689514409,0.0,0.0,0.0
2024-12-12 21:00:00,134.68921218946218,20.095648496331947,60.0,114.59356369313024,0.0,0.0,0.0
2024-12-12 22:00:00,134.68921218946218,8.762008626329829,60.0,125.92720356313235,0.0,0.0,0.0
2024-12-12 23:00:00,43.1005479006279,3.464924346935606,60.0,39.6356235536923,0.0,0.0,0.0
2024-12-13 00:00:00,43.1005479006279,0.11925993669614952,60.0,42.981287963931756,0.0,0.0,0.0
2024-12-13 01:00:00,43.1005479006279,0.4042399259859987,60.0,42.696307974641904,0.0,0.0,0.0
2024-12-13 02:00:00,43.1005479006279,1.242717077397027,60.0,41.85783082323088,0.0,0.0,0.0
2024-12-13 03:00:00,43.1005479006279,3.464924346935606,60.0,39.6356235536923,0.0,0.0,0.0
2024-12-13 04:00:00,43.1005479006279,8.762008626329829,60.0,34.33853927429807,0.0,0.0,0.0
2024-12-13 05:00:00,43.1005479006279,20.095648496331947,60.0,23.004899404295955,0.0,0.0,0.0
2024-12-13 06:00:00,161.62705462735462,41.80120529431809,60.0,119.82584933303653,0.0,0.0,0.0
2024-12-13 07:00:00,538.7568487578487,78.861314643261,60.0,459.89553411458775,0.0,0.0,0.0
2024-12-13 08:00:00,538.7568487578487,134.93594359023035,60.0,403.8209051676184,0.0,0.0,0.0
2024-12-13 09:00:00,538.7568487578487,209.40146590372873,60.0,329.35538285411997,0.0,0.0,0.0
2024-12-13 10:00:00,431.005479006279,294.7271973979516,60.0,136.2782816083274,0.0,0.0,0.0
2024-12-13 11:00:00,431.005479006279,376.2262905421929,60.0,54.77918846408613,0.0,0.0,0.0
2024-12-13 12:00:00,431.005479006279,435.5785615363763,64.33840701690988,0.0,0.0,4.573082530097281,0.0
2024-12-13 13:00:00,431.005479006279,457.3748516129032,89.35459038888501,0.0,0.0,26.36937260662421,0.0
2024-12-13 14:00:00,431.005479006279,435.5785615363763,93.6929974057949,0.0,0.0,4.573082530097281,0.0
2024-12-13 15:00:00,431.005479006279,376.2262905421929,60.0,22.815204563949223,0.0,0.0,31.96398390013691
2024-12-13 16:00:00,431.005479006279,294.7271973979516,60.0,136.2782816083274,0.0,0.0,0.0
2024-12-13 17:00:00,431.005479006279,209.40146590372873,60.0,221.60401310255028,0.0,0.0,0.0
2024-12-13 18:00:00,323.25410925470925,134.93594359023035,60.0,188.3181656644789,0.0,0.0,0.0
2024-12-13 19:00:00,323.25410925470925,78.861314643261,60.0,244.39279461144827,0.0,0.0,0.0
2024-12-13 20:00:00,134.68921218946218,41.80120529431809,60.0,92.88800689514409,0.0,0.0,0.0
2024-12-13 21:00:00,134.68921218946218,20.095648496331947,60.0,114.59356369313024,0.0,0.0,0.0
2024-12-13 22:00:00,134.68921218946218,8.762008626329829,60.0,125.92720356313235,0.0,0.0,0.0
2024-12-13 23:00:00,43.1005479006279,3.464924346935606,60.0,39.6356235536923,0.0,0.0,0.0
2024-12-14 00:00:00,43.1005479006279,0.11925993669614952,60.0,42.981287963931756,0.0,0.0,0.0
2024-12-14 01:00:00,43.1005479006279,0.4042399259859987,60.0,42.696307974641904,0.0,0.0,0.0
2024-12-14 02:00:00,43.1005479006279,1.242717077397027,60.0,41.85783082323088,0.0,0.0,0.0
2024-12-14 03:00:00,43.1005479006279,3.464924346935606,60.0,39.6356235536923,0.0,0.0,0.0
2024-12-14 04:00:00,43.1005479006279,8.762008626329829,60.0,34.33853927429807,0.0,0.0,0.0
2024-12-14 05:00:00,43.1005479006279,20.095648496331947,60.0,23.004899404295955,0.0,0.0,0.0
2024-12-14 06:00:00,161.62705462735462,41.80120529431809,60.0,119.82584933303653,0.0,0.0,0.0
2024-12-14 07:00:00,538.7568487578487,78.861314643261,60.0,459.89553411458775,0.0,0.0,0.0
2024-12-14 08:00:00,538.7568487578487,134.93594359023035,60.0,403.8209051676184,0.0,0.0,0.0
2024-12-14 09:00:00,538.7568487578487,209.40146590372873,60.0,329.35538285411997,0.0,0.0,0.0
2024-12-14 10:00:00,431.005479006279,294.7271973979516,60.0,136.2782816083274,0.0,0.0,0.0
2024-12-14 11:00:00,431.005479006279,376.2262905421929,60.0,54.77918846408613,0.0,0.0,0.0
2024-12-14 12:00:00,431.005479006279,435.5785615363763,64.33840701690988,0.0,0.0,4.573082530097281,0.0
2024-12-14 13:00:00,431.005479006279,457.3748516129032,89.35459038888501,0.0,0.0,26.36937260662421,0.0
2024-12-14 14:00:00,431.005479006279,435.5785615363763,93.6929974057949,0.0,0.0,4.573082530097281,0.0
2024-12-14 15:00:00,431.005479006279,376.2262905421929,60.0,22.815204563949223,0.0,0.0,31.96398390013691
2024-12-14 16:00:00,431.005479006279,294.7271973979516,60.0,136.2782816083274,0.0,0.0,0.0
2024-12-14 17:00:00,431.005479006279,209.40146590372873,60.0,221.60401310255028,0.0,0.0,0.0
2024-12-14 18:00:00,323.25410925470925,134.93594359023035,60.0,188.3181656644789,0.0,0.0,0.0
2024-12-14 19:00:00,323.25410925470925,78.861314643261,60.0,244.39279461144827,0.0,0.0,0.0
2024-12-14 20:00:00,134.68921218946218,41.80120529431809,60.0,92.88800689514409,0.0,0.0,0.0
2024-12-14 21:00:00,134.68921218946218,20.095648496331947,60.0,114.59356369313024,0.0,0.0,0.0
2024-12-14 22:00:00,134.68921218946218,8.762008626329829,60.0,125.92720356313235,0.0,0.0,0.0
2024-12-14 23:00:00,43.1005479006279,3.464924346935606,60.0,39.6356235536923,0.0,0.0,0.0
2024-12-15 00:00:00,43.10054790062791,0.11925993669614952,60.0,42.98128796393176,0.0,0.0,0.0
2024-12-15 01:00:00,43.10054790062791,0.4042399259859987,60.0,42.69630797464191,0.0,0.0,0.0
2024-12-15 02:00:00,43.10054790062791,1.242717077397027,60.0,41.857830823230884,0.0,0.0,0.0
2024-12-15 03:00:00,43.10054790062791,3.464924346935606,60.0,39.635623553692305,0.0,0.0,0.0
2024-12-15 04:00:00,43.10054790062791,8.762008626329829,60.0,34.33853927429808,0.0,0.0,0.0
2024-12-15 05:00:00,43.10054790062791,20.095648496331947,60.0,23.004899404295962,0.0,0.0,0.0
2024-12-15 06:00:00,161.62705462735462,41.80120529431809,60.0,119.82584933303653,0.0,0.0,0.0
2024-12-15 07:00:00,538.7568487578487,78.861314643261,60.0,459.89553411458775,0.0,0.0,0.0
2024-12-15 08:00:00,538.7568487578487,134.93594359023035,60.0,403.8209051676184,0.0,0.0,0.0
2024-12-15 09:00:00,538.7568487578487,209.40146590372873,60.0,329.35538285411997,0.0,0.0,0.0
2024-12-15 10:00:00,431.005479006279,294.7271973979516,60.0,136.2782816083274,0.0,0.0,0.0
2024-12-15 11:00:00,431.005479006279,376.2262905421929,60.0,54.77918846408613,0.0,0.0,0.0
2024-12-15 12:00:00,431.005479006279,435.5785615363763,64.33840701690988,0.0,0.0,4.573082530097281,0.0
2024-12-15 13:00:00,431.005479006279,457.3748516129032,89.35459038888501,0.0,0.0,26.36937260662421,0.0
2024-12-15 14:00:00,431.005479006279,435.5785615363763,93.6929974057949,0.0,0.0,4.573082530097281,0.0
2024-12-15 15:00:00,431.005479006279,376.2262905421929,60.0,22.815204563949223,0.0,0.0,31.96398390013691
2024-12-15 16:00:00,431.005479006279,294.7271973979516,60.0,136.2782816083274,0.0,0.0,0.0
2024-12-15 17:00:00,431.005479006279,209.40146590372873,60.0,221.60401310255028,0.0,0.0,0.0
2024-12-15 18:00:00,323.25410925470925,134.93594359023035,60.0,188.3181656644789,0.0,0.0,0.0
2024-12-15 19:00:00,323.25410925470925,78.861314643261,60.0,244.39279461144827,0.0,0.0,0.0
2024-12-15 20:00:00,134.68921218946218,41.80120529431809,60.0,92.88800689514409,0.0,0.0,0.0
2024-12-15 21:00:00,134.68921218946218,20.095648496331947,60.0,114.59356369313024,0.0,0.0,0.0
2024-12-15 22:00:00,134.68921218946218,8.762008626329829,60.0,125.92720356313235,0.0,0.0,0.0
2024-12-15 23:00:00,43.10054790062791,3.464924346935606,60.0,39.635623553692305,0.0,0.0,0.0
2024-12-16 00:00:00,43.10054790062791,0.11925993669614952,60.0,42.98128796393176,0.0,0.0,0.0
2024-12-16 01:00:00,43.10054790062791,0.4042399259859987,60.0,42.69630797464191,0.0,0.0,0.0
2024-12-16 02:00:00,43.10054790062791,1.242717077397027,60.0,41.857830823230884,0.0,0.0,0.0
2024-12-16 03:00:00,43.10054790062791,3.464924346935606,60.0,39.635623553692305,0.0,0.0,0.0
2024-12-16 04:00:00,43.10054790062791,8.762008626329829,60.0,34.33853927429808,0.0,0.0,0.0
2024-12-16 05:00:00,43.10054790062791,20.095648496331947,60.0,23.004899404295962,0.0,0.0,0.0
2024-12-16 06:00:00,161.62705462735462,41.80120529431809,60.0,119.82584933303653,0.0,0.0,0.0
2024-12-16 07:00:00,538.7568487578487,78.861314643261,60.0,459.89553411458775,0.0,0.0,0.0
2024-12-16 08:00:00,538.7568487578487,134.93594359023035,60.0,403.8209051676184,0.0,0.0,0.0
2024-12-16 09:00:00,538.7568487578487,209.40146590372873,60.0,329.35538285411997,0.0,0.0,0.0
2024-12-16 10:00:00,431.005479006279,294.7271973979516,60.0,136.2782816083274,0.0,0.0,0.0
2024-12-16 11:00:00,431.005479006279,376.2262905421929,60.0,54.77918846408613,0.0,0.0,0.0
2024-12-16 12:00:00,431.005479006279,435.5785615363763,64.33840701690988,0.0,0.0,4.573082530097281,0.0
2024-12-16 13:00:00,431.005479006279,457.3748516129032,89.35459038888501,0.0,0.0,26.36937260662421,0.0
2024-12-16 14:00:00,431.005479006279,435.5785615363763,93.6929974057949,0.0,0.0,4.573082530097281,0.0
2024-12-16 15:00:00,431.005479006279,376.2262905421929,60.0,22.815204563949223,0.0,0.0,31.96398390013691
2024-12-16 16:00:00,431.005479006279,294.7271973979516,60.0,136.2782816083274,0.0,0.0,0.0
2024-12-16 17:00:00,431.005479006279,209.40146590372873,60.0,221.60401310255028,0.0,0.0,0.0
2024-12-16 18:00:00,323.25410925470925,134.93594359023035,60.0,188.3181656644789,0.0,0.0,0.0
2024-12-16 19:00:00,323.25410925470925,78.861314643261,60.0,244.39279461144827,0.0,0.0,0.0
2024-12-16 20:00:00,134.68921218946218,41.80120529431809,60.0,92.88800689514409,0.0,0.0,0.0
2024-12-16 21:00:00,134.68921218946218,20.095648496331947,60.0,114.59356369313024,0.0,0.0,0.0
2024-12-16 22:00:00,134.68921218946218,8.762008626329829,60.0,125.92720356313235,0.0,0.0,0.0
2024-12-16 23:00:00,43.10054790062791,3.464924346935606,60.0,39.635623553692305,0.0,0.0,0.0
2024-12-17 00:00:00,43.1005479006279,0.11925993669614952,60.0,42.981287963931756,0.0,0.0,0.0
2024-12-17 01:00:00,43.1005479006279,0.4042399259859987,60.0,42.696307974641904,0.0,0.0,0.0
2024-12-17 02:00:00,43.1005479006279,1.242717077397027,60.0,41.85783082323088,0.0,0.0,0.0
2024-12-17 03:00:00,43.1005479006279,3.464924346935606,60.0,39.6356235536923,0.0,0.0,0.0
2024-12-17 04:00:00,43.1005479006279,8.762008626329829,60.0,34.33853927429807,0.0,0.0,0.0
2024-12-17 05:00:00,43.1005479006279,20.095648496331947,60.0,23.004899404295955,0.0,0.0,0.0
2024-12-17 06:00:00,161.62705462735462,41.80120529431809,60.0,119.82584933303653,0.0,0.0,0.0
2024-12-17 07:00:00,538.7568487578487,78.861314643261,60.0,459.89553411458775,0.0,0.0,0.0
2024-12-17 08:00:00,538.7568487578487,134.93594359023035,60.0,403.8209051676184,0.0,0.0,0.0
2024-12-17 09:00:00,538.7568487578487,209.40146590372873,60.0,329.35538285411997,0.0,0.0,0.0
2024-12-17 10:00:00,431.005479006279,294.7271973979516,60.0,136.2782816083274,0.0,0.0,0.0
2024-12-17 11:00:00,431.005479006279,376.2262905421929,60.0,54.77918846408613,0.0,0.0,0.0
2024-12-17 12:00:00,431.005479006279,435.5785615363763,64.33840701690988,0.0,0.0,4.573082530097281,0.0
2024-12-17 13:00:00,431.005479006279,457.3748516129032,89.35459038888501,0.0,0.0,26.36937260662421,0.0
2024-12-17 14:00:00,431.005479006279,435.5785615363763,93.6929974057949,0.0,0.0,4.573082530097281,0.0
2024-12-17 15:00:00,431.005479006279,376.2262905421929,60.0,22.815204563949223,0.0,0.0,31.96398390013691
2024-12-17 16:00:00,431.005479006279,294.7271973979516,60.0,136.2782816083274,0.0,0.0,0.0
2024-12-17 17:00:00,431.005479006279,209.40146590372873,60.0,221.60401310255028,0.0,0.0,0.0
2024-12-17 18:00:00,323.25410925470925,134.93594359023035,60.0,188.3181656644789,0.0,0.0,0.0
2024-12-17 19:00:00,323.25410925470925,78.861314643261,60.0,244.39279461144827,0.0,0.0,0.0
2024-12-17 20:00:00,134.68921218946218,41.80120529431809,60.0,92.88800689514409,0.0,0.0,0.0
2024-12-17 21:00:00,134.68921218946218,20.095648496331947,60.0,114.59356369313024,0.0,0.0,0.0
2024-12-17 22:00:00,134.68921218946218,8.762008626329829,60.0,125.92720356313235,0.0,0.0,0.0
2024-12-17 23:00:00,43.1005479006279,3.464924346935606,60.0,39.6356235536923,0.0,0.0,0.0
2024-12-18 00:00:00,43.1005479006279,0.11925993669614952,60.0,42.981287963931756,0.0,0.0,0.0
2024-12-18 01:00:00,43.1005479006279,0.4042399259859987,60.0,42.696307974641904,0.0,0.0,0.0
2024-12-18 02:00:00,43.1005479006279,1.242717077397027,60.0,41.85783082323088,0.0,0.0,0.0
2024-12-18 03:00:00,43.1005479006279,3.464924346935606,60.0,39.6356235536923,0.0,0.0,0.0
2024-12-18 04:00:00,43.1005479006279,8.762008626329829,60.0,34.33853927429807,0.0,0.0,0.0
2024-12-18 05:00:00,43.1005479006279,20.095648496331947,60.0,23.004899404295955,0.0,0.0,0.0
2024-12-18 06:00:00,161.62705462735462,41.80120529431809,60.0,119.82584933303653,0.0,0.0,0.0
2024-12-18 07:00:00,538.7568487578487,78.861314643261,60.0,459.89553411458775,0.0,0.0,0.0
2024-12-18 08:00:00,538.7568487578487,134.93594359023035,60.0,403.8209051676184,0.0,0.0,0.0
2024-12-18 09:00:00,538.7568487578487,209.40146590372873,60.0,329.35538285411997,0.0,0.0,0.0
2024-12-18 10:00:00,431.005479006279,294.7271973979516,60.0,136.2782816083274,0.0,0.0,0.0
2024-12-18 11:00:00,431.005479006279,376.2262905421929,60.0,54.77918846408613,0.0,0.0,0.0
2024-12-18 12:00:00,431.005479006279,435.5785615363763,64.33840701690988,0.0,0.0,4.573082530097281,0.0
2024-12-18 13:00:00,431.005479006279,457.3748516129032,89.35459038888501,0.0,0.0,26.36937260662421,0.0
2024-12-18 14:00:00,431.005479006279,435.5785615363763,93.6929974057949,0.0,0.0,4.573082530097281,0.0
2024-12-18 15:00:00,431.005479006279,376.2262905421929,60.0,22.815204563949223,0.0,0.0,31.96398390013691
2024-12-18 16:00:00,431.005479006279,294.7271973979516,60.0,136.2782816083274,0.0,0.0,0.0
2024-12-18 17:00:00,431.005479006279,209.40146590372873,60.0,221.60401310255028,0.0,0.0,0.0
2024-12-18 18:00:00,323.25410925470925,134.93594359023035,60.0,188.3181656644789,0.0,0.0,0.0
2024-12-18 19:00:00,323.25410925470925,78.861314643261,60.0,244.39279461144827,0.0,0.0,0.0
2024-12-18 20:00:00,134.68921218946218,41.80120529431809,60.0,92.88800689514409,0.0,0.0,0.0
2024-12-18 21:00:00,134.68921218946218,20.095648496331947,60.0,114.59356369313024,0.0,0.0,0.0
2024-12-18 22:00:00,134.68921218946218,8.762008626329829,60.0,125.92720356313235,0.0,0.0,0.0
2024-12-18 23:00:00,43.1005479006279,3.464924346935606,60.0,39.6356235536923,0.0,0.0,0.0
2024-12-19 00:00:00,43.1005479006279,0.11925993669614952,60.0,42.981287963931756,0.0,0.0,0.0
2024-12-19 01:00:00,43.1005479006279,0.4042399259859987,60.0,42.696307974641904,0.0,0.0,0.0
2024-12-19 02:00:00,43.1005479006279,1.242717077397027,60.0,41.85783082323088,0.0,0.0,0.0
2024-12-19 03:00:00,43.1005479006279,3.464924346935606,60.0,39.6356235536923,0.0,0.0,0.0
2024-12-19 04:00:00,43.1005479006279,8.762008626329829,60.0,34.33853927429807,0.0,0.0,0.0
2024-12-19 05:00:00,43.1005479006279,20.095648496331947,60.0,23.004899404295955,0.0,0.0,0.0
2024-12-19 06:00:00,161.62705462735462,41.80120529431809,60.0,119.82584933303653,0.0,0.0,0.0
2024-12-19 07:00:00,538.7568487578487,78.861314643261,60.0,459.89553411458775,0.0,0.0,0.0
2024-12-19 08:00:00,538.7568487578487,134.93594359023035,60.0,403.8209051676184,0.0,0.0,0.0
2024-12-19 09:00:00,538.7568487578487,209.40146590372873,60.0,329.35538285411997,0.0,0.0,0.0
2024-12-19 10:00:00,431.005479006279,294.7271973979516,60.0,136.2782816083274,0.0,0.0,0.0
2024-12-19 11:00:00,431.005479006279,376.2262905421929,60.0,54.77918846408613,0.0,0.0,0.0
2024-12-19 12:00:00,431.005479006279,435.5785615363763,64.33840701690988,0.0,0.0,4.573082530097281,0.0
2024-12-19 13:00:00,431.005479006279,457.3748516129032,89.35459038888501,0.0,0.0,26.36937260662421,0.0
2024-12-19 14:00:00,431.005479006279,435.5785615363763,93.6929974057949,0.0,0.0,4.573082530097281,0.0
2024-12-19 15:00:00,431.005479006279,376.2262905421929,60.0,22.815204563949223,0.0,0.0,31.96398390013691
2024-12-19 16:00:00,431.005479006279,294.7271973979516,60.0,136.2782816083274,0.0,0.0,0.0
2024-12-19 17:00:00,431.005479006279,209.40146590372873,60.0,221.60401310255028,0.0,0.0,0.0
2024-12-19 18:00:00,323.25410925470925,134.93594359023035,60.0,188.3181656644789,0.0,0.0,0.0
2024-12-19 19:00:00,323.25410925470925,78.861314643261,60.0,244.39279461144827,0.0,0.0,0.0
2024-12-19 20:00:00,134.68921218946218,41.80120529431809,60.0,92.88800689514409,0.0,0.0,0.0
2024-12-19 21:00:00,134.68921218946218,20.095648496331947,60.0,114.59356369313024,0.0,0.0,0.0
2024-12-19 22:00:00,134.68921218946218,8.762008626329829,60.0,125.92720356313235,0.0,0.0,0.0
2024-12-19 23:00:00,43.1005479006279,3.464924346935606,60.0,39.6356235536923,0.0,0.0,0.0
2024-12-20 00:00:00,43.1005479006279,0.11925993669614952,60.0,42.981287963931756,0.0,0.0,0.0
2024-12-20 01:00:00,43.1005479006279,0.4042399259859987,60.0,42.696307974641904,0.0,0.0,0.0
2024-12-20 02:00:00,43.1005479006279,1.242717077397027,60.0,41.85783082323088,0.0,0.0,0.0
2024-12-20 03:00:00,43.1005479006279,3.464924346935606,60.0,39.6356235536923,0.0,0.0,0.0
2024-12-20 04:00:00,43.1005479006279,8.762008626329829,60.0,34.33853927429807,0.0,0.0,0.0
2024-12-20 05:00:00,43.1005479006279,20.095648496331947,60.0,23.004899404295955,0.0,0.0,0.0
2024-12-20 06:00:00,161.62705462735462,41.80120529431809,60.0,119.82584933303653,0.0,0.0,0.0
2024-12-20 07:00:00,538.7568487578487,78.861314643261,60.0,459.89553411458775,0.0,0.0,0.0
2024-12-20 08:00:00,538.7568487578487,134.93594359023035,60.0,403.8209051676184,0.0,0.0,0.0
2024-12-20 09:00:00,538.7568487578487,209.40146590372873,60.0,329.35538285411997,0.0,0.0,0.0
2024-12-20 10:00:00,431.005479006279,294.7271973979516,60.0,136.2782816083274,0.0,0.0,0.0
2024-12-20 11:00:00,431.005479006279,376.2262905421929,60.0,54.77918846408613,0.0,0.0,0.0
2024-12-20 12:00:00,431.005479006279,435.5785615363763,64.33840701690988,0.0,0.0,4.573082530097281,0.0
2024-12-20 13:00:00,431.005479006279,457.3748516129032,89.35459038888501,0.0,0.0,26.36937260662421,0.0
2024-12-20 14:00:00,431.005479006279,435.5785615363763,93.6929974057949,0.0,0.0,4.573082530097281,0.0
2024-12-20 15:00:00,431.005479006279,376.2262905421929,60.0,22.815204563949223,0.0,0.0,31.96398390013691
2024-12-20 16:00:00,431.005479006279,294.7271973979516,60.0,136.2782816083274,0.0,0.0,0.0
2024-12-20 17:00:00,431.005479006279,209.40146590372873,60.0,221.60401310255028,0.0,0.0,0.0
2024-12-20 18:00:00,323.25410925470925,134.93594359023035,60.0,188.3181656644789,0.0,0.0,0.0
2024-12-20 19:00:00,323.25410925470925,78.861314643261,60.0,244.39279461144827,0.0,0.0,0.0
2024-12-20 20:00:00,134.68921218946218,41.80120529431809,60.0,92.88800689514409,0.0,0.0,0.0
2024-12-20 21:00:00,134.68921218946218,20.095648496331947,60.0,114.59356369313024,0.0,0.0,0.0
2024-12-20 22:00:00,134.68921218946218,8.762008626329829,60.0,125.92720356313235,0.0,0.0,0.0
2024-12-20 23:00:00,43.1005479006279,3.464924346935606,60.0,39.6356235536923,0.0,0.0,0.0
2024-12-21 00:00:00,43.1005479006279,0.11925993669614952,60.0,42.981287963931756,0.0,0.0,0.0
2024-12-21 01:00:00,43.1005479006279,0.4042399259859987,60.0,42.696307974641904,0.0,0.0,0.0
2024-12-21 02:00:00,43.1005479006279,1.242717077397027,60.0,41.85783082323088,0.0,0.0,0.0
2024-12-21 03:00:00,43.1005479006279,3.464924346935606,60.0,39.6356235536923,0.0,0.0,0.0
2024-12-21 04:00:00,43.1005479006279,8.762008626329829,60.0,34.33853927429807,0.0,0.0,0.0
2024-12-21 05:00:00,43.1005479006279,20.095648496331947,60.0,23.004899404295955,0.0,0.0,0.0
2024-12-21 06:00:00,161.62705462735462,41.80120529431809,60.0,119.82584933303653,0.0,0.0,0.0
2024-12-21 07:00:00,538.7568487578487,78.861314643261,60.0,459.89553411458775,0.0,0.0,0.0
2024-12-21 08:00:00,538.7568487578487,134.93594359023035,60.0,403.8209051676184,0.0,0.0,0.0
2024-12-21 09:00:00,538.7568487578487,209.40146590372873,60.0,329.35538285411997,0.0,0.0,0.0
2024-12-21 10:00:00,431.005479006279,294.7271973979516,60.0,136.2782816083274,0.0,0.0,0.0
2024-12-21 11:00:00,431.005479006279,376.2262905421929,60.0,54.77918846408613,0.0,0.0,0.0
2024-12-21 12:00:00,431.005479006279,435.5785615363763,64.33840701690988,0.0,0.0,4.573082530097281,0.0
2024-12-21 13:00:00,431.005479006279,457.3748516129032,89.35459038888501,0.0,0.0,26.36937260662421,0.0
2024-12-21 14:00:00,431.005479006279,435.5785615363763,93.6929974057949,0.0,0.0,4.573082530097281,0.0
2024-12-21 15:00:00,431.005479006279,376.2262905421929,60.0,22.815204563949223,0.0,0.0,31.96398390013691
2024-12-21 16:00:00,431.005479006279,294.7271973979516,60.0,136.2782816083274,0.0,0.0,0.0
2024-12-21 17:00:00,431.005479006279,209.40146590372873,60.0,221.60401310255028,0.0,0.0,0.0
2024-12-21 18:00:00,323.25410925470925,134.93594359023035,60.0,188.3181656644789,0.0,0.0,0.0
2024-12-21 19:00:00,323.25410925470925,78.861314643261,60.0,244.39279461144827,0.0,0.0,0.0
2024-12-21 20:00:00,134.68921218946218,41.80120529431809,60.0,92.88800689514409,0.0,0.0,0.0
2024-12-21 21:00:00,134.68921218946218,20.095648496331947,60.0,114.59356369313024,0.0,0.0,0.0
2024-12-21 22:00:00,134.68921218946218,8.762008626329829,60.0,125.92720356313235,0.0,0.0,0.0
2024-12-21 23:00:00,43.1005479006279,3.464924346935606,60.0,39.6356235536923,0.0,0.0,0.0
2024-12-22 00:00:00,43.10054790062791,0.11925993669614952,60.0,42.98128796393176,0.0,0.0,0.0
2024-12-22 01:00:00,43.10054790062791,0.4042399259859987,60.0,42.69630797464191,0.0,0.0,0.0
2024-12-22 02:00:00,43.10054790062791,1.242717077397027,60.0,41.857830823230884,0.0,0.0,0.0
2024-12-22 03:00:00,43.10054790062791,3.464924346935606,60.0,39.635623553692305,0.0,0.0,0.0
2024-12-22 04:00:00,43.10054790062791,8.762008626329829,60.0,34.33853927429808,0.0,0.0,0.0
2024-12-22 05:00:00,43.10054790062791,20.095648496331947,60.0,23.004899404295962,0.0,0.0,0.0
2024-12-22 06:00:00,161.62705462735462,41.80120529431809,60.0,119.82584933303653,0.0,0.0,0.0
2024-12-22 07:00:00,538.7568487578487,78.861314643261,60.0,459.89553411458775,0.0,0.0,0.0
2024-12-22 08:00:00,538.7568487578487,134.93594359023035,60.0,403.8209051676184,0.0,0.0,0.0
2024-12-22 09:00:00,538.7568487578487,209.40146590372873,60.0,329.35538285411997,0.0,0.0,0.0
2024-12-22 10:00:00,431.005479006279,294.7271973979516,60.0,136.2782816083274,0.0,0.0,0.0
2024-12-22 11:00:00,431.005479006279,376.2262905421929,60.0,54.77918846408613,0.0,0.0,0.0
2024-12-22 12:00:00,431.005479006279,435.5785615363763,64.33840701690988,0.0,0.0,4.573082530097281,0.0
2024-12-22 13:00:00,431.005479006279,457.3748516129032,89.35459038888501,0.0,0.0,26.36937260662421,0.0
2024-12-22 14:00:00,431.005479006279,435.5785615363763,93.6929974057949,0.0,0.0,4.573082530097281,0.0
2024-12-22 15:00:00,431.005479006279,376.2262905421929,60.0,22.815204563949223,0.0,0.0,31.96398390013691
2024-12-22 16:00:00,431.005479006279,294.7271973979516,60.0,136.2782816083274,0.0,0.0,0.0
2024-12-22 17:00:00,431.005479006279,209.40146590372873,60.0,221.60401310255028,0.0,0.0,0.0
2024-12-22 18:00:00,323.25410925470925,134.93594359023035,60.0,188.3181656644789,0.0,0.0,0.0
2024-12-22 19:00:00,323.25410925470925,78.861314643261,60.0,244.39279461144827,0.0,0.0,0.0
2024-12-22 20:00:00,134.68921218946218,41.80120529431809,60.0,92.88800689514409,0.0,0.0,0.0
2024-12-22 21:00:00,134.68921218946218,20.095648496331947,60.0,114.59356369313024,0.0,0.0,0.0
2024-12-22 22:00:00,134.68921218946218,8.762008626329829,60.0,125.92720356313235,0.0,0.0,0.0
2024-12-22 23:00:00,43.10054790062791,3.464924346935606,60.0,39.635623553692305,0.0,0.0,0.0
2024-12-23 00:00:00,43.10054790062791,0.11925993669614952,60.0,42.98128796393176,0.0,0.0,0.0
2024-12-23 01:00:00,43.10054790062791,0.4042399259859987,60.0,42.69630797464191,0.0,0.0,0.0
2024-12-23 02:00:00,43.10054790062791,1.242717077397027,60.0,41.857830823230884,0.0,0.0,0.0
2024-12-23 03:00:00,43.10054790062791,3.464924346935606,60.0,39.635623553692305,0.0,0.0,0.0
2024-12-23 04:00:00,43.10054790062791,8.762008626329829,60.0,34.33853927429808,0.0,0.0,0.0
2024-12-23 05:00:00,43.10054790062791,20.095648496331947,60.0,23.004899404295962,0.0,0.0,0.0
2024-12-23 06:00:00,161.62705462735462,41.80120529431809,60.0,119.82584933303653,0.0,0.0,0.0
2024-12-23 07:00:00,538.7568487578487,78.861314643261,60.0,459.89553411458775,0.0,0.0,0.0
2024-12-23 08:00:00,538.7568487578487,134.93594359023035,60.0,403.8209051676184,0.0,0.0,0.0
2024-12-23 09:00:00,538.7568487578487,209.40146590372873,60.0,329.35538285411997,0.0,0.0,0.0
2024-12-23 10:00:00,431.005479006279,294.7271973979516,60.0,136.2782816083274,0.0,0.0,0.0
2024-12-23 11:00:00,431.005479006279,376.2262905421929,60.0,54.77918846408613,0.0,0.0,0.0
2024-12-23 12:00:00,431.005479006279,435.5785615363763,64.33840701690988,0.0,0.0,4.573082530097281,0.0
2024-12-23 13:00:00,431.005479006279,457.3748516129032,89.35459038888501,0.0,0.0,26.36937260662421,0.0
2024-12-23 14:00:00,431.005479006279,435.5785615363763,93.6929974057949,0.0,0.0,4.573082530097281,0.0
2024-12-23 15:00:00,431.005479006279,376.2262905421929,60.0,22.815204563949223,0.0,0.0,31.96398390013691
2024-12-23 16:00:00,431.005479006279,294.7271973979516,60.0,136.2782816083274,0.0,0.0,0.0
2024-12-23 17:00:00,431.005479006279,209.40146590372873,60.0,221.60401310255028,0.0,0.0,0.0
2024-12-23 18:00:00,323.25410925470925,134.93594359023035,60.0,188.3181656644789,0.0,0.0,0.0
2024-12-23 19:00:00,323.25410925470925,78.861314643261,60.0,244.39279461144827,0.0,0.0,0.0
2024-12-23 20:00:00,134.68921218946218,41.80120529431809,60.0,92.88800689514409,0.0,0.0,0.0
2024-12-23 21:00:00,134.68921218946218,20.095648496331947,60.0,114.59356369313024,0.0,0.0,0.0
2024-12-23 22:00:00,134.68921218946218,8.762008626329829,60.0,125.92720356313235,0.0,0.0,0.0
2024-12-23 23:00:00,43.10054790062791,3.464924346935606,60.0,39.635623553692305,0.0,0.0,0.0
2024-12-24 00:00:00,43.1005479006279,0.11925993669614952,60.0,42.981287963931756,0.0,0.0,0.0
2024-12-24 01:00:00,43.1005479006279,0.4042399259859987,60.0,42.696307974641904,0.0,0.0,0.0
2024-12-24 02:00:00,43.1005479006279,1.242717077397027,60.0,41.85783082323088,0.0,0.0,0.0
2024-12-24 03:00:00,43.1005479006279,3.464924346935606,60.0,39.6356235536923,0.0,0.0,0.0
2024-12-24 04:00:00,43.1005479006279,8.762008626329829,60.0,34.33853927429807,0.0,0.0,0.0
2024-12-24 05:00:00,43.1005479006279,20.095648496331947,60.0,23.004899404295955,0.0,0.0,0.0
2024-12-24 06:00:00,161.62705462735462,41.80120529431809,60.0,119.82584933303653,0.0,0.0,0.0
2024-12-24 07:00:00,538.7568487578487,78.861314643261,60.0,459.89553411458775,0.0,0.0,0.0
2024-12-24 08:00:00,538.7568487578487,134.93594359023035,60.0,403.8209051676184,0.0,0.0,0.0
2024-12-24 09:00:00,538.7568487578487,209.40146590372873,60.0,329.35538285411997,0.0,0.0,0.0
2024-12-24 10:00:00,431.005479006279,294.7271973979516,60.0,136.2782816083274,0.0,0.0,0.0
2024-12-24 11:00:00,431.005479006279,376.2262905421929,60.0,54.77918846408613,0.0,0.0,0.0
2024-12-24 12:00:00,431.005479006279,435.5785615363763,64.33840701690988,0.0,0.0,4.573082530097281,0.0
2024-12-24 13:00:00,431.005479006279,457.3748516129032,89.35459038888501,0.0,0.0,26.36937260662421,0.0
2024-12-24 14:00:00,431.005479006279,435.5785615363763,93.6929974057949,0.0,0.0,4.573082530097281,0.0
2024-12-24 15:00:00,431.005479006279,376.2262905421929,60.0,22.815204563949223,0.0,0.0,31.96398390013691
2024-12-24 16:00:00,431.005479006279,294.7271973979516,60.0,136.2782816083274,0.0,0.0,0.0
2024-12-24 17:00:00,431.005479006279,209.40146590372873,60.0,221.60401310255028,0.0,0.0,0.0
2024-12-24 18:00:00,323.25410925470925,134.93594359023035,60.0,188.3181656644789,0.0,0.0,0.0
2024-12-24 19:00:00,323.25410925470925,78.861314643261,60.0,244.39279461144827,0.0,0.0,0.0
2024-12-24 20:00:00,134.68921218946218,41.80120529431809,60.0,92.88800689514409,0.0,0.0,0.0
2024-12-24 21:00:00,134.68921218946218,20.095648496331947,60.0,114.59356369313024,0.0,0.0,0.0
2024-12-24 22:00:00,134.68921218946218,8.762008626329829,60.0,125.92720356313235,0.0,0.0,0.0
2024-12-24 23:00:00,43.1005479006279,3.464924346935606,60.0,39.6356235536923,0.0,0.0,0.0
2024-12-25 00:00:00,43.1005479006279,0.11925993669614952,60.0,42.981287963931756,0.0,0.0,0.0
2024-12-25 01:00:00,43.1005479006279,0.4042399259859987,60.0,42.696307974641904,0.0,0.0,0.0
2024-12-25 02:00:00,43.1005479006279,1.242717077397027,60.0,41.85783082323088,0.0,0.0,0.0
2024-12-25 03:00:00,43.1005479006279,3.464924346935606,60.0,39.6356235536923,0.0,0.0,0.0
2024-12-25 04:00:00,43.1005479006279,8.762008626329829,60.0,34.33853927429807,0.0,0.0,0.0
2024-12-25 05:00:00,43.1005479006279,20.095648496331947,60.0,23.004899404295955,0.0,0.0,0.0
2024-12-25 06:00:00,161.62705462735462,41.80120529431809,60.0,119.82584933303653,0.0,0.0,0.0
2024-12-25 07:00:00,538.7568487578487,78.861314643261,60.0,459.89553411458775,0.0,0.0,0.0
2024-12-25 08:00:00,538.7568487578487,134.93594359023035,60.0,403.8209051676184,0.0,0.0,0.0
2024-12-25 09:00:00,538.7568487578487,209.40146590372873,60.0,329.35538285411997,0.0,0.0,0.0
2024-12-25 10:00:00,431.005479006279,294.7271973979516,60.0,136.2782816083274,0.0,0.0,0.0
2024-12-25 11:00:00,431.005479006279,376.2262905421929,60.0,54.77918846408613,0.0,0.0,0.0
2024-12-25 12:00:00,431.005479006279,435.5785615363763,64.33840701690988,0.0,0.0,4.573082530097281,0.0
2024-12-25 13:00:00,431.005479006279,457.3748516129032,89.35459038888501,0.0,0.0,26.36937260662421,0.0
2024-12-25 14:00:00,431.005479006279,435.5785615363763,93.6929974057949,0.0,0.0,4.573082530097281,0.0
2024-12-25 15:00:00,431.005479006279,376.2262905421929,60.0,22.815204563949223,0.0,0.0,31.96398390013691
2024-12-25 16:00:00,431.005479006279,294.7271973979516,60.0,136.2782816083274,0.0,0.0,0.0
2024-12-25 17:00:00,431.005479006279,209.40146590372873,60.0,221.60401310255028,0.0,0.0,0.0
2024-12-25 18:00:00,323.25410925470925,134.93594359023035,60.0,188.3181656644789,0.0,0.0,0.0
2024-12-25 19:00:00,323.25410925470925,78.861314643261,60.0,244.39279461144827,0.0,0.0,0.0
2024-12-25 20:00:00,134.68921218946218,41.80120529431809,60.0,92.88800689514409,0.0,0.0,0.0
2024-12-25 21:00:00,134.68921218946218,20.095648496331947,60.0,114.59356369313024,0.0,0.0,0.0
2024-12-25 22:00:00,134.68921218946218,8.762008626329829,60.0,125.92720356313235,0.0,0.0,0.0
2024-12-25 23:00:00,43.1005479006279,3.464924346935606,60.0,39.6356235536923,0.0,0.0,0.0
2024-12-26 00:00:00,43.1005479006279,0.11925993669614952,60.0,42.981287963931756,0.0,0.0,0.0
2024-12-26 01:00:00,43.1005479006279,0.4042399259859987,60.0,42.696307974641904,0.0,0.0,0.0
2024-12-26 02:00:00,43.1005479006279,1.242717077397027,60.0,41.85783082323088,0.0,0.0,0.0
2024-12-26 03:00:00,43.1005479006279,3.464924346935606,60.0,39.6356235536923,0.0,0.0,0.0
2024-12-26 04:00:00,43.1005479006279,8.762008626329829,60.0,34.33853927429807,0.0,0.0,0.0
2024-12-26 05:00:00,43.1005479006279,20.095648496331947,60.0,23.004899404295955,0.0,0.0,0.0
2024-12-26 06:00:00,161.62705462735462,41.80120529431809,60.0,119.82584933303653,0.0,0.0,0.0
2024-12-26 07:00:00,538.7568487578487,78.861314643261,60.0,459.89553411458775,0.0,0.0,0.0
2024-12-26 08:00:00,538.7568487578487,134.93594359023035,60.0,403.8209051676184,0.0,0.0,0.0
2024-12-26 09:00:00,538.7568487578487,209.40146590372873,60.0,329.35538285411997,0.0,0.0,0.0
2024-12-26 10:00:00,431.005479006279,294.7271973979516,60.0,136.2782816083274,0.0,0.0,0.0
2024-12-26 11:00:00,431.005479006279,376.2262905421929,60.0,54.77918846408613,0.0,0.0,0.0
2024-12-26 12:00:00,431.005479006279,435.5785615363763,64.33840701690988,0.0,0.0,4.573082530097281,0.0
2024-12-26 13:00:00,431.005479006279,457.3748516129032,89.35459038888501,0.0,0.0,26.36937260662421,0.0
2024-12-26 14:00:00,431.005479006279,435.5785615363763,93.6929974057949,0.0,0.0,4.573082530097281,0.0
2024-12-26 15:00:00,431.005479006279,376.2262905421929,60.0,22.815204563949223,0.0,0.0,31.96398390013691
2024-12-26 16:00:00,431.005479006279,294.7271973979516,60.0,136.2782816083274,0.0,0.0,0.0
2024-12-26 17:00:00,431.005479006279,209.40146590372873,60.0,221.60401310255028,0.0,0.0,0.0
2024-12-26 18:00:00,323.25410925470925,134.93594359023035,60.0,188.3181656644789,0.0,0.0,0.0
2024-12-26 19:00:00,323.25410925470925,78.861314643261,60.0,244.39279461144827,0.0,0.0,0.0
2024-12-26 20:00:00,134.68921218946218,41.80120529431809,60.0,92.88800689514409,0.0,0.0,0.0
2024-12-26 21:00:00,134.68921218946218,20.095648496331947,60.0,114.59356369313024,0.0,0.0,0.0
2024-12-26 22:00:00,134.68921218946218,8.762008626329829,60.0,125.92720356313235,0.0,0.0,0.0
2024-12-26 23:00:00,43.1005479006279,3.464924346935606,60.0,39.6356235536923,0.0,0.0,0.0
2024-12-27 00:00:00,43.1005479006279,0.11925993669614952,60.0,42.981287963931756,0.0,0.0,0.0
2024-12-27 01:00:00,43.1005479006279,0.4042399259859987,60.0,42.696307974641904,0.0,0.0,0.0
2024-12-27 02:00:00,43.1005479006279,1.242717077397027,60.0,41.85783082323088,0.0,0.0,0.0
2024-12-27 03:00:00,43.1005479006279,3.464924346935606,60.0,39.6356235536923,0.0,0.0,0.0
2024-12-27 04:00:00,43.1005479006279,8.762008626329829,60.0,34.33853927429807,0.0,0.0,0.0
2024-12-27 05:00:00,43.1005479006279,20.095648496331947,60.0,23.004899404295955,0.0,0.0,0.0
2024-12-27 06:00:00,161.62705462735462,41.80120529431809,60.0,119.82584933303653,0.0,0.0,0.0
2024-12-27 07:00:00,538.7568487578487,78.861314643261,60.0,459.89553411458775,0.0,0.0,0.0
2024-12-27 08:00:00,538.7568487578487,134.93594359023035,60.0,403.8209051676184,0.0,0.0,0.0
2024-12-27 09:00:00,538.7568487578487,209.40146590372873,60.0,329.35538285411997,0.0,0.0,0.0
2024-12-27 10:00:00,431.005479006279,294.7271973979516,60.0,136.2782816083274,0.0,0.0,0.0
2024-12-27 11:00:00,431.005479006279,376.2262905421929,60.0,54.77918846408613,0.0,0.0,0.0
2024-12-27 12:00:00,431.005479006279,435.5785615363763,64.33840701690988,0.0,0.0,4.573082530097281,0.0
2024-12-27 13:00:00,431.005479006279,457.3748516129032,89.35459038888501,0.0,0.0,26.36937260662421,0.0
2024-12-27 14:00:00,431.005479006279,435.5785615363763,93.6929974057949,0.0,0.0,4.573082530097281,0.0
2024-12-27 15:00:00,431.005479006279,376.2262905421929,60.0,22.815204563949223,0.0,0.0,31.96398390013691
2024-12-27 16:00:00,431.005479006279,294.7271973979516,60.0,136.2782816083274,0.0,0.0,0.0
2024-12-27 17:00:00,431.005479006279,209.40146590372873,60.0,221.60401310255028,0.0,0.0,0.0
2024-12-27 18:00:00,323.25410925470925,134.93594359023035,60.0,188.3181656644789,0.0,0.0,0.0
2024-12-27 19:00:00,323.25410925470925,78.861314643261,60.0,244.39279461144827,0.0,0.0,0.0
2024-12-27 20:00:00,134.68921218946218,41.80120529431809,60.0,92.88800689514409,0.0,0.0,0.0
2024-12-27 21:00:00,134.68921218946218,20.095648496331947,60.0,114.59356369313024,0.0,0.0,0.0
2024-12-27 22:00:00,134.68921218946218,8.762008626329829,60.0,125.92720356313235,0.0,0.0,0.0
2024-12-27 23:00:00,43.1005479006279,3.464924346935606,60.0,39.6356235536923,0.0,0.0,0.0
2024-12-28 00:00:00,43.1005479006279,0.11925993669614952,60.0,42.981287963931756,0.0,0.0,0.0
2024-12-28 01:00:00,43.1005479006279,0.4042399259859987,60.0,42.696307974641904,0.0,0.0,0.0
2024-12-28 02:00:00,43.1005479006279,1.242717077397027,60.0,41.85783082323088,0.0,0.0,0.0
2024-12-28 03:00:00,43.1005479006279,3.464924346935606,60.0,39.6356235536923,0.0,0.0,0.0
2024-12-28 04:00:00,43.1005479006279,8.762008626329829,60.0,34.33853927429807,0.0,0.0,0.0
2024-12-28 05:00:00,43.1005479006279,20.095648496331947,60.0,23.004899404295955,0.0,0.0,0.0
2024-12-28 06:00:00,161.62705462735462,41.80120529431809,60.0,119.82584933303653,0.0,0.0,0.0
2024-12-28 07:00:00,538.7568487578487,78.861314643261,60.0,459.89553411458775,0.0,0.0,0.0
2024-12-28 08:00:00,538.7568487578487,134.93594359023035,60.0,403.8209051676184,0.0,0.0,0.0
2024-12-28 09:00:00,538.7568487578487,209.40146590372873,60.0,329.35538285411997,0.0,0.0,0.0
2024-12-28 10:00:00,431.005479006279,294.7271973979516,60.0,136.2782816083274,0.0,0.0,0.0
2024-12-28 11:00:00,431.005479006279,376.2262905421929,60.0,54.77918846408613,0.0,0.0,0.0
2024-12-28 12:00:00,431.005479006279,435.5785615363763,64.33840701690988,0.0,0.0,4.573082530097281,0.0
2024-12-28 13:00:00,431.005479006279,457.3748516129032,89.35459038888501,0.0,0.0,26.36937260662421,0.0
2024-12-28 14:00:00,431.005479006279,435.5785615363763,93.6929974057949,0.0,0.0,4.573082530097281,0.0
2024-12-28 15:00:00,431.005479006279,376.2262905421929,60.0,22.815204563949223,0.0,0.0,31.96398390013691
2024-12-28 16:00:00,431.005479006279,294.7271973979516,60.0,136.2782816083274,0.0,0.0,0.0
2024-12-28 17:00:00,431.005479006279,209.40146590372873,60.0,221.60401310255028,0.0,0.0,0.0
2024-12-28 18:00:00,323.25410925470925,134.93594359023035,60.0,188.3181656644789,0.0,0.0,0.0
2024-12-28 19:00:00,323.25410925470925,78.861314643261,60.0,244.39279461144827,0.0,0.0,0.0
2024-12-28 20:00:00,134.68921218946218,41.80120529431809,60.0,92.88800689514409,0.0,0.0,0.0
2024-12-28 21:00:00,134.68921218946218,20.095648496331947,60.0,114.59356369313024,0.0,0.0,0.0
2024-12-28 22:00:00,134.68921218946218,8.762008626329829,60.0,125.92720356313235,0.0,0.0,0.0
2024-12-28 23:00:00,43.1005479006279,3.464924346935606,60.0,39.6356235536923,0.0,0.0,0.0
2024-12-29 00:00:00,43.10054790062791,0.11925993669614952,60.0,42.98128796393176,0.0,0.0,0.0
2024-12-29 01:00:00,43.10054790062791,0.4042399259859987,60.0,42.69630797464191,0.0,0.0,0.0
2024-12-29 02:00:00,43.10054790062791,1.242717077397027,60.0,41.857830823230884,0.0,0.0,0.0
2024-12-29 03:00:00,43.10054790062791,3.464924346935606,60.0,39.635623553692305,0.0,0.0,0.0
2024-12-29 04:00:00,43.10054790062791,8.762008626329829,60.0,34.33853927429808,0.0,0.0,0.0
2024-12-29 05:00:00,43.10054790062791,20.095648496331947,60.0,23.004899404295962,0.0,0.0,0.0
2024-12-29 06:00:00,161.62705462735462,41.80120529431809,60.0,119.82584933303653,0.0,0.0,0.0
2024-12-29 07:00:00,538.7568487578487,78.861314643261,60.0,459.89553411458775,0.0,0.0,0.0
2024-12-29 08:00:00,538.7568487578487,134.93594359023035,60.0,403.8209051676184,0.0,0.0,0.0
2024-12-29 09:00:00,538.7568487578487,209.40146590372873,60.0,329.35538285411997,0.0,0.0,0.0
2024-12-29 10:00:00,431.005479006279,294.7271973979516,60.0,136.2782816083274,0.0,0.0,0.0
2024-12-29 11:00:00,431.005479006279,376.2262905421929,60.0,54.77918846408613,0.0,0.0,0.0
2024-12-29 12:00:00,431.005479006279,435.5785615363763,64.33840701690988,0.0,0.0,4.573082530097281,0.0
2024-12-29 13:00:00,431.005479006279,457.3748516129032,89.35459038888501,0.0,0.0,26.36937260662421,0.0
2024-12-29 14:00:00,431.005479006279,435.5785615363763,93.6929974057949,0.0,0.0,4.573082530097281,0.0
2024-12-29 15:00:00,431.005479006279,376.2262905421929,60.0,22.815204563949223,0.0,0.0,31.96398390013691
2024-12-29 16:00:00,431.005479006279,294.7271973979516,60.0,136.2782816083274,0.0,0.0,0.0
2024-12-29 17:00:00,431.005479006279,209.40146590372873,60.0,221.60401310255028,0.0,0.0,0.0
2024-12-29 18:00:00,323.25410925470925,134.93594359023035,60.0,188.3181656644789,0.0,0.0,0.0
2024-12-29 19:00:00,323.25410925470925,78.861314643261,60.0,244.39279461144827,0.0,0.0,0.0
2024-12-29 20:00:00,134.68921218946218,41.80120529431809,60.0,92.88800689514409,0.0,0.0,0.0
2024-12-29 21:00:00,134.68921218946218,20.095648496331947,60.0,114.59356369313024,0.0,0.0,0.0
2024-12-29 22:00:00,134.68921218946218,8.762008626329829,60.0,125.92720356313235,0.0,0.0,0.0
2024-12-29 23:00:00,43.10054790062791,3.464924346935606,60.0,39.635623553692305,0.0,0.0,0.0
2024-12-30 00:00:00,43.10054790062791,0.11925993669614952,60.0,42.98128796393176,0.0,0.0,0.0
2024-12-30 01:00:00,43.10054790062791,0.4042399259859987,60.0,42.69630797464191,0.0,0.0,0.0
2024-12-30 02:00:00,43.10054790062791,1.242717077397027,60.0,41.857830823230884,0.0,0.0,0.0
2024-12-30 03:00:00,43.10054790062791,3.464924346935606,60.0,39.635623553692305,0.0,0.0,0.0
2024-12-30 04:00:00,43.10054790062791,8.762008626329829,60.0,34.33853927429808,0.0,0.0,0.0
2024-12-30 05:00:00,43.10054790062791,20.095648496331947,60.0,23.004899404295962,0.0,0.0,0.0
2024-12-30 06:00:00,161.62705462735462,41.80120529431809,60.0,119.82584933303653,0.0,0.0,0.0
2024-12-30 07:00:00,538.7568487578487,78.861314643261,60.0,459.89553411458775,0.0,0.0,0.0
2024-12-30 08:00:00,538.7568487578487,134.93594359023035,60.0,403.8209051676184,0.0,0.0,0.0
2024-12-30 09:00:00,538.7568487578487,209.40146590372873,60.0,329.35538285411997,0.0,0.0,0.0
2024-12-30 10:00:00,431.005479006279,294.7271973979516,60.0,136.2782816083274,0.0,0.0,0.0
2024-12-30 11:00:00,431.005479006279,376.2262905421929,60.0,54.77918846408613,0.0,0.0,0.0
2024-12-30 12:00:00,431.005479006279,435.5785615363763,64.33840701690988,0.0,0.0,4.573082530097281,0.0
2024-12-30 13:00:00,431.005479006279,457.3748516129032,89.35459038888501,0.0,0.0,26.36937260662421,0.0
2024-12-30 14:00:00,431.005479006279,435.5785615363763,93.6929974057949,0.0,0.0,4.573082530097281,0.0
2024-12-30 15:00:00,431.005479006279,376.2262905421929,60.0,22.815204563949223,0.0,0.0,31.96398390013691
2024-12-30 16:00:00,431.005479006279,294.7271973979516,60.0,136.2782816083274,0.0,0.0,0.0
2024-12-30 17:00:00,431.005479006279,209.40146590372873,60.0,221.60401310255028,0.0,0.0,0.0
2024-12-30 18:00:00,323.25410925470925,134.93594359023035,60.0,188.3181656644789,0.0,0.0,0.0
2024-12-30 19:00:00,323.25410925470925,78.861314643261,60.0,244.39279461144827,0.0,0.0,0.0
2024-12-30 20:00:00,134.68921218946218,41.80120529431809,60.0,92.88800689514409,0.0,0.0,0.0
2024-12-30 21:00:00,134.68921218946218,20.095648496331947,60.0,114.59356369313024,0.0,0.0,0.0
2024-12-30 22:00:00,134.68921218946218,8.762008626329829,60.0,125.92720356313235,0.0,0.0,0.0
2024-12-30 23:00:00,43.10054790062791,3.464924346935606,60.0,39.635623553692305,0.0,0.0,0.0
2024-12-31 00:00:00,43.1005479006279,0.11925993669614952,60.0,42.981287963931756,0.0,0.0,0.0
2024-12-31 01:00:00,43.1005479006279,0.4042399259859987,60.0,42.696307974641904,0.0,0.0,0.0
2024-12-31 02:00:00,43.1005479006279,1.242717077397027,60.0,41.85783082323088,0.0,0.0,0.0
2024-12-31 03:00:00,43.1005479006279,3.464924346935606,60.0,39.6356235536923,0.0,0.0,0.0
2024-12-31 04:00:00,43.1005479006279,8.762008626329829,60.0,34.33853927429807,0.0,0.0,0.0
2024-12-31 05:00:00,43.1005479006279,20.095648496331947,60.0,23.004899404295955,0.0,0.0,0.0
2024-12-31 06:00:00,161.62705462735462,41.80120529431809,60.0,119.82584933303653,0.0,0.0,0.0
2024-12-31 07:00:00,538.7568487578487,78.861314643261,60.0,459.89553411458775,0.0,0.0,0.0
2024-12-31 08:00:00,538.7568487578487,134.93594359023035,60.0,403.8209051676184,0.0,0.0,0.0
2024-12-31 09:00:00,538.7568487578487,209.40146590372873,60.0,329.35538285411997,0.0,0.0,0.0
2024-12-31 10:00:00,431.005479006279,294.7271973979516,60.0,136.2782816083274,0.0,0.0,0.0
2024-12-31 11:00:00,431.005479006279,376.2262905421929,60.0,54.77918846408613,0.0,0.0,0.0
2024-12-31 12:00:00,431.005479006279,435.5785615363763,64.33840701690988,0.0,0.0,4.573082530097281,0.0
2024-12-31 13:00:00,431.005479006279,457.3748516129032,89.35459038888501,0.0,0.0,26.36937260662421,0.0
2024-12-31 14:00:00,431.005479006279,435.5785615363763,93.6929974057949,0.0,0.0,4.573082530097281,0.0
2024-12-31 15:00:00,431.005479006279,376.2262905421929,60.0,22.815204563949223,0.0,0.0,31.96398390013691
2024-12-31 16:00:00,431.005479006279,294.7271973979516,60.0,136.2782816083274,0.0,0.0,0.0
2024-12-31 17:00:00,431.005479006279,209.40146590372873,60.0,221.60401310255028,0.0,0.0,0.0
2024-12-31 18:00:00,323.25410925470925,134.93594359023035,60.0,188.3181656644789,0.0,0.0,0.0
2024-12-31 19:00:00,323.25410925470925,78.861314643261,60.0,244.39279461144827,0.0,0.0,0.0
2024-12-31 20:00:00,134.68921218946218,41.80120529431809,60.0,92.88800689514409,0.0,0.0,0.0
2024-12-31 21:00:00,134.68921218946218,20.095648496331947,60.0,114.59356369313024,0.0,0.0,0.0
2024-12-31 22:00:00,134.68921218946218,8.762008626329829,60.0,125.92720356313235,0.0,0.0,0.0
2024-12-31 23:00:00,43.1005479006279,3.464924346935606,60.0,39.6356235536923,0.0,0.0,0.0
